ticker,last_price,bid_price,ask_price,BUY_ANON,SELL_ANON,SELL_UOTB-D,BUY_UOTB-P,BUY_UOTB-D,SELL_UOTB-T1,SELL_UOTB-P,SELL_BABS-P,tick,timestamp,news_news_id,news_period,news_tick,news_ticker,news_headline,news_body
NG,1.99,1.97,2.01,800000.0,800000.0,0.0,0.0,0.0,0.0,0.0,0.0,1.0,2026-02-04 16:26:38.769821,23,4,180,,SPOT PRICE AND VOLUMES FOR DAY 5,The Regulatory Authority for Electricity board decided that on day 5 the following prices and volumes will be enforced:<br><br>364 contracts are available for market participants to buy at a price of $20.77<br><br>364 contracts are available for market participants to sell at a price of $20.76
ELEC-day2,20.0,0.0,0.0,,,0.0,0.0,0.0,0.0,0.0,0.0,1.0,2026-02-04 16:26:38.769821,22,4,149,,PRICE AND VOLUME BULLETIN,"Given the expected supply and demand in the market, the Regulatory Authority for Electricity board expects that the price for tomorrow will be between $17.34 and $26.34.<br><br>There will be 728 contracts available in the entire ELEC market, 364 contracts for buying and 364 contracts for selling. There are a total of 19 Producers, 19 Distributors and 38 Traders in the market.<br><br>Please note that the RAE will charge a bid-ask spread of 1 cent"
ELEC-day3,19.57,0.0,0.0,,,0.0,0.0,0.0,0.0,0.0,0.0,1.0,2026-02-04 16:26:38.769821,21,4,149,,TEMPERATURE Forecast for DAY 5,The average temperature tomorrow will be 18 degrees Celsius.
ELEC-day4,20.76,0.0,0.0,,,0.0,0.0,0.0,0.0,0.0,0.0,1.0,2026-02-04 16:26:38.769821,20,4,89,,TEMPERATURE Forecast for DAY 5,The average temperature tomorrow is forecasted to be between 11 and 19 degrees Celsius.
ELEC-day5,0.0,20.76,20.77,364.0,364.0,0.0,0.0,0.0,0.0,0.0,0.0,1.0,2026-02-04 16:26:38.769821,19,4,1,,TEMPERATURE Forecast for DAY 5,The average temperature tomorrow is forecasted to be between 12 and 21 degrees Celsius.
ELEC-day6,0.0,0.0,0.0,,,0.0,0.0,0.0,0.0,0.0,0.0,1.0,2026-02-04 16:26:38.769821,18,3,180,,SPOT PRICE AND VOLUMES FOR DAY 4,The Regulatory Authority for Electricity board decided that on day 4 the following prices and volumes will be enforced:<br><br>364 contracts are available for market participants to buy at a price of $20.77<br><br>364 contracts are available for market participants to sell at a price of $20.76
ELEC-F,15.0,0.0,0.0,,,0.0,0.0,0.0,0.0,0.0,0.0,1.0,2026-02-04 16:26:38.769821,17,3,149,,PRICE AND VOLUME BULLETIN,"Given the expected supply and demand in the market, the Regulatory Authority for Electricity board expects that the price for tomorrow will be between $18.11 and $23.11.<br><br>There will be 728 contracts available in the entire ELEC market, 364 contracts for buying and 364 contracts for selling. There are a total of 19 Producers, 19 Distributors and 38 Traders in the market.<br><br>Please note that the RAE will charge a bid-ask spread of 1 cent"
,,,,,,,,,,,,,,16,3,149,,TEMPERATURE Forecast for DAY 4,The average temperature tomorrow will be 22 degrees Celsius.
,,,,,,,,,,,,,,15,3,89,,TEMPERATURE Forecast for DAY 4,The average temperature tomorrow is forecasted to be between 22 and 27 degrees Celsius.
,,,,,,,,,,,,,,14,3,1,,TEMPERATURE Forecast for DAY 4,The average temperature tomorrow is forecasted to be between 15 and 23 degrees Celsius.
,,,,,,,,,,,,,,13,2,180,,SPOT PRICE AND VOLUMES FOR DAY 3,The Regulatory Authority for Electricity board decided that on day 3 the following prices and volumes will be enforced:<br><br>288 contracts are available for market participants to buy at a price of $19.58<br><br>288 contracts are available for market participants to sell at a price of $19.57
,,,,,,,,,,,,,,12,2,149,,PRICE AND VOLUME BULLETIN,"Given the expected supply and demand in the market, the Regulatory Authority for Electricity board expects that the price for tomorrow will be between $16.69 and $24.69.<br><br>There will be 576 contracts available in the entire ELEC market, 288 contracts for buying and 288 contracts for selling. There are a total of 19 Producers, 19 Distributors and 38 Traders in the market.<br><br>Please note that the RAE will charge a bid-ask spread of 1 cent"
,,,,,,,,,,,,,,11,2,149,,TEMPERATURE Forecast for DAY 3,The average temperature tomorrow will be 14 degrees Celsius.
,,,,,,,,,,,,,,10,2,89,,TEMPERATURE Forecast for DAY 3,The average temperature tomorrow is forecasted to be between 9 and 14 degrees Celsius.
,,,,,,,,,,,,,,9,2,1,,TEMPERATURE Forecast for DAY 3,The average temperature tomorrow is forecasted to be between 8 and 16 degrees Celsius.
,,,,,,,,,,,,,,8,1,180,,SPOT PRICE AND VOLUMES FOR DAY 2,The Regulatory Authority for Electricity board decided that on day 2 the following prices and volumes will be enforced:<br><br>250 contracts are available for market participants to buy at a price of $20.01<br><br>250 contracts are available for market participants to sell at a price of $20.00
,,,,,,,,,,,,,,7,1,149,,PRICE AND VOLUME BULLETIN,"Given the expected supply and demand in the market, the Regulatory Authority for Electricity board expects that the price for tomorrow will be between $17.00 and $22.00.<br><br>There will be 500 contracts available in the entire ELEC market, 250 contracts for buying and 250 contracts for selling. There are a total of 19 Producers, 19 Distributors and 38 Traders in the market.<br><br>Please note that the RAE will charge a bid-ask spread of 1 cent"
,,,,,,,,,,,,,,6,1,149,,TEMPERATURE Forecast for DAY 2,The average temperature tomorrow will be 29 degrees Celsius.
,,,,,,,,,,,,,,5,1,89,,TEMPERATURE Forecast for DAY 2,The average temperature tomorrow is forecasted to be between 28 and 36 degrees Celsius.
,,,,,,,,,,,,,,4,1,1,,TEMPERATURE Forecast for DAY 2,The average temperature tomorrow is forecasted to be between 27 and 34 degrees Celsius.
NG,2.0,1.98,2.02,800000.0,800000.0,0,0,0,0,0,0,2,2026-02-04 16:26:39.956662,24.0,5.0,1.0,,TEMPERATURE Forecast for DAY 6,The average temperature tomorrow is forecasted to be between 17 and 26 degrees Celsius.
ELEC-day2,20.0,0.0,0.0,,,0,0,0,0,0,0,2,2026-02-04 16:26:39.956662,,,,,,
ELEC-day3,19.57,0.0,0.0,,,0,0,0,0,0,0,2,2026-02-04 16:26:39.956662,,,,,,
ELEC-day4,20.76,0.0,0.0,,,0,0,0,0,0,0,2,2026-02-04 16:26:39.956662,,,,,,
ELEC-day5,0.0,20.76,20.77,364.0,364.0,0,0,0,0,0,0,2,2026-02-04 16:26:39.956662,,,,,,
ELEC-day6,0.0,0.0,0.0,,,0,0,0,0,0,0,2,2026-02-04 16:26:39.956662,,,,,,
ELEC-F,15.0,0.0,0.0,,,0,0,0,0,0,0,2,2026-02-04 16:26:39.956662,,,,,,
NG,2.0,1.98,2.02,800000.0,800000.0,0,0,0,0,0,0,3,2026-02-04 16:26:40.543056
ELEC-day2,20.0,0.0,0.0,,,0,0,0,0,0,0,3,2026-02-04 16:26:40.543056
ELEC-day3,19.57,0.0,0.0,,,0,0,0,0,0,0,3,2026-02-04 16:26:40.543056
ELEC-day4,20.76,0.0,0.0,,,0,0,0,0,0,0,3,2026-02-04 16:26:40.543056
ELEC-day5,0.0,20.76,20.77,364.0,364.0,0,0,0,0,0,0,3,2026-02-04 16:26:40.543056
ELEC-day6,0.0,0.0,0.0,,,0,0,0,0,0,0,3,2026-02-04 16:26:40.543056
ELEC-F,15.0,0.0,0.0,,,0,0,0,0,0,0,3,2026-02-04 16:26:40.543056
NG,2.0,1.98,2.02,800000.0,800000.0,0,0,0,0,0,0,4,2026-02-04 16:26:41.689061
ELEC-day2,20.0,0.0,0.0,,,0,0,0,0,0,0,4,2026-02-04 16:26:41.689061
ELEC-day3,19.57,0.0,0.0,,,0,0,0,0,0,0,4,2026-02-04 16:26:41.689061
ELEC-day4,20.76,0.0,0.0,,,0,0,0,0,0,0,4,2026-02-04 16:26:41.689061
ELEC-day5,0.0,20.76,20.77,364.0,364.0,0,0,0,0,0,0,4,2026-02-04 16:26:41.689061
ELEC-day6,0.0,0.0,0.0,,,0,0,0,0,0,0,4,2026-02-04 16:26:41.689061
ELEC-F,15.0,0.0,0.0,,,0,0,0,0,0,0,4,2026-02-04 16:26:41.689061
NG,1.99,1.97,2.01,800000.0,800000.0,0,0,0,0,0,0,5,2026-02-04 16:26:42.771793
ELEC-day2,20.0,0.0,0.0,,,0,0,0,0,0,0,5,2026-02-04 16:26:42.771793
ELEC-day3,19.57,0.0,0.0,,,0,0,0,0,0,0,5,2026-02-04 16:26:42.771793
ELEC-day4,20.76,0.0,0.0,,,0,0,0,0,0,0,5,2026-02-04 16:26:42.771793
ELEC-day5,0.0,20.76,20.77,364.0,364.0,0,0,0,0,0,0,5,2026-02-04 16:26:42.771793
ELEC-day6,0.0,0.0,0.0,,,0,0,0,0,0,0,5,2026-02-04 16:26:42.771793
ELEC-F,15.0,0.0,0.0,,,0,0,0,0,0,0,5,2026-02-04 16:26:42.771793
NG,1.99,1.97,2.01,800000.0,800000.0,0,0,0,0,0,0,6,2026-02-04 16:26:43.820525
ELEC-day2,20.0,0.0,0.0,,,0,0,0,0,0,0,6,2026-02-04 16:26:43.820525
ELEC-day3,19.57,0.0,0.0,,,0,0,0,0,0,0,6,2026-02-04 16:26:43.820525
ELEC-day4,20.76,0.0,0.0,,,0,0,0,0,0,0,6,2026-02-04 16:26:43.820525
ELEC-day5,0.0,20.76,20.77,364.0,364.0,0,0,0,0,0,0,6,2026-02-04 16:26:43.820525
ELEC-day6,0.0,0.0,0.0,,,0,0,0,0,0,0,6,2026-02-04 16:26:43.820525
ELEC-F,15.0,0.0,0.0,,,0,0,0,0,0,0,6,2026-02-04 16:26:43.820525
NG,1.99,1.97,2.01,800000.0,800000.0,0,0,0,0,0,0,7,2026-02-04 16:26:44.865246
ELEC-day2,20.0,0.0,0.0,,,0,0,0,0,0,0,7,2026-02-04 16:26:44.865246
ELEC-day3,19.57,0.0,0.0,,,0,0,0,0,0,0,7,2026-02-04 16:26:44.865246
ELEC-day4,20.76,0.0,0.0,,,0,0,0,0,0,0,7,2026-02-04 16:26:44.865246
ELEC-day5,0.0,20.76,20.77,364.0,364.0,0,0,0,0,0,0,7,2026-02-04 16:26:44.865246
ELEC-day6,0.0,0.0,0.0,,,0,0,0,0,0,0,7,2026-02-04 16:26:44.865246
ELEC-F,15.0,0.0,0.0,,,0,0,0,0,0,0,7,2026-02-04 16:26:44.865246
NG,2.0,1.98,2.02,800000.0,800000.0,0,0,0,0,0,0,8,2026-02-04 16:26:45.911463
ELEC-day2,20.0,0.0,0.0,,,0,0,0,0,0,0,8,2026-02-04 16:26:45.911463
ELEC-day3,19.57,0.0,0.0,,,0,0,0,0,0,0,8,2026-02-04 16:26:45.911463
ELEC-day4,20.76,0.0,0.0,,,0,0,0,0,0,0,8,2026-02-04 16:26:45.911463
ELEC-day5,0.0,20.76,20.77,364.0,364.0,0,0,0,0,0,0,8,2026-02-04 16:26:45.911463
ELEC-day6,0.0,0.0,0.0,,,0,0,0,0,0,0,8,2026-02-04 16:26:45.911463
ELEC-F,15.0,0.0,0.0,,,0,0,0,0,0,0,8,2026-02-04 16:26:45.911463
NG,2.0,1.98,2.02,800000.0,800000.0,0,0,0,0,0,0,9,2026-02-04 16:26:46.951079
ELEC-day2,20.0,0.0,0.0,,,0,0,0,0,0,0,9,2026-02-04 16:26:46.951079
ELEC-day3,19.57,0.0,0.0,,,0,0,0,0,0,0,9,2026-02-04 16:26:46.951079
ELEC-day4,20.76,0.0,0.0,,,0,0,0,0,0,0,9,2026-02-04 16:26:46.951079
ELEC-day5,0.0,20.76,20.77,364.0,364.0,0,0,0,0,0,0,9,2026-02-04 16:26:46.951079
ELEC-day6,0.0,0.0,0.0,,,0,0,0,0,0,0,9,2026-02-04 16:26:46.951079
ELEC-F,15.0,0.0,0.0,,,0,0,0,0,0,0,9,2026-02-04 16:26:46.951079
NG,2.0,1.98,2.02,800000.0,800000.0,0,0,0,0,0,0,10,2026-02-04 16:26:47.985593
ELEC-day2,20.0,0.0,0.0,,,0,0,0,0,0,0,10,2026-02-04 16:26:47.985593
ELEC-day3,19.57,0.0,0.0,,,0,0,0,0,0,0,10,2026-02-04 16:26:47.985593
ELEC-day4,20.76,0.0,0.0,,,0,0,0,0,0,0,10,2026-02-04 16:26:47.985593
ELEC-day5,0.0,20.76,20.77,364.0,364.0,0,0,0,0,0,0,10,2026-02-04 16:26:47.985593
ELEC-day6,0.0,0.0,0.0,,,0,0,0,0,0,0,10,2026-02-04 16:26:47.985593
ELEC-F,15.0,0.0,0.0,,,0,0,0,0,0,0,10,2026-02-04 16:26:47.985593
NG,2.01,1.99,2.03,800000.0,800000.0,0,0,0,0,0,0,11,2026-02-04 16:26:48.654858
ELEC-day2,20.0,0.0,0.0,,,0,0,0,0,0,0,11,2026-02-04 16:26:48.654858
ELEC-day3,19.57,0.0,0.0,,,0,0,0,0,0,0,11,2026-02-04 16:26:48.654858
ELEC-day4,20.76,0.0,0.0,,,0,0,0,0,0,0,11,2026-02-04 16:26:48.654858
ELEC-day5,0.0,20.76,20.77,364.0,364.0,0,0,0,0,0,0,11,2026-02-04 16:26:48.654858
ELEC-day6,0.0,0.0,0.0,,,0,0,0,0,0,0,11,2026-02-04 16:26:48.654858
ELEC-F,15.0,0.0,0.0,,,0,0,0,0,0,0,11,2026-02-04 16:26:48.654858
NG,2.01,1.99,2.03,800000.0,800000.0,0,0,0,0,0,0,12,2026-02-04 16:26:49.709318
ELEC-day2,20.0,0.0,0.0,,,0,0,0,0,0,0,12,2026-02-04 16:26:49.709318
ELEC-day3,19.57,0.0,0.0,,,0,0,0,0,0,0,12,2026-02-04 16:26:49.709318
ELEC-day4,20.76,0.0,0.0,,,0,0,0,0,0,0,12,2026-02-04 16:26:49.709318
ELEC-day5,0.0,20.76,20.77,364.0,364.0,0,0,0,0,0,0,12,2026-02-04 16:26:49.709318
ELEC-day6,0.0,0.0,0.0,,,0,0,0,0,0,0,12,2026-02-04 16:26:49.709318
ELEC-F,15.0,0.0,0.0,,,0,0,0,0,0,0,12,2026-02-04 16:26:49.709318
NG,2.02,2.0,2.04,800000.0,800000.0,0,0,0,0,0,0,13,2026-02-04 16:26:50.747160
ELEC-day2,20.0,0.0,0.0,,,0,0,0,0,0,0,13,2026-02-04 16:26:50.747160
ELEC-day3,19.57,0.0,0.0,,,0,0,0,0,0,0,13,2026-02-04 16:26:50.747160
ELEC-day4,20.76,0.0,0.0,,,0,0,0,0,0,0,13,2026-02-04 16:26:50.747160
ELEC-day5,0.0,20.76,20.77,364.0,364.0,0,0,0,0,0,0,13,2026-02-04 16:26:50.747160
ELEC-day6,0.0,0.0,0.0,,,0,0,0,0,0,0,13,2026-02-04 16:26:50.747160
ELEC-F,15.0,0.0,0.0,,,0,0,0,0,0,0,13,2026-02-04 16:26:50.747160
NG,2.02,2.0,2.04,800000.0,800000.0,0,0,0,0,0,0,14,2026-02-04 16:26:51.794499
ELEC-day2,20.0,0.0,0.0,,,0,0,0,0,0,0,14,2026-02-04 16:26:51.794499
ELEC-day3,19.57,0.0,0.0,,,0,0,0,0,0,0,14,2026-02-04 16:26:51.794499
ELEC-day4,20.76,0.0,0.0,,,0,0,0,0,0,0,14,2026-02-04 16:26:51.794499
ELEC-day5,0.0,20.76,20.77,364.0,364.0,0,0,0,0,0,0,14,2026-02-04 16:26:51.794499
ELEC-day6,0.0,0.0,0.0,,,0,0,0,0,0,0,14,2026-02-04 16:26:51.794499
ELEC-F,15.0,0.0,0.0,,,0,0,0,0,0,0,14,2026-02-04 16:26:51.794499
NG,2.0,1.98,2.02,800000.0,800000.0,0,0,0,0,0,0,15,2026-02-04 16:26:52.832381
ELEC-day2,20.0,0.0,0.0,,,0,0,0,0,0,0,15,2026-02-04 16:26:52.832381
ELEC-day3,19.57,0.0,0.0,,,0,0,0,0,0,0,15,2026-02-04 16:26:52.832381
ELEC-day4,20.76,0.0,0.0,,,0,0,0,0,0,0,15,2026-02-04 16:26:52.832381
ELEC-day5,0.0,20.76,20.77,364.0,364.0,0,0,0,0,0,0,15,2026-02-04 16:26:52.832381
ELEC-day6,0.0,0.0,0.0,,,0,0,0,0,0,0,15,2026-02-04 16:26:52.832381
ELEC-F,15.0,0.0,0.0,,,0,0,0,0,0,0,15,2026-02-04 16:26:52.832381
NG,2.01,1.99,2.03,800000.0,800000.0,0,0,0,0,0,0,16,2026-02-04 16:26:53.873876
ELEC-day2,20.0,0.0,0.0,,,0,0,0,0,0,0,16,2026-02-04 16:26:53.873876
ELEC-day3,19.57,0.0,0.0,,,0,0,0,0,0,0,16,2026-02-04 16:26:53.873876
ELEC-day4,20.76,0.0,0.0,,,0,0,0,0,0,0,16,2026-02-04 16:26:53.873876
ELEC-day5,0.0,20.76,20.77,364.0,364.0,0,0,0,0,0,0,16,2026-02-04 16:26:53.873876
ELEC-day6,0.0,0.0,0.0,,,0,0,0,0,0,0,16,2026-02-04 16:26:53.873876
ELEC-F,15.0,0.0,0.0,,,0,0,0,0,0,0,16,2026-02-04 16:26:53.873876
NG,2.01,1.99,2.03,800000.0,800000.0,0,0,0,0,0,0,17,2026-02-04 16:26:54.912150
ELEC-day2,20.0,0.0,0.0,,,0,0,0,0,0,0,17,2026-02-04 16:26:54.912150
ELEC-day3,19.57,0.0,0.0,,,0,0,0,0,0,0,17,2026-02-04 16:26:54.912150
ELEC-day4,20.76,0.0,0.0,,,0,0,0,0,0,0,17,2026-02-04 16:26:54.912150
ELEC-day5,0.0,20.76,20.77,364.0,364.0,0,0,0,0,0,0,17,2026-02-04 16:26:54.912150
ELEC-day6,0.0,0.0,0.0,,,0,0,0,0,0,0,17,2026-02-04 16:26:54.912150
ELEC-F,15.0,0.0,0.0,,,0,0,0,0,0,0,17,2026-02-04 16:26:54.912150
NG,2.01,1.99,2.03,800000.0,800000.0,0,0,0,0,0,0,18,2026-02-04 16:26:55.960098
ELEC-day2,20.0,0.0,0.0,,,0,0,0,0,0,0,18,2026-02-04 16:26:55.960098
ELEC-day3,19.57,0.0,0.0,,,0,0,0,0,0,0,18,2026-02-04 16:26:55.960098
ELEC-day4,20.76,0.0,0.0,,,0,0,0,0,0,0,18,2026-02-04 16:26:55.960098
ELEC-day5,0.0,20.76,20.77,364.0,364.0,0,0,0,0,0,0,18,2026-02-04 16:26:55.960098
ELEC-day6,0.0,0.0,0.0,,,0,0,0,0,0,0,18,2026-02-04 16:26:55.960098
ELEC-F,15.0,0.0,0.0,,,0,0,0,0,0,0,18,2026-02-04 16:26:55.960098
NG,2.01,1.99,2.03,800000.0,800000.0,0,0,0,0,0,0,19,2026-02-04 16:26:57.012346
ELEC-day2,20.0,0.0,0.0,,,0,0,0,0,0,0,19,2026-02-04 16:26:57.012346
ELEC-day3,19.57,0.0,0.0,,,0,0,0,0,0,0,19,2026-02-04 16:26:57.012346
ELEC-day4,20.76,0.0,0.0,,,0,0,0,0,0,0,19,2026-02-04 16:26:57.012346
ELEC-day5,0.0,20.76,20.77,364.0,364.0,0,0,0,0,0,0,19,2026-02-04 16:26:57.012346
ELEC-day6,0.0,0.0,0.0,,,0,0,0,0,0,0,19,2026-02-04 16:26:57.012346
ELEC-F,15.0,0.0,0.0,,,0,0,0,0,0,0,19,2026-02-04 16:26:57.012346
NG,2.02,2.0,2.04,800000.0,800000.0,0,0,0,0,0,0,20,2026-02-04 16:26:58.116437
ELEC-day2,20.0,0.0,0.0,,,0,0,0,0,0,0,20,2026-02-04 16:26:58.116437
ELEC-day3,19.57,0.0,0.0,,,0,0,0,0,0,0,20,2026-02-04 16:26:58.116437
ELEC-day4,20.76,0.0,0.0,,,0,0,0,0,0,0,20,2026-02-04 16:26:58.116437
ELEC-day5,0.0,20.76,20.77,364.0,364.0,0,0,0,0,0,0,20,2026-02-04 16:26:58.116437
ELEC-day6,0.0,0.0,0.0,,,0,0,0,0,0,0,20,2026-02-04 16:26:58.116437
ELEC-F,15.0,0.0,0.0,,,0,0,0,0,0,0,20,2026-02-04 16:26:58.116437
NG,2.03,2.01,2.05,800000.0,800000.0,0,0,0,0,0,0,21,2026-02-04 16:26:58.657578
ELEC-day2,20.0,0.0,0.0,,,0,0,0,0,0,0,21,2026-02-04 16:26:58.657578
ELEC-day3,19.57,0.0,0.0,,,0,0,0,0,0,0,21,2026-02-04 16:26:58.657578
ELEC-day4,20.76,0.0,0.0,,,0,0,0,0,0,0,21,2026-02-04 16:26:58.657578
ELEC-day5,0.0,20.76,20.77,364.0,364.0,0,0,0,0,0,0,21,2026-02-04 16:26:58.657578
ELEC-day6,0.0,0.0,0.0,,,0,0,0,0,0,0,21,2026-02-04 16:26:58.657578
ELEC-F,15.0,0.0,0.0,,,0,0,0,0,0,0,21,2026-02-04 16:26:58.657578
NG,2.02,2.0,2.04,800000.0,800000.0,0,0,0,0,0,0,22,2026-02-04 16:26:59.788684
ELEC-day2,20.0,0.0,0.0,,,0,0,0,0,0,0,22,2026-02-04 16:26:59.788684
ELEC-day3,19.57,0.0,0.0,,,0,0,0,0,0,0,22,2026-02-04 16:26:59.788684
ELEC-day4,20.76,0.0,0.0,,,0,0,0,0,0,0,22,2026-02-04 16:26:59.788684
ELEC-day5,20.77,20.76,20.77,364.0,364.0,0,0,0,0,0,0,22,2026-02-04 16:26:59.788684
ELEC-day6,0.0,0.0,0.0,,,0,0,0,0,0,0,22,2026-02-04 16:26:59.788684
ELEC-F,15.0,0.0,0.0,,,0,0,0,0,0,0,22,2026-02-04 16:26:59.788684
NG,2.01,1.99,2.03,800000.0,800000.0,0,0,0,0,0,0,23,2026-02-04 16:27:00.864046
ELEC-day2,20.0,0.0,0.0,,,0,0,0,0,0,0,23,2026-02-04 16:27:00.864046
ELEC-day3,19.57,0.0,0.0,,,0,0,0,0,0,0,23,2026-02-04 16:27:00.864046
ELEC-day4,20.76,0.0,0.0,,,0,0,0,0,0,0,23,2026-02-04 16:27:00.864046
ELEC-day5,20.77,20.76,20.77,364.0,364.0,0,0,0,0,0,0,23,2026-02-04 16:27:00.864046
ELEC-day6,0.0,0.0,0.0,,,0,0,0,0,0,0,23,2026-02-04 16:27:00.864046
ELEC-F,15.0,0.0,0.0,,,0,0,0,0,0,0,23,2026-02-04 16:27:00.864046
NG,2.01,1.99,2.03,800000.0,800000.0,0,0,0,0,0,0,24,2026-02-04 16:27:01.909029
ELEC-day2,20.0,0.0,0.0,,,0,0,0,0,0,0,24,2026-02-04 16:27:01.909029
ELEC-day3,19.57,0.0,0.0,,,0,0,0,0,0,0,24,2026-02-04 16:27:01.909029
ELEC-day4,20.76,0.0,0.0,,,0,0,0,0,0,0,24,2026-02-04 16:27:01.909029
ELEC-day5,20.77,20.76,20.77,364.0,364.0,0,0,0,0,0,0,24,2026-02-04 16:27:01.909029
ELEC-day6,0.0,0.0,0.0,,,0,0,0,0,0,0,24,2026-02-04 16:27:01.909029
ELEC-F,15.0,0.0,0.0,,,0,0,0,0,0,0,24,2026-02-04 16:27:01.909029
NG,2.01,1.99,2.03,800000.0,800000.0,0,0,0,0,0,0,25,2026-02-04 16:27:02.943729
ELEC-day2,20.0,0.0,0.0,,,0,0,0,0,0,0,25,2026-02-04 16:27:02.943729
ELEC-day3,19.57,0.0,0.0,,,0,0,0,0,0,0,25,2026-02-04 16:27:02.943729
ELEC-day4,20.76,0.0,0.0,,,0,0,0,0,0,0,25,2026-02-04 16:27:02.943729
ELEC-day5,20.77,20.76,20.77,364.0,364.0,0,0,0,0,0,0,25,2026-02-04 16:27:02.943729
ELEC-day6,0.0,0.0,0.0,,,0,0,0,0,0,0,25,2026-02-04 16:27:02.943729
ELEC-F,15.0,0.0,0.0,,,0,0,0,0,0,0,25,2026-02-04 16:27:02.943729
NG,2.01,1.99,2.03,800000.0,800000.0,0,0,0,0,0,0,26,2026-02-04 16:27:03.986629
ELEC-day2,20.0,0.0,0.0,,,0,0,0,0,0,0,26,2026-02-04 16:27:03.986629
ELEC-day3,19.57,0.0,0.0,,,0,0,0,0,0,0,26,2026-02-04 16:27:03.986629
ELEC-day4,20.76,0.0,0.0,,,0,0,0,0,0,0,26,2026-02-04 16:27:03.986629
ELEC-day5,20.77,20.76,20.77,364.0,364.0,0,0,0,0,0,0,26,2026-02-04 16:27:03.986629
ELEC-day6,0.0,0.0,0.0,,,0,0,0,0,0,0,26,2026-02-04 16:27:03.986629
ELEC-F,15.0,0.0,0.0,,,0,0,0,0,0,0,26,2026-02-04 16:27:03.986629
NG,2.02,2.0,2.04,800000.0,800000.0,0,0,0,0,0,0,27,2026-02-04 16:27:05.027871
ELEC-day2,20.0,0.0,0.0,,,0,0,0,0,0,0,27,2026-02-04 16:27:05.027871
ELEC-day3,19.57,0.0,0.0,,,0,0,0,0,0,0,27,2026-02-04 16:27:05.027871
ELEC-day4,20.76,0.0,0.0,,,0,0,0,0,0,0,27,2026-02-04 16:27:05.027871
ELEC-day5,20.77,20.76,20.77,364.0,364.0,0,0,0,0,0,0,27,2026-02-04 16:27:05.027871
ELEC-day6,0.0,0.0,0.0,,,0,0,0,0,0,0,27,2026-02-04 16:27:05.027871
ELEC-F,15.0,0.0,0.0,,,0,0,0,0,0,0,27,2026-02-04 16:27:05.027871
NG,2.03,2.01,2.05,800000.0,800000.0,0,0,0,0,0,0,28,2026-02-04 16:27:06.064260
ELEC-day2,20.0,0.0,0.0,,,0,0,0,0,0,0,28,2026-02-04 16:27:06.064260
ELEC-day3,19.57,0.0,0.0,,,0,0,0,0,0,0,28,2026-02-04 16:27:06.064260
ELEC-day4,20.76,0.0,0.0,,,0,0,0,0,0,0,28,2026-02-04 16:27:06.064260
ELEC-day5,20.77,20.76,20.77,364.0,364.0,0,0,0,0,0,0,28,2026-02-04 16:27:06.064260
ELEC-day6,0.0,0.0,0.0,,,0,0,0,0,0,0,28,2026-02-04 16:27:06.064260
ELEC-F,15.0,0.0,0.0,,,0,0,0,0,0,0,28,2026-02-04 16:27:06.064260
NG,2.02,2.0,2.04,800000.0,800000.0,0,0,0,0,0,0,29,2026-02-04 16:27:07.182037
ELEC-day2,20.0,0.0,0.0,,,0,0,0,0,0,0,29,2026-02-04 16:27:07.182037
ELEC-day3,19.57,0.0,0.0,,,0,0,0,0,0,0,29,2026-02-04 16:27:07.182037
ELEC-day4,20.76,0.0,0.0,,,0,0,0,0,0,0,29,2026-02-04 16:27:07.182037
ELEC-day5,20.77,20.76,20.77,364.0,364.0,0,0,0,0,0,0,29,2026-02-04 16:27:07.182037
ELEC-day6,0.0,0.0,0.0,,,0,0,0,0,0,0,29,2026-02-04 16:27:07.182037
ELEC-F,15.0,0.0,0.0,,,0,0,0,0,0,0,29,2026-02-04 16:27:07.182037
NG,2.02,2.0,2.04,800000.0,800000.0,0,0,0,0,0,0,30,2026-02-04 16:27:07.730418
ELEC-day2,20.0,0.0,0.0,,,0,0,0,0,0,0,30,2026-02-04 16:27:07.730418
ELEC-day3,19.57,0.0,0.0,,,0,0,0,0,0,0,30,2026-02-04 16:27:07.730418
ELEC-day4,20.76,0.0,0.0,,,0,0,0,0,0,0,30,2026-02-04 16:27:07.730418
ELEC-day5,20.77,20.76,20.77,364.0,364.0,0,0,0,0,0,0,30,2026-02-04 16:27:07.730418
ELEC-day6,0.0,0.0,0.0,,,0,0,0,0,0,0,30,2026-02-04 16:27:07.730418
ELEC-F,15.0,0.0,0.0,,,0,0,0,0,0,0,30,2026-02-04 16:27:07.730418
NG,2.03,2.01,2.05,800000.0,800000.0,0,0,0,0,0,0,31,2026-02-04 16:27:08.887384
ELEC-day2,20.0,0.0,0.0,,,0,0,0,0,0,0,31,2026-02-04 16:27:08.887384
ELEC-day3,19.57,0.0,0.0,,,0,0,0,0,0,0,31,2026-02-04 16:27:08.887384
ELEC-day4,20.76,0.0,0.0,,,0,0,0,0,0,0,31,2026-02-04 16:27:08.887384
ELEC-day5,20.77,20.76,20.77,364.0,364.0,0,0,0,0,0,0,31,2026-02-04 16:27:08.887384
ELEC-day6,0.0,0.0,0.0,,,0,0,0,0,0,0,31,2026-02-04 16:27:08.887384
ELEC-F,15.0,0.0,0.0,,,0,0,0,0,0,0,31,2026-02-04 16:27:08.887384
NG,2.02,2.0,2.04,800000.0,800000.0,0,0,0,0,0,0,32,2026-02-04 16:27:09.941035
ELEC-day2,20.0,0.0,0.0,,,0,0,0,0,0,0,32,2026-02-04 16:27:09.941035
ELEC-day3,19.57,0.0,0.0,,,0,0,0,0,0,0,32,2026-02-04 16:27:09.941035
ELEC-day4,20.76,0.0,0.0,,,0,0,0,0,0,0,32,2026-02-04 16:27:09.941035
ELEC-day5,20.77,20.76,20.77,364.0,364.0,0,0,0,0,0,0,32,2026-02-04 16:27:09.941035
ELEC-day6,0.0,0.0,0.0,,,0,0,0,0,0,0,32,2026-02-04 16:27:09.941035
ELEC-F,15.0,0.0,0.0,,,0,0,0,0,0,0,32,2026-02-04 16:27:09.941035
NG,2.03,2.01,2.05,800000.0,800000.0,0,0,0,0,0,0,33,2026-02-04 16:27:11.102850
ELEC-day2,20.0,0.0,0.0,,,0,0,0,0,0,0,33,2026-02-04 16:27:11.102850
ELEC-day3,19.57,0.0,0.0,,,0,0,0,0,0,0,33,2026-02-04 16:27:11.102850
ELEC-day4,20.76,0.0,0.0,,,0,0,0,0,0,0,33,2026-02-04 16:27:11.102850
ELEC-day5,20.77,20.76,20.77,364.0,364.0,0,0,0,0,0,0,33,2026-02-04 16:27:11.102850
ELEC-day6,0.0,0.0,0.0,,,0,0,0,0,0,0,33,2026-02-04 16:27:11.102850
ELEC-F,15.0,0.0,0.0,,,0,0,0,0,0,0,33,2026-02-04 16:27:11.102850
NG,2.04,2.02,2.06,800000.0,800000.0,0,0,0,0,0,0,34,2026-02-04 16:27:12.196174
ELEC-day2,20.0,0.0,0.0,,,0,0,0,0,0,0,34,2026-02-04 16:27:12.196174
ELEC-day3,19.57,0.0,0.0,,,0,0,0,0,0,0,34,2026-02-04 16:27:12.196174
ELEC-day4,20.76,0.0,0.0,,,0,0,0,0,0,0,34,2026-02-04 16:27:12.196174
ELEC-day5,20.77,20.76,20.77,364.0,364.0,0,0,0,0,0,0,34,2026-02-04 16:27:12.196174
ELEC-day6,0.0,0.0,0.0,,,0,0,0,0,0,0,34,2026-02-04 16:27:12.196174
ELEC-F,15.0,0.0,0.0,,,0,0,0,0,0,0,34,2026-02-04 16:27:12.196174
NG,2.05,2.03,2.07,800000.0,800000.0,0,0,0,0,0,0,35,2026-02-04 16:27:12.741728
ELEC-day2,20.0,0.0,0.0,,,0,0,0,0,0,0,35,2026-02-04 16:27:12.741728
ELEC-day3,19.57,0.0,0.0,,,0,0,0,0,0,0,35,2026-02-04 16:27:12.741728
ELEC-day4,20.76,0.0,0.0,,,0,0,0,0,0,0,35,2026-02-04 16:27:12.741728
ELEC-day5,20.77,20.76,20.77,364.0,364.0,0,0,0,0,0,0,35,2026-02-04 16:27:12.741728
ELEC-day6,0.0,0.0,0.0,,,0,0,0,0,0,0,35,2026-02-04 16:27:12.741728
ELEC-F,15.0,0.0,0.0,,,0,0,0,0,0,0,35,2026-02-04 16:27:12.741728
NG,2.05,2.03,2.07,800000.0,800000.0,0,0,0,0,0,0,36,2026-02-04 16:27:13.860561
ELEC-day2,20.0,0.0,0.0,,,0,0,0,0,0,0,36,2026-02-04 16:27:13.860561
ELEC-day3,19.57,0.0,0.0,,,0,0,0,0,0,0,36,2026-02-04 16:27:13.860561
ELEC-day4,20.76,0.0,0.0,,,0,0,0,0,0,0,36,2026-02-04 16:27:13.860561
ELEC-day5,20.77,20.76,20.77,364.0,364.0,0,0,0,0,0,0,36,2026-02-04 16:27:13.860561
ELEC-day6,0.0,0.0,0.0,,,0,0,0,0,0,0,36,2026-02-04 16:27:13.860561
ELEC-F,15.0,0.0,0.0,,,0,0,0,0,0,0,36,2026-02-04 16:27:13.860561
NG,2.05,2.03,2.07,800000.0,800000.0,0,0,0,0,0,0,37,2026-02-04 16:27:14.906826
ELEC-day2,20.0,0.0,0.0,,,0,0,0,0,0,0,37,2026-02-04 16:27:14.906826
ELEC-day3,19.57,0.0,0.0,,,0,0,0,0,0,0,37,2026-02-04 16:27:14.906826
ELEC-day4,20.76,0.0,0.0,,,0,0,0,0,0,0,37,2026-02-04 16:27:14.906826
ELEC-day5,20.77,20.76,20.77,364.0,364.0,0,0,0,0,0,0,37,2026-02-04 16:27:14.906826
ELEC-day6,0.0,0.0,0.0,,,0,0,0,0,0,0,37,2026-02-04 16:27:14.906826
ELEC-F,15.0,0.0,0.0,,,0,0,0,0,0,0,37,2026-02-04 16:27:14.906826
NG,2.05,2.03,2.07,800000.0,800000.0,0,0,0,0,0,0,38,2026-02-04 16:27:15.946975
ELEC-day2,20.0,0.0,0.0,,,0,0,0,0,0,0,38,2026-02-04 16:27:15.946975
ELEC-day3,19.57,0.0,0.0,,,0,0,0,0,0,0,38,2026-02-04 16:27:15.946975
ELEC-day4,20.76,0.0,0.0,,,0,0,0,0,0,0,38,2026-02-04 16:27:15.946975
ELEC-day5,20.77,20.76,20.77,364.0,364.0,0,0,0,0,0,0,38,2026-02-04 16:27:15.946975
ELEC-day6,0.0,0.0,0.0,,,0,0,0,0,0,0,38,2026-02-04 16:27:15.946975
ELEC-F,15.0,0.0,0.0,,,0,0,0,0,0,0,38,2026-02-04 16:27:15.946975
NG,2.05,2.03,2.07,800000.0,800000.0,0,0,0,0,0,0,39,2026-02-04 16:27:16.981614
ELEC-day2,20.0,0.0,0.0,,,0,0,0,0,0,0,39,2026-02-04 16:27:16.981614
ELEC-day3,19.57,0.0,0.0,,,0,0,0,0,0,0,39,2026-02-04 16:27:16.981614
ELEC-day4,20.76,0.0,0.0,,,0,0,0,0,0,0,39,2026-02-04 16:27:16.981614
ELEC-day5,20.77,20.76,20.77,364.0,364.0,0,0,0,0,0,0,39,2026-02-04 16:27:16.981614
ELEC-day6,0.0,0.0,0.0,,,0,0,0,0,0,0,39,2026-02-04 16:27:16.981614
ELEC-F,15.0,0.0,0.0,,,0,0,0,0,0,0,39,2026-02-04 16:27:16.981614
NG,2.05,2.03,2.07,800000.0,800000.0,0,0,0,0,0,0,40,2026-02-04 16:27:18.016266
ELEC-day2,20.0,0.0,0.0,,,0,0,0,0,0,0,40,2026-02-04 16:27:18.016266
ELEC-day3,19.57,0.0,0.0,,,0,0,0,0,0,0,40,2026-02-04 16:27:18.016266
ELEC-day4,20.76,0.0,0.0,,,0,0,0,0,0,0,40,2026-02-04 16:27:18.016266
ELEC-day5,20.77,20.76,20.77,364.0,364.0,0,0,0,0,0,0,40,2026-02-04 16:27:18.016266
ELEC-day6,0.0,0.0,0.0,,,0,0,0,0,0,0,40,2026-02-04 16:27:18.016266
ELEC-F,15.0,0.0,0.0,,,0,0,0,0,0,0,40,2026-02-04 16:27:18.016266
NG,2.05,2.03,2.07,800000.0,800000.0,0,0,0,0,0,0,41,2026-02-04 16:27:19.069940
ELEC-day2,20.0,0.0,0.0,,,0,0,0,0,0,0,41,2026-02-04 16:27:19.069940
ELEC-day3,19.57,0.0,0.0,,,0,0,0,0,0,0,41,2026-02-04 16:27:19.069940
ELEC-day4,20.76,0.0,0.0,,,0,0,0,0,0,0,41,2026-02-04 16:27:19.069940
ELEC-day5,20.77,20.76,20.77,364.0,364.0,0,0,0,0,0,0,41,2026-02-04 16:27:19.069940
ELEC-day6,0.0,0.0,0.0,,,0,0,0,0,0,0,41,2026-02-04 16:27:19.069940
ELEC-F,15.0,0.0,0.0,,,0,0,0,0,0,0,41,2026-02-04 16:27:19.069940
NG,2.06,2.04,2.08,800000.0,800000.0,0,0,0,0,0,0,42,2026-02-04 16:27:20.104765
ELEC-day2,20.0,0.0,0.0,,,0,0,0,0,0,0,42,2026-02-04 16:27:20.104765
ELEC-day3,19.57,0.0,0.0,,,0,0,0,0,0,0,42,2026-02-04 16:27:20.104765
ELEC-day4,20.76,0.0,0.0,,,0,0,0,0,0,0,42,2026-02-04 16:27:20.104765
ELEC-day5,20.77,20.76,20.77,364.0,364.0,0,0,0,0,0,0,42,2026-02-04 16:27:20.104765
ELEC-day6,0.0,0.0,0.0,,,0,0,0,0,0,0,42,2026-02-04 16:27:20.104765
ELEC-F,15.0,0.0,0.0,,,0,0,0,0,0,0,42,2026-02-04 16:27:20.104765
NG,2.06,2.04,2.08,800000.0,800000.0,0,0,0,0,0,0,43,2026-02-04 16:27:21.148043
ELEC-day2,20.0,0.0,0.0,,,0,0,0,0,0,0,43,2026-02-04 16:27:21.148043
ELEC-day3,19.57,0.0,0.0,,,0,0,0,0,0,0,43,2026-02-04 16:27:21.148043
ELEC-day4,20.76,0.0,0.0,,,0,0,0,0,0,0,43,2026-02-04 16:27:21.148043
ELEC-day5,20.77,20.76,20.77,364.0,364.0,0,0,0,0,0,0,43,2026-02-04 16:27:21.148043
ELEC-day6,0.0,0.0,0.0,,,0,0,0,0,0,0,43,2026-02-04 16:27:21.148043
ELEC-F,15.0,0.0,0.0,,,0,0,0,0,0,0,43,2026-02-04 16:27:21.148043
NG,2.05,2.03,2.07,800000.0,800000.0,0,0,0,0,0,0,44,2026-02-04 16:27:22.258463
ELEC-day2,20.0,0.0,0.0,,,0,0,0,0,0,0,44,2026-02-04 16:27:22.258463
ELEC-day3,19.57,0.0,0.0,,,0,0,0,0,0,0,44,2026-02-04 16:27:22.258463
ELEC-day4,20.76,0.0,0.0,,,0,0,0,0,0,0,44,2026-02-04 16:27:22.258463
ELEC-day5,20.77,20.76,20.77,364.0,364.0,0,0,0,0,0,0,44,2026-02-04 16:27:22.258463
ELEC-day6,0.0,0.0,0.0,,,0,0,0,0,0,0,44,2026-02-04 16:27:22.258463
ELEC-F,15.0,0.0,0.0,,,0,0,0,0,0,0,44,2026-02-04 16:27:22.258463
NG,2.05,2.03,2.07,800000.0,800000.0,0,0,0,0,0,0,45,2026-02-04 16:27:22.848634
ELEC-day2,20.0,0.0,0.0,,,0,0,0,0,0,0,45,2026-02-04 16:27:22.848634
ELEC-day3,19.57,0.0,0.0,,,0,0,0,0,0,0,45,2026-02-04 16:27:22.848634
ELEC-day4,20.76,0.0,0.0,,,0,0,0,0,0,0,45,2026-02-04 16:27:22.848634
ELEC-day5,20.77,20.76,20.77,364.0,364.0,0,0,0,0,0,0,45,2026-02-04 16:27:22.848634
ELEC-day6,0.0,0.0,0.0,,,0,0,0,0,0,0,45,2026-02-04 16:27:22.848634
ELEC-F,15.0,0.0,0.0,,,0,0,0,0,0,0,45,2026-02-04 16:27:22.848634
NG,2.06,2.04,2.08,800000.0,800000.0,0,0,0,0,0,0,46,2026-02-04 16:27:23.931830
ELEC-day2,20.0,0.0,0.0,,,0,0,0,0,0,0,46,2026-02-04 16:27:23.931830
ELEC-day3,19.57,0.0,0.0,,,0,0,0,0,0,0,46,2026-02-04 16:27:23.931830
ELEC-day4,20.76,0.0,0.0,,,0,0,0,0,0,0,46,2026-02-04 16:27:23.931830
ELEC-day5,20.77,20.76,20.77,364.0,364.0,0,0,0,0,0,0,46,2026-02-04 16:27:23.931830
ELEC-day6,0.0,0.0,0.0,,,0,0,0,0,0,0,46,2026-02-04 16:27:23.931830
ELEC-F,15.0,0.0,0.0,,,0,0,0,0,0,0,46,2026-02-04 16:27:23.931830
NG,2.05,2.03,2.07,800000.0,800000.0,0,0,0,0,0,0,47,2026-02-04 16:27:24.975575
ELEC-day2,20.0,0.0,0.0,,,0,0,0,0,0,0,47,2026-02-04 16:27:24.975575
ELEC-day3,19.57,0.0,0.0,,,0,0,0,0,0,0,47,2026-02-04 16:27:24.975575
ELEC-day4,20.76,0.0,0.0,,,0,0,0,0,0,0,47,2026-02-04 16:27:24.975575
ELEC-day5,20.77,20.76,20.77,364.0,364.0,0,0,0,0,0,0,47,2026-02-04 16:27:24.975575
ELEC-day6,0.0,0.0,0.0,,,0,0,0,0,0,0,47,2026-02-04 16:27:24.975575
ELEC-F,15.0,0.0,0.0,,,0,0,0,0,0,0,47,2026-02-04 16:27:24.975575
NG,2.05,2.03,2.07,800000.0,800000.0,0,0,0,0,0,0,48,2026-02-04 16:27:26.013977
ELEC-day2,20.0,0.0,0.0,,,0,0,0,0,0,0,48,2026-02-04 16:27:26.013977
ELEC-day3,19.57,0.0,0.0,,,0,0,0,0,0,0,48,2026-02-04 16:27:26.013977
ELEC-day4,20.76,0.0,0.0,,,0,0,0,0,0,0,48,2026-02-04 16:27:26.013977
ELEC-day5,20.77,20.76,20.77,364.0,364.0,0,0,0,0,0,0,48,2026-02-04 16:27:26.013977
ELEC-day6,0.0,0.0,0.0,,,0,0,0,0,0,0,48,2026-02-04 16:27:26.013977
ELEC-F,15.0,0.0,0.0,,,0,0,0,0,0,0,48,2026-02-04 16:27:26.013977
NG,2.06,2.04,2.08,800000.0,800000.0,0,0,0,0,0,0,49,2026-02-04 16:27:27.044413
ELEC-day2,20.0,0.0,0.0,,,0,0,0,0,0,0,49,2026-02-04 16:27:27.044413
ELEC-day3,19.57,0.0,0.0,,,0,0,0,0,0,0,49,2026-02-04 16:27:27.044413
ELEC-day4,20.76,0.0,0.0,,,0,0,0,0,0,0,49,2026-02-04 16:27:27.044413
ELEC-day5,20.77,20.76,20.77,364.0,364.0,0,0,0,0,0,0,49,2026-02-04 16:27:27.044413
ELEC-day6,0.0,0.0,0.0,,,0,0,0,0,0,0,49,2026-02-04 16:27:27.044413
ELEC-F,15.0,0.0,0.0,,,0,0,0,0,0,0,49,2026-02-04 16:27:27.044413
NG,2.05,2.03,2.07,800000.0,800000.0,0,0,0,0,0,0,50,2026-02-04 16:27:28.080535
ELEC-day2,20.0,0.0,0.0,,,0,0,0,0,0,0,50,2026-02-04 16:27:28.080535
ELEC-day3,19.57,0.0,0.0,,,0,0,0,0,0,0,50,2026-02-04 16:27:28.080535
ELEC-day4,20.76,0.0,0.0,,,0,0,0,0,0,0,50,2026-02-04 16:27:28.080535
ELEC-day5,20.77,20.76,20.77,364.0,364.0,0,0,0,0,0,0,50,2026-02-04 16:27:28.080535
ELEC-day6,0.0,0.0,0.0,,,0,0,0,0,0,0,50,2026-02-04 16:27:28.080535
ELEC-F,15.0,0.0,0.0,,,0,0,0,0,0,0,50,2026-02-04 16:27:28.080535
NG,2.05,2.03,2.07,800000.0,800000.0,0,0,0,0,0,0,51,2026-02-04 16:27:29.127332
ELEC-day2,20.0,0.0,0.0,,,0,0,0,0,0,0,51,2026-02-04 16:27:29.127332
ELEC-day3,19.57,0.0,0.0,,,0,0,0,0,0,0,51,2026-02-04 16:27:29.127332
ELEC-day4,20.76,0.0,0.0,,,0,0,0,0,0,0,51,2026-02-04 16:27:29.127332
ELEC-day5,20.77,20.76,20.77,364.0,364.0,0,0,0,0,0,0,51,2026-02-04 16:27:29.127332
ELEC-day6,0.0,0.0,0.0,,,0,0,0,0,0,0,51,2026-02-04 16:27:29.127332
ELEC-F,15.0,0.0,0.0,,,0,0,0,0,0,0,51,2026-02-04 16:27:29.127332
NG,2.04,2.02,2.06,800000.0,800000.0,0,0,0,0,0,0,52,2026-02-04 16:27:30.167461
ELEC-day2,20.0,0.0,0.0,,,0,0,0,0,0,0,52,2026-02-04 16:27:30.167461
ELEC-day3,19.57,0.0,0.0,,,0,0,0,0,0,0,52,2026-02-04 16:27:30.167461
ELEC-day4,20.76,0.0,0.0,,,0,0,0,0,0,0,52,2026-02-04 16:27:30.167461
ELEC-day5,20.77,20.76,20.77,364.0,364.0,0,0,0,0,0,0,52,2026-02-04 16:27:30.167461
ELEC-day6,0.0,0.0,0.0,,,0,0,0,0,0,0,52,2026-02-04 16:27:30.167461
ELEC-F,15.0,0.0,0.0,,,0,0,0,0,0,0,52,2026-02-04 16:27:30.167461
NG,2.04,2.02,2.06,800000.0,800000.0,0,0,0,0,0,0,53,2026-02-04 16:27:31.210623
ELEC-day2,20.0,0.0,0.0,,,0,0,0,0,0,0,53,2026-02-04 16:27:31.210623
ELEC-day3,19.57,0.0,0.0,,,0,0,0,0,0,0,53,2026-02-04 16:27:31.210623
ELEC-day4,20.76,0.0,0.0,,,0,0,0,0,0,0,53,2026-02-04 16:27:31.210623
ELEC-day5,20.77,20.76,20.77,364.0,364.0,0,0,0,0,0,0,53,2026-02-04 16:27:31.210623
ELEC-day6,0.0,0.0,0.0,,,0,0,0,0,0,0,53,2026-02-04 16:27:31.210623
ELEC-F,15.0,0.0,0.0,,,0,0,0,0,0,0,53,2026-02-04 16:27:31.210623
NG,2.03,2.01,2.05,800000.0,800000.0,0,0,0,0,0,0,54,2026-02-04 16:27:31.799526
ELEC-day2,20.0,0.0,0.0,,,0,0,0,0,0,0,54,2026-02-04 16:27:31.799526
ELEC-day3,19.57,0.0,0.0,,,0,0,0,0,0,0,54,2026-02-04 16:27:31.799526
ELEC-day4,20.76,0.0,0.0,,,0,0,0,0,0,0,54,2026-02-04 16:27:31.799526
ELEC-day5,20.77,20.76,20.77,364.0,364.0,0,0,0,0,0,0,54,2026-02-04 16:27:31.799526
ELEC-day6,0.0,0.0,0.0,,,0,0,0,0,0,0,54,2026-02-04 16:27:31.799526
ELEC-F,15.0,0.0,0.0,,,0,0,0,0,0,0,54,2026-02-04 16:27:31.799526
NG,2.04,2.02,2.06,800000.0,800000.0,0,0,0,0,0,0,55,2026-02-04 16:27:32.940483
ELEC-day2,20.0,0.0,0.0,,,0,0,0,0,0,0,55,2026-02-04 16:27:32.940483
ELEC-day3,19.57,0.0,0.0,,,0,0,0,0,0,0,55,2026-02-04 16:27:32.940483
ELEC-day4,20.76,0.0,0.0,,,0,0,0,0,0,0,55,2026-02-04 16:27:32.940483
ELEC-day5,20.77,20.76,20.77,364.0,364.0,0,0,0,0,0,0,55,2026-02-04 16:27:32.940483
ELEC-day6,0.0,0.0,0.0,,,0,0,0,0,0,0,55,2026-02-04 16:27:32.940483
ELEC-F,15.0,0.0,0.0,,,0,0,0,0,0,0,55,2026-02-04 16:27:32.940483
NG,2.02,2.0,2.04,800000.0,800000.0,0,0,0,0,0,0,56,2026-02-04 16:27:33.973378
ELEC-day2,20.0,0.0,0.0,,,0,0,0,0,0,0,56,2026-02-04 16:27:33.973378
ELEC-day3,19.57,0.0,0.0,,,0,0,0,0,0,0,56,2026-02-04 16:27:33.973378
ELEC-day4,20.76,0.0,0.0,,,0,0,0,0,0,0,56,2026-02-04 16:27:33.973378
ELEC-day5,20.77,20.76,20.77,364.0,364.0,0,0,0,0,0,0,56,2026-02-04 16:27:33.973378
ELEC-day6,0.0,0.0,0.0,,,0,0,0,0,0,0,56,2026-02-04 16:27:33.973378
ELEC-F,15.0,0.0,0.0,,,0,0,0,0,0,0,56,2026-02-04 16:27:33.973378
NG,2.01,1.99,2.03,800000.0,800000.0,0,0,0,0,0,0,57,2026-02-04 16:27:35.017066
ELEC-day2,20.0,0.0,0.0,,,0,0,0,0,0,0,57,2026-02-04 16:27:35.017066
ELEC-day3,19.57,0.0,0.0,,,0,0,0,0,0,0,57,2026-02-04 16:27:35.017066
ELEC-day4,20.76,0.0,0.0,,,0,0,0,0,0,0,57,2026-02-04 16:27:35.017066
ELEC-day5,20.77,20.76,20.77,364.0,364.0,0,0,0,0,0,0,57,2026-02-04 16:27:35.017066
ELEC-day6,0.0,0.0,0.0,,,0,0,0,0,0,0,57,2026-02-04 16:27:35.017066
ELEC-F,15.0,0.0,0.0,,,0,0,0,0,0,0,57,2026-02-04 16:27:35.017066
NG,2.02,2.0,2.04,800000.0,800000.0,0,0,0,0,0,0,58,2026-02-04 16:27:36.050246
ELEC-day2,20.0,0.0,0.0,,,0,0,0,0,0,0,58,2026-02-04 16:27:36.050246
ELEC-day3,19.57,0.0,0.0,,,0,0,0,0,0,0,58,2026-02-04 16:27:36.050246
ELEC-day4,20.76,0.0,0.0,,,0,0,0,0,0,0,58,2026-02-04 16:27:36.050246
ELEC-day5,20.77,20.76,20.77,364.0,364.0,0,0,0,0,0,0,58,2026-02-04 16:27:36.050246
ELEC-day6,0.0,0.0,0.0,,,0,0,0,0,0,0,58,2026-02-04 16:27:36.050246
ELEC-F,15.0,0.0,0.0,,,0,0,0,0,0,0,58,2026-02-04 16:27:36.050246
NG,2.01,1.99,2.03,800000.0,800000.0,0,0,0,0,0,0,59,2026-02-04 16:27:37.101969
ELEC-day2,20.0,0.0,0.0,,,0,0,0,0,0,0,59,2026-02-04 16:27:37.101969
ELEC-day3,19.57,0.0,0.0,,,0,0,0,0,0,0,59,2026-02-04 16:27:37.101969
ELEC-day4,20.76,0.0,0.0,,,0,0,0,0,0,0,59,2026-02-04 16:27:37.101969
ELEC-day5,20.77,20.76,20.77,364.0,364.0,0,0,0,0,0,0,59,2026-02-04 16:27:37.101969
ELEC-day6,0.0,0.0,0.0,,,0,0,0,0,0,0,59,2026-02-04 16:27:37.101969
ELEC-F,15.0,0.0,0.0,,,0,0,0,0,0,0,59,2026-02-04 16:27:37.101969
NG,2.02,2.0,2.04,800000.0,800000.0,0,0,0,0,0,0,60,2026-02-04 16:27:38.142955
ELEC-day2,20.0,0.0,0.0,,,0,0,0,0,0,0,60,2026-02-04 16:27:38.142955
ELEC-day3,19.57,0.0,0.0,,,0,0,0,0,0,0,60,2026-02-04 16:27:38.142955
ELEC-day4,20.76,0.0,0.0,,,0,0,0,0,0,0,60,2026-02-04 16:27:38.142955
ELEC-day5,20.77,20.76,20.77,364.0,364.0,0,0,0,0,0,0,60,2026-02-04 16:27:38.142955
ELEC-day6,0.0,0.0,0.0,,,0,0,0,0,0,0,60,2026-02-04 16:27:38.142955
ELEC-F,15.0,0.0,0.0,,,0,0,0,0,0,0,60,2026-02-04 16:27:38.142955
NG,2.02,2.0,2.04,800000.0,800000.0,0,0,0,0,0,0,61,2026-02-04 16:27:39.180538
ELEC-day2,20.0,0.0,0.0,,,0,0,0,0,0,0,61,2026-02-04 16:27:39.180538
ELEC-day3,19.57,0.0,0.0,,,0,0,0,0,0,0,61,2026-02-04 16:27:39.180538
ELEC-day4,20.76,0.0,0.0,,,0,0,0,0,0,0,61,2026-02-04 16:27:39.180538
ELEC-day5,20.77,20.76,20.77,364.0,364.0,0,0,0,0,0,0,61,2026-02-04 16:27:39.180538
ELEC-day6,0.0,0.0,0.0,,,0,0,0,0,0,0,61,2026-02-04 16:27:39.180538
ELEC-F,15.0,0.0,0.0,,,0,0,0,0,0,0,61,2026-02-04 16:27:39.180538
NG,2.01,1.99,2.03,800000.0,800000.0,0,0,0,0,0,0,62,2026-02-04 16:27:40.222474
ELEC-day2,20.0,0.0,0.0,,,0,0,0,0,0,0,62,2026-02-04 16:27:40.222474
ELEC-day3,19.57,0.0,0.0,,,0,0,0,0,0,0,62,2026-02-04 16:27:40.222474
ELEC-day4,20.76,0.0,0.0,,,0,0,0,0,0,0,62,2026-02-04 16:27:40.222474
ELEC-day5,20.77,20.76,20.77,364.0,364.0,0,0,0,0,0,0,62,2026-02-04 16:27:40.222474
ELEC-day6,0.0,0.0,0.0,,,0,0,0,0,0,0,62,2026-02-04 16:27:40.222474
ELEC-F,15.0,0.0,0.0,,,0,0,0,0,0,0,62,2026-02-04 16:27:40.222474
NG,2.02,2.0,2.04,800000.0,800000.0,0,0,0,0,0,0,63,2026-02-04 16:27:41.317151
ELEC-day2,20.0,0.0,0.0,,,0,0,0,0,0,0,63,2026-02-04 16:27:41.317151
ELEC-day3,19.57,0.0,0.0,,,0,0,0,0,0,0,63,2026-02-04 16:27:41.317151
ELEC-day4,20.76,0.0,0.0,,,0,0,0,0,0,0,63,2026-02-04 16:27:41.317151
ELEC-day5,20.77,20.76,20.77,364.0,364.0,0,0,0,0,0,0,63,2026-02-04 16:27:41.317151
ELEC-day6,0.0,0.0,0.0,,,0,0,0,0,0,0,63,2026-02-04 16:27:41.317151
ELEC-F,15.0,0.0,0.0,,,0,0,0,0,0,0,63,2026-02-04 16:27:41.317151
NG,2.02,2.0,2.04,800000.0,800000.0,0,0,0,0,0,0,64,2026-02-04 16:27:41.953956
ELEC-day2,20.0,0.0,0.0,,,0,0,0,0,0,0,64,2026-02-04 16:27:41.953956
ELEC-day3,19.57,0.0,0.0,,,0,0,0,0,0,0,64,2026-02-04 16:27:41.953956
ELEC-day4,20.76,0.0,0.0,,,0,0,0,0,0,0,64,2026-02-04 16:27:41.953956
ELEC-day5,20.77,20.76,20.77,364.0,364.0,0,0,0,0,0,0,64,2026-02-04 16:27:41.953956
ELEC-day6,0.0,0.0,0.0,,,0,0,0,0,0,0,64,2026-02-04 16:27:41.953956
ELEC-F,15.0,0.0,0.0,,,0,0,0,0,0,0,64,2026-02-04 16:27:41.953956
NG,2.02,2.0,2.04,800000.0,800000.0,0,0,0,0,0,0,65,2026-02-04 16:27:43.001228
ELEC-day2,20.0,0.0,0.0,,,0,0,0,0,0,0,65,2026-02-04 16:27:43.001228
ELEC-day3,19.57,0.0,0.0,,,0,0,0,0,0,0,65,2026-02-04 16:27:43.001228
ELEC-day4,20.76,0.0,0.0,,,0,0,0,0,0,0,65,2026-02-04 16:27:43.001228
ELEC-day5,20.77,20.76,20.77,364.0,364.0,0,0,0,0,0,0,65,2026-02-04 16:27:43.001228
ELEC-day6,0.0,0.0,0.0,,,0,0,0,0,0,0,65,2026-02-04 16:27:43.001228
ELEC-F,15.0,0.0,0.0,,,0,0,0,0,0,0,65,2026-02-04 16:27:43.001228
NG,2.01,1.99,2.03,800000.0,800000.0,0,0,0,0,0,0,66,2026-02-04 16:27:44.036952
ELEC-day2,20.0,0.0,0.0,,,0,0,0,0,0,0,66,2026-02-04 16:27:44.036952
ELEC-day3,19.57,0.0,0.0,,,0,0,0,0,0,0,66,2026-02-04 16:27:44.036952
ELEC-day4,20.76,0.0,0.0,,,0,0,0,0,0,0,66,2026-02-04 16:27:44.036952
ELEC-day5,20.77,20.76,20.77,364.0,364.0,0,0,0,0,0,0,66,2026-02-04 16:27:44.036952
ELEC-day6,0.0,0.0,0.0,,,0,0,0,0,0,0,66,2026-02-04 16:27:44.036952
ELEC-F,15.0,0.0,0.0,,,0,0,0,0,0,0,66,2026-02-04 16:27:44.036952
NG,2.01,1.99,2.03,800000.0,800000.0,0,0,0,0,0,0,67,2026-02-04 16:27:45.073837
ELEC-day2,20.0,0.0,0.0,,,0,0,0,0,0,0,67,2026-02-04 16:27:45.073837
ELEC-day3,19.57,0.0,0.0,,,0,0,0,0,0,0,67,2026-02-04 16:27:45.073837
ELEC-day4,20.76,0.0,0.0,,,0,0,0,0,0,0,67,2026-02-04 16:27:45.073837
ELEC-day5,20.77,20.76,20.77,364.0,364.0,0,0,0,0,0,0,67,2026-02-04 16:27:45.073837
ELEC-day6,0.0,0.0,0.0,,,0,0,0,0,0,0,67,2026-02-04 16:27:45.073837
ELEC-F,15.0,0.0,0.0,,,0,0,0,0,0,0,67,2026-02-04 16:27:45.073837
NG,2.02,2.0,2.04,800000.0,800000.0,0,0,0,0,0,0,68,2026-02-04 16:27:46.108510
ELEC-day2,20.0,0.0,0.0,,,0,0,0,0,0,0,68,2026-02-04 16:27:46.108510
ELEC-day3,19.57,0.0,0.0,,,0,0,0,0,0,0,68,2026-02-04 16:27:46.108510
ELEC-day4,20.76,0.0,0.0,,,0,0,0,0,0,0,68,2026-02-04 16:27:46.108510
ELEC-day5,20.77,20.76,20.77,364.0,364.0,0,0,0,0,0,0,68,2026-02-04 16:27:46.108510
ELEC-day6,0.0,0.0,0.0,,,0,0,0,0,0,0,68,2026-02-04 16:27:46.108510
ELEC-F,15.0,0.0,0.0,,,0,0,0,0,0,0,68,2026-02-04 16:27:46.108510
NG,2.02,2.0,2.04,800000.0,800000.0,0,0,0,0,0,0,69,2026-02-04 16:27:47.159549
ELEC-day2,20.0,0.0,0.0,,,0,0,0,0,0,0,69,2026-02-04 16:27:47.159549
ELEC-day3,19.57,0.0,0.0,,,0,0,0,0,0,0,69,2026-02-04 16:27:47.159549
ELEC-day4,20.76,0.0,0.0,,,0,0,0,0,0,0,69,2026-02-04 16:27:47.159549
ELEC-day5,20.77,20.76,20.77,364.0,364.0,0,0,0,0,0,0,69,2026-02-04 16:27:47.159549
ELEC-day6,0.0,0.0,0.0,,,0,0,0,0,0,0,69,2026-02-04 16:27:47.159549
ELEC-F,15.0,0.0,0.0,,,0,0,0,0,0,0,69,2026-02-04 16:27:47.159549
NG,2.02,2.0,2.04,800000.0,800000.0,0,0,0,0,0,0,70,2026-02-04 16:27:48.195866
ELEC-day2,20.0,0.0,0.0,,,0,0,0,0,0,0,70,2026-02-04 16:27:48.195866
ELEC-day3,19.57,0.0,0.0,,,0,0,0,0,0,0,70,2026-02-04 16:27:48.195866
ELEC-day4,20.76,0.0,0.0,,,0,0,0,0,0,0,70,2026-02-04 16:27:48.195866
ELEC-day5,20.77,20.76,20.77,364.0,364.0,0,0,0,0,0,0,70,2026-02-04 16:27:48.195866
ELEC-day6,0.0,0.0,0.0,,,0,0,0,0,0,0,70,2026-02-04 16:27:48.195866
ELEC-F,15.0,0.0,0.0,,,0,0,0,0,0,0,70,2026-02-04 16:27:48.195866
NG,2.02,2.0,2.04,800000.0,800000.0,0,0,0,0,0,0,71,2026-02-04 16:27:49.255609
ELEC-day2,20.0,0.0,0.0,,,0,0,0,0,0,0,71,2026-02-04 16:27:49.255609
ELEC-day3,19.57,0.0,0.0,,,0,0,0,0,0,0,71,2026-02-04 16:27:49.255609
ELEC-day4,20.76,0.0,0.0,,,0,0,0,0,0,0,71,2026-02-04 16:27:49.255609
ELEC-day5,20.77,20.76,20.77,364.0,364.0,0,0,0,0,0,0,71,2026-02-04 16:27:49.255609
ELEC-day6,0.0,0.0,0.0,,,0,0,0,0,0,0,71,2026-02-04 16:27:49.255609
ELEC-F,15.0,0.0,0.0,,,0,0,0,0,0,0,71,2026-02-04 16:27:49.255609
NG,2.02,2.0,2.04,800000.0,800000.0,0,0,0,0,0,0,72,2026-02-04 16:27:49.951455
ELEC-day2,20.0,0.0,0.0,,,0,0,0,0,0,0,72,2026-02-04 16:27:49.951455
ELEC-day3,19.57,0.0,0.0,,,0,0,0,0,0,0,72,2026-02-04 16:27:49.951455
ELEC-day4,20.76,0.0,0.0,,,0,0,0,0,0,0,72,2026-02-04 16:27:49.951455
ELEC-day5,20.77,20.76,20.77,364.0,364.0,0,0,0,0,0,0,72,2026-02-04 16:27:49.951455
ELEC-day6,0.0,0.0,0.0,,,0,0,0,0,0,0,72,2026-02-04 16:27:49.951455
ELEC-F,15.0,0.0,0.0,,,0,0,0,0,0,0,72,2026-02-04 16:27:49.951455
NG,2.02,2.0,2.04,800000.0,800000.0,0,0,0,0,0,0,73,2026-02-04 16:27:51.014463
ELEC-day2,20.0,0.0,0.0,,,0,0,0,0,0,0,73,2026-02-04 16:27:51.014463
ELEC-day3,19.57,0.0,0.0,,,0,0,0,0,0,0,73,2026-02-04 16:27:51.014463
ELEC-day4,20.76,0.0,0.0,,,0,0,0,0,0,0,73,2026-02-04 16:27:51.014463
ELEC-day5,20.77,20.76,20.77,364.0,364.0,0,0,0,0,0,0,73,2026-02-04 16:27:51.014463
ELEC-day6,0.0,0.0,0.0,,,0,0,0,0,0,0,73,2026-02-04 16:27:51.014463
ELEC-F,15.0,0.0,0.0,,,0,0,0,0,0,0,73,2026-02-04 16:27:51.014463
NG,2.01,1.99,2.03,800000.0,800000.0,0,0,0,0,0,0,74,2026-02-04 16:27:52.051368
ELEC-day2,20.0,0.0,0.0,,,0,0,0,0,0,0,74,2026-02-04 16:27:52.051368
ELEC-day3,19.57,0.0,0.0,,,0,0,0,0,0,0,74,2026-02-04 16:27:52.051368
ELEC-day4,20.76,0.0,0.0,,,0,0,0,0,0,0,74,2026-02-04 16:27:52.051368
ELEC-day5,20.77,20.76,20.77,364.0,364.0,0,0,0,0,0,0,74,2026-02-04 16:27:52.051368
ELEC-day6,0.0,0.0,0.0,,,0,0,0,0,0,0,74,2026-02-04 16:27:52.051368
ELEC-F,15.0,0.0,0.0,,,0,0,0,0,0,0,74,2026-02-04 16:27:52.051368
NG,2.01,1.99,2.03,800000.0,800000.0,0,0,0,0,0,0,75,2026-02-04 16:27:53.089208
ELEC-day2,20.0,0.0,0.0,,,0,0,0,0,0,0,75,2026-02-04 16:27:53.089208
ELEC-day3,19.57,0.0,0.0,,,0,0,0,0,0,0,75,2026-02-04 16:27:53.089208
ELEC-day4,20.76,0.0,0.0,,,0,0,0,0,0,0,75,2026-02-04 16:27:53.089208
ELEC-day5,20.77,20.76,20.77,364.0,364.0,0,0,0,0,0,0,75,2026-02-04 16:27:53.089208
ELEC-day6,0.0,0.0,0.0,,,0,0,0,0,0,0,75,2026-02-04 16:27:53.089208
ELEC-F,15.0,0.0,0.0,,,0,0,0,0,0,0,75,2026-02-04 16:27:53.089208
NG,2.01,1.99,2.03,800000.0,800000.0,0,0,0,0,0,0,76,2026-02-04 16:27:54.137110
ELEC-day2,20.0,0.0,0.0,,,0,0,0,0,0,0,76,2026-02-04 16:27:54.137110
ELEC-day3,19.57,0.0,0.0,,,0,0,0,0,0,0,76,2026-02-04 16:27:54.137110
ELEC-day4,20.76,0.0,0.0,,,0,0,0,0,0,0,76,2026-02-04 16:27:54.137110
ELEC-day5,20.77,20.76,20.77,364.0,364.0,0,0,0,0,0,0,76,2026-02-04 16:27:54.137110
ELEC-day6,0.0,0.0,0.0,,,0,0,0,0,0,0,76,2026-02-04 16:27:54.137110
ELEC-F,15.0,0.0,0.0,,,0,0,0,0,0,0,76,2026-02-04 16:27:54.137110
NG,2.02,2.0,2.04,800000.0,800000.0,0,0,0,0,0,0,77,2026-02-04 16:27:55.168705
ELEC-day2,20.0,0.0,0.0,,,0,0,0,0,0,0,77,2026-02-04 16:27:55.168705
ELEC-day3,19.57,0.0,0.0,,,0,0,0,0,0,0,77,2026-02-04 16:27:55.168705
ELEC-day4,20.76,0.0,0.0,,,0,0,0,0,0,0,77,2026-02-04 16:27:55.168705
ELEC-day5,20.77,20.76,20.77,364.0,364.0,0,0,0,0,0,0,77,2026-02-04 16:27:55.168705
ELEC-day6,0.0,0.0,0.0,,,0,0,0,0,0,0,77,2026-02-04 16:27:55.168705
ELEC-F,15.0,0.0,0.0,,,0,0,0,0,0,0,77,2026-02-04 16:27:55.168705
NG,2.01,1.99,2.03,800000.0,800000.0,0,0,0,0,0,0,78,2026-02-04 16:27:56.204882
ELEC-day2,20.0,0.0,0.0,,,0,0,0,0,0,0,78,2026-02-04 16:27:56.204882
ELEC-day3,19.57,0.0,0.0,,,0,0,0,0,0,0,78,2026-02-04 16:27:56.204882
ELEC-day4,20.76,0.0,0.0,,,0,0,0,0,0,0,78,2026-02-04 16:27:56.204882
ELEC-day5,20.77,20.76,20.77,364.0,364.0,0,0,0,0,0,0,78,2026-02-04 16:27:56.204882
ELEC-day6,0.0,0.0,0.0,,,0,0,0,0,0,0,78,2026-02-04 16:27:56.204882
ELEC-F,15.0,0.0,0.0,,,0,0,0,0,0,0,78,2026-02-04 16:27:56.204882
NG,2.02,2.0,2.04,800000.0,800000.0,0,0,0,0,0,0,79,2026-02-04 16:27:57.241559
ELEC-day2,20.0,0.0,0.0,,,0,0,0,0,0,0,79,2026-02-04 16:27:57.241559
ELEC-day3,19.57,0.0,0.0,,,0,0,0,0,0,0,79,2026-02-04 16:27:57.241559
ELEC-day4,20.76,0.0,0.0,,,0,0,0,0,0,0,79,2026-02-04 16:27:57.241559
ELEC-day5,20.77,20.76,20.77,364.0,364.0,0,0,0,0,0,0,79,2026-02-04 16:27:57.241559
ELEC-day6,0.0,0.0,0.0,,,0,0,0,0,0,0,79,2026-02-04 16:27:57.241559
ELEC-F,15.0,0.0,0.0,,,0,0,0,0,0,0,79,2026-02-04 16:27:57.241559
NG,2.02,2.0,2.04,800000.0,800000.0,0,0,0,0,0,0,80,2026-02-04 16:27:58.273342
ELEC-day2,20.0,0.0,0.0,,,0,0,0,0,0,0,80,2026-02-04 16:27:58.273342
ELEC-day3,19.57,0.0,0.0,,,0,0,0,0,0,0,80,2026-02-04 16:27:58.273342
ELEC-day4,20.76,0.0,0.0,,,0,0,0,0,0,0,80,2026-02-04 16:27:58.273342
ELEC-day5,20.77,20.76,20.77,364.0,364.0,0,0,0,0,0,0,80,2026-02-04 16:27:58.273342
ELEC-day6,0.0,0.0,0.0,,,0,0,0,0,0,0,80,2026-02-04 16:27:58.273342
ELEC-F,15.0,0.0,0.0,,,0,0,0,0,0,0,80,2026-02-04 16:27:58.273342
NG,2.02,2.0,2.04,800000.0,800000.0,0,0,0,0,0,0,81,2026-02-04 16:27:59.308167
ELEC-day2,20.0,0.0,0.0,,,0,0,0,0,0,0,81,2026-02-04 16:27:59.308167
ELEC-day3,19.57,0.0,0.0,,,0,0,0,0,0,0,81,2026-02-04 16:27:59.308167
ELEC-day4,20.76,0.0,0.0,,,0,0,0,0,0,0,81,2026-02-04 16:27:59.308167
ELEC-day5,20.77,20.76,20.77,364.0,364.0,0,0,0,0,0,0,81,2026-02-04 16:27:59.308167
ELEC-day6,0.0,0.0,0.0,,,0,0,0,0,0,0,81,2026-02-04 16:27:59.308167
ELEC-F,15.0,0.0,0.0,,,0,0,0,0,0,0,81,2026-02-04 16:27:59.308167
NG,2.02,2.0,2.04,800000.0,800000.0,0,0,0,0,0,0,82,2026-02-04 16:27:59.888031
ELEC-day2,20.0,0.0,0.0,,,0,0,0,0,0,0,82,2026-02-04 16:27:59.888031
ELEC-day3,19.57,0.0,0.0,,,0,0,0,0,0,0,82,2026-02-04 16:27:59.888031
ELEC-day4,20.76,0.0,0.0,,,0,0,0,0,0,0,82,2026-02-04 16:27:59.888031
ELEC-day5,20.77,20.76,20.77,364.0,364.0,0,0,0,0,0,0,82,2026-02-04 16:27:59.888031
ELEC-day6,0.0,0.0,0.0,,,0,0,0,0,0,0,82,2026-02-04 16:27:59.888031
ELEC-F,15.0,0.0,0.0,,,0,0,0,0,0,0,82,2026-02-04 16:27:59.888031
NG,2.02,2.0,2.04,800000.0,800000.0,0,0,0,0,0,0,83,2026-02-04 16:28:01.033095
ELEC-day2,20.0,0.0,0.0,,,0,0,0,0,0,0,83,2026-02-04 16:28:01.033095
ELEC-day3,19.57,0.0,0.0,,,0,0,0,0,0,0,83,2026-02-04 16:28:01.033095
ELEC-day4,20.76,0.0,0.0,,,0,0,0,0,0,0,83,2026-02-04 16:28:01.033095
ELEC-day5,20.77,20.76,20.77,364.0,364.0,0,0,0,0,0,0,83,2026-02-04 16:28:01.033095
ELEC-day6,0.0,0.0,0.0,,,0,0,0,0,0,0,83,2026-02-04 16:28:01.033095
ELEC-F,15.0,0.0,0.0,,,0,0,0,0,0,0,83,2026-02-04 16:28:01.033095
NG,2.02,2.0,2.04,800000.0,800000.0,0,0,0,0,0,0,84,2026-02-04 16:28:02.092967
ELEC-day2,20.0,0.0,0.0,,,0,0,0,0,0,0,84,2026-02-04 16:28:02.092967
ELEC-day3,19.57,0.0,0.0,,,0,0,0,0,0,0,84,2026-02-04 16:28:02.092967
ELEC-day4,20.76,0.0,0.0,,,0,0,0,0,0,0,84,2026-02-04 16:28:02.092967
ELEC-day5,20.77,20.76,20.77,364.0,364.0,0,0,0,0,0,0,84,2026-02-04 16:28:02.092967
ELEC-day6,0.0,0.0,0.0,,,0,0,0,0,0,0,84,2026-02-04 16:28:02.092967
ELEC-F,15.0,0.0,0.0,,,0,0,0,0,0,0,84,2026-02-04 16:28:02.092967
NG,2.02,2.0,2.04,800000.0,800000.0,0,0,0,0,0,0,85,2026-02-04 16:28:03.138566
ELEC-day2,20.0,0.0,0.0,,,0,0,0,0,0,0,85,2026-02-04 16:28:03.138566
ELEC-day3,19.57,0.0,0.0,,,0,0,0,0,0,0,85,2026-02-04 16:28:03.138566
ELEC-day4,20.76,0.0,0.0,,,0,0,0,0,0,0,85,2026-02-04 16:28:03.138566
ELEC-day5,20.77,20.76,20.77,364.0,364.0,0,0,0,0,0,0,85,2026-02-04 16:28:03.138566
ELEC-day6,0.0,0.0,0.0,,,0,0,0,0,0,0,85,2026-02-04 16:28:03.138566
ELEC-F,15.0,0.0,0.0,,,0,0,0,0,0,0,85,2026-02-04 16:28:03.138566
NG,2.01,1.99,2.03,800000.0,800000.0,0,0,0,0,0,0,86,2026-02-04 16:28:04.183136
ELEC-day2,20.0,0.0,0.0,,,0,0,0,0,0,0,86,2026-02-04 16:28:04.183136
ELEC-day3,19.57,0.0,0.0,,,0,0,0,0,0,0,86,2026-02-04 16:28:04.183136
ELEC-day4,20.76,0.0,0.0,,,0,0,0,0,0,0,86,2026-02-04 16:28:04.183136
ELEC-day5,20.77,20.76,20.77,364.0,364.0,0,0,0,0,0,0,86,2026-02-04 16:28:04.183136
ELEC-day6,0.0,0.0,0.0,,,0,0,0,0,0,0,86,2026-02-04 16:28:04.183136
ELEC-F,15.0,0.0,0.0,,,0,0,0,0,0,0,86,2026-02-04 16:28:04.183136
NG,2.01,1.99,2.03,800000.0,800000.0,0,0,0,0,0,0,87,2026-02-04 16:28:05.236269
ELEC-day2,20.0,0.0,0.0,,,0,0,0,0,0,0,87,2026-02-04 16:28:05.236269
ELEC-day3,19.57,0.0,0.0,,,0,0,0,0,0,0,87,2026-02-04 16:28:05.236269
ELEC-day4,20.76,0.0,0.0,,,0,0,0,0,0,0,87,2026-02-04 16:28:05.236269
ELEC-day5,20.77,20.76,20.77,364.0,364.0,0,0,0,0,0,0,87,2026-02-04 16:28:05.236269
ELEC-day6,0.0,0.0,0.0,,,0,0,0,0,0,0,87,2026-02-04 16:28:05.236269
ELEC-F,15.0,0.0,0.0,,,0,0,0,0,0,0,87,2026-02-04 16:28:05.236269
NG,2.0,1.98,2.02,800000.0,800000.0,0,0,0,0,0,0,88,2026-02-04 16:28:06.285023
ELEC-day2,20.0,0.0,0.0,,,0,0,0,0,0,0,88,2026-02-04 16:28:06.285023
ELEC-day3,19.57,0.0,0.0,,,0,0,0,0,0,0,88,2026-02-04 16:28:06.285023
ELEC-day4,20.76,0.0,0.0,,,0,0,0,0,0,0,88,2026-02-04 16:28:06.285023
ELEC-day5,20.77,20.76,20.77,364.0,364.0,0,0,0,0,0,0,88,2026-02-04 16:28:06.285023
ELEC-day6,0.0,0.0,0.0,,,0,0,0,0,0,0,88,2026-02-04 16:28:06.285023
ELEC-F,15.0,0.0,0.0,,,0,0,0,0,0,0,88,2026-02-04 16:28:06.285023
NG,2.0,1.98,2.02,800000.0,800000.0,0,0,0,0,0,0,89,2026-02-04 16:28:07.334144
ELEC-day2,20.0,0.0,0.0,,,0,0,0,0,0,0,89,2026-02-04 16:28:07.334144
ELEC-day3,19.57,0.0,0.0,,,0,0,0,0,0,0,89,2026-02-04 16:28:07.334144
ELEC-day4,20.76,0.0,0.0,,,0,0,0,0,0,0,89,2026-02-04 16:28:07.334144
ELEC-day5,20.77,20.76,20.77,364.0,364.0,0,0,0,0,0,0,89,2026-02-04 16:28:07.334144
ELEC-day6,0.0,0.0,0.0,,,0,0,0,0,0,0,89,2026-02-04 16:28:07.334144
ELEC-F,15.0,0.0,0.0,,,0,0,0,0,0,0,89,2026-02-04 16:28:07.334144
NG,2.01,1.99,2.03,800000.0,800000.0,0,0,0,0,0,0,90,2026-02-04 16:28:08.434305,25.0,5.0,89.0,,TEMPERATURE Forecast for DAY 6,The average temperature tomorrow is forecasted to be between 20 and 26 degrees Celsius.
ELEC-day2,20.0,0.0,0.0,,,0,0,0,0,0,0,90,2026-02-04 16:28:08.434305,,,,,,
ELEC-day3,19.57,0.0,0.0,,,0,0,0,0,0,0,90,2026-02-04 16:28:08.434305,,,,,,
ELEC-day4,20.76,0.0,0.0,,,0,0,0,0,0,0,90,2026-02-04 16:28:08.434305,,,,,,
ELEC-day5,20.77,20.76,20.77,364.0,364.0,0,0,0,0,0,0,90,2026-02-04 16:28:08.434305,,,,,,
ELEC-day6,0.0,0.0,0.0,,,0,0,0,0,0,0,90,2026-02-04 16:28:08.434305,,,,,,
ELEC-F,15.0,0.0,0.0,,,0,0,0,0,0,0,90,2026-02-04 16:28:08.434305,,,,,,
NG,2.0,1.98,2.02,800000.0,800000.0,0,0,0,0,0,0,91,2026-02-04 16:28:09.042222
ELEC-day2,20.0,0.0,0.0,,,0,0,0,0,0,0,91,2026-02-04 16:28:09.042222
ELEC-day3,19.57,0.0,0.0,,,0,0,0,0,0,0,91,2026-02-04 16:28:09.042222
ELEC-day4,20.76,0.0,0.0,,,0,0,0,0,0,0,91,2026-02-04 16:28:09.042222
ELEC-day5,20.77,20.76,20.77,364.0,364.0,0,0,0,0,0,0,91,2026-02-04 16:28:09.042222
ELEC-day6,0.0,0.0,0.0,,,0,0,0,0,0,0,91,2026-02-04 16:28:09.042222
ELEC-F,15.0,0.0,0.0,,,0,0,0,0,0,0,91,2026-02-04 16:28:09.042222
NG,2.01,1.99,2.03,800000.0,800000.0,0,0,0,0,0,0,92,2026-02-04 16:28:10.097313
ELEC-day2,20.0,0.0,0.0,,,0,0,0,0,0,0,92,2026-02-04 16:28:10.097313
ELEC-day3,19.57,0.0,0.0,,,0,0,0,0,0,0,92,2026-02-04 16:28:10.097313
ELEC-day4,20.76,0.0,0.0,,,0,0,0,0,0,0,92,2026-02-04 16:28:10.097313
ELEC-day5,20.77,20.76,20.77,364.0,364.0,0,0,0,0,0,0,92,2026-02-04 16:28:10.097313
ELEC-day6,0.0,0.0,0.0,,,0,0,0,0,0,0,92,2026-02-04 16:28:10.097313
ELEC-F,15.0,0.0,0.0,,,0,0,0,0,0,0,92,2026-02-04 16:28:10.097313
NG,2.01,1.99,2.03,800000.0,800000.0,0,0,0,0,0,0,93,2026-02-04 16:28:11.149137
ELEC-day2,20.0,0.0,0.0,,,0,0,0,0,0,0,93,2026-02-04 16:28:11.149137
ELEC-day3,19.57,0.0,0.0,,,0,0,0,0,0,0,93,2026-02-04 16:28:11.149137
ELEC-day4,20.76,0.0,0.0,,,0,0,0,0,0,0,93,2026-02-04 16:28:11.149137
ELEC-day5,20.77,20.76,20.77,364.0,364.0,0,0,0,0,0,0,93,2026-02-04 16:28:11.149137
ELEC-day6,0.0,0.0,0.0,,,0,0,0,0,0,0,93,2026-02-04 16:28:11.149137
ELEC-F,15.0,0.0,0.0,,,0,0,0,0,0,0,93,2026-02-04 16:28:11.149137
NG,2.02,2.0,2.04,800000.0,800000.0,0,0,0,0,0,0,94,2026-02-04 16:28:12.208251
ELEC-day2,20.0,0.0,0.0,,,0,0,0,0,0,0,94,2026-02-04 16:28:12.208251
ELEC-day3,19.57,0.0,0.0,,,0,0,0,0,0,0,94,2026-02-04 16:28:12.208251
ELEC-day4,20.76,0.0,0.0,,,0,0,0,0,0,0,94,2026-02-04 16:28:12.208251
ELEC-day5,20.77,20.76,20.77,364.0,364.0,0,0,0,0,0,0,94,2026-02-04 16:28:12.208251
ELEC-day6,0.0,0.0,0.0,,,0,0,0,0,0,0,94,2026-02-04 16:28:12.208251
ELEC-F,15.0,0.0,0.0,,,0,0,0,0,0,0,94,2026-02-04 16:28:12.208251
NG,2.02,2.0,2.04,800000.0,800000.0,0,0,0,0,0,0,95,2026-02-04 16:28:13.243666
ELEC-day2,20.0,0.0,0.0,,,0,0,0,0,0,0,95,2026-02-04 16:28:13.243666
ELEC-day3,19.57,0.0,0.0,,,0,0,0,0,0,0,95,2026-02-04 16:28:13.243666
ELEC-day4,20.76,0.0,0.0,,,0,0,0,0,0,0,95,2026-02-04 16:28:13.243666
ELEC-day5,20.77,20.76,20.77,364.0,364.0,0,0,0,0,0,0,95,2026-02-04 16:28:13.243666
ELEC-day6,0.0,0.0,0.0,,,0,0,0,0,0,0,95,2026-02-04 16:28:13.243666
ELEC-F,15.0,0.0,0.0,,,0,0,0,0,0,0,95,2026-02-04 16:28:13.243666
NG,2.01,1.99,2.03,800000.0,800000.0,0,0,0,0,0,0,96,2026-02-04 16:28:14.280507
ELEC-day2,20.0,0.0,0.0,,,0,0,0,0,0,0,96,2026-02-04 16:28:14.280507
ELEC-day3,19.57,0.0,0.0,,,0,0,0,0,0,0,96,2026-02-04 16:28:14.280507
ELEC-day4,20.76,0.0,0.0,,,0,0,0,0,0,0,96,2026-02-04 16:28:14.280507
ELEC-day5,20.77,20.76,20.77,364.0,364.0,0,0,0,0,0,0,96,2026-02-04 16:28:14.280507
ELEC-day6,0.0,0.0,0.0,,,0,0,0,0,0,0,96,2026-02-04 16:28:14.280507
ELEC-F,15.0,0.0,0.0,,,0,0,0,0,0,0,96,2026-02-04 16:28:14.280507
NG,2.01,1.99,2.03,800000.0,800000.0,0,0,0,0,0,0,97,2026-02-04 16:28:15.324922
ELEC-day2,20.0,0.0,0.0,,,0,0,0,0,0,0,97,2026-02-04 16:28:15.324922
ELEC-day3,19.57,0.0,0.0,,,0,0,0,0,0,0,97,2026-02-04 16:28:15.324922
ELEC-day4,20.76,0.0,0.0,,,0,0,0,0,0,0,97,2026-02-04 16:28:15.324922
ELEC-day5,20.77,20.76,20.77,364.0,364.0,0,0,0,0,0,0,97,2026-02-04 16:28:15.324922
ELEC-day6,0.0,0.0,0.0,,,0,0,0,0,0,0,97,2026-02-04 16:28:15.324922
ELEC-F,15.0,0.0,0.0,,,0,0,0,0,0,0,97,2026-02-04 16:28:15.324922
NG,2.01,1.99,2.03,800000.0,800000.0,0,0,0,0,0,0,98,2026-02-04 16:28:16.359628
ELEC-day2,20.0,0.0,0.0,,,0,0,0,0,0,0,98,2026-02-04 16:28:16.359628
ELEC-day3,19.57,0.0,0.0,,,0,0,0,0,0,0,98,2026-02-04 16:28:16.359628
ELEC-day4,20.76,0.0,0.0,,,0,0,0,0,0,0,98,2026-02-04 16:28:16.359628
ELEC-day5,20.77,20.76,20.77,364.0,364.0,0,0,0,0,0,0,98,2026-02-04 16:28:16.359628
ELEC-day6,0.0,0.0,0.0,,,0,0,0,0,0,0,98,2026-02-04 16:28:16.359628
ELEC-F,15.0,0.0,0.0,,,0,0,0,0,0,0,98,2026-02-04 16:28:16.359628
NG,2.01,1.99,2.03,800000.0,800000.0,0,0,0,0,0,0,99,2026-02-04 16:28:17.454272
ELEC-day2,20.0,0.0,0.0,,,0,0,0,0,0,0,99,2026-02-04 16:28:17.454272
ELEC-day3,19.57,0.0,0.0,,,0,0,0,0,0,0,99,2026-02-04 16:28:17.454272
ELEC-day4,20.76,0.0,0.0,,,0,0,0,0,0,0,99,2026-02-04 16:28:17.454272
ELEC-day5,20.77,20.76,20.77,364.0,364.0,0,0,0,0,0,0,99,2026-02-04 16:28:17.454272
ELEC-day6,0.0,0.0,0.0,,,0,0,0,0,0,0,99,2026-02-04 16:28:17.454272
ELEC-F,15.0,0.0,0.0,,,0,0,0,0,0,0,99,2026-02-04 16:28:17.454272
NG,2.02,2.0,2.04,800000.0,800000.0,0,0,0,0,0,0,100,2026-02-04 16:28:18.057979
ELEC-day2,20.0,0.0,0.0,,,0,0,0,0,0,0,100,2026-02-04 16:28:18.057979
ELEC-day3,19.57,0.0,0.0,,,0,0,0,0,0,0,100,2026-02-04 16:28:18.057979
ELEC-day4,20.76,0.0,0.0,,,0,0,0,0,0,0,100,2026-02-04 16:28:18.057979
ELEC-day5,20.77,20.76,20.77,364.0,364.0,0,0,0,0,0,0,100,2026-02-04 16:28:18.057979
ELEC-day6,0.0,0.0,0.0,,,0,0,0,0,0,0,100,2026-02-04 16:28:18.057979
ELEC-F,15.0,0.0,0.0,,,0,0,0,0,0,0,100,2026-02-04 16:28:18.057979
NG,2.03,2.01,2.05,800000.0,800000.0,0,0,0,0,0,0,101,2026-02-04 16:28:19.107189
ELEC-day2,20.0,0.0,0.0,,,0,0,0,0,0,0,101,2026-02-04 16:28:19.107189
ELEC-day3,19.57,0.0,0.0,,,0,0,0,0,0,0,101,2026-02-04 16:28:19.107189
ELEC-day4,20.76,0.0,0.0,,,0,0,0,0,0,0,101,2026-02-04 16:28:19.107189
ELEC-day5,20.76,20.76,20.77,364.0,364.0,0,0,0,0,0,0,101,2026-02-04 16:28:19.107189
ELEC-day6,0.0,0.0,0.0,,,0,0,0,0,0,0,101,2026-02-04 16:28:19.107189
ELEC-F,15.0,0.0,0.0,,,0,0,0,0,0,0,101,2026-02-04 16:28:19.107189
NG,2.03,2.01,2.05,800000.0,800000.0,0,0,0,0,0,0,102,2026-02-04 16:28:20.143762
ELEC-day2,20.0,0.0,0.0,,,0,0,0,0,0,0,102,2026-02-04 16:28:20.143762
ELEC-day3,19.57,0.0,0.0,,,0,0,0,0,0,0,102,2026-02-04 16:28:20.143762
ELEC-day4,20.76,0.0,0.0,,,0,0,0,0,0,0,102,2026-02-04 16:28:20.143762
ELEC-day5,20.76,20.76,20.77,364.0,364.0,0,0,0,0,0,0,102,2026-02-04 16:28:20.143762
ELEC-day6,0.0,0.0,0.0,,,0,0,0,0,0,0,102,2026-02-04 16:28:20.143762
ELEC-F,15.0,0.0,0.0,,,0,0,0,0,0,0,102,2026-02-04 16:28:20.143762
NG,2.03,2.01,2.05,800000.0,800000.0,0,0,0,0,0,0,103,2026-02-04 16:28:21.189608
ELEC-day2,20.0,0.0,0.0,,,0,0,0,0,0,0,103,2026-02-04 16:28:21.189608
ELEC-day3,19.57,0.0,0.0,,,0,0,0,0,0,0,103,2026-02-04 16:28:21.189608
ELEC-day4,20.76,0.0,0.0,,,0,0,0,0,0,0,103,2026-02-04 16:28:21.189608
ELEC-day5,20.76,20.76,20.77,364.0,364.0,0,0,0,0,0,0,103,2026-02-04 16:28:21.189608
ELEC-day6,0.0,0.0,0.0,,,0,0,0,0,0,0,103,2026-02-04 16:28:21.189608
ELEC-F,15.0,0.0,0.0,,,0,0,0,0,0,0,103,2026-02-04 16:28:21.189608
NG,2.03,2.01,2.05,800000.0,800000.0,0,0,0,0,0,0,104,2026-02-04 16:28:22.241926
ELEC-day2,20.0,0.0,0.0,,,0,0,0,0,0,0,104,2026-02-04 16:28:22.241926
ELEC-day3,19.57,0.0,0.0,,,0,0,0,0,0,0,104,2026-02-04 16:28:22.241926
ELEC-day4,20.76,0.0,0.0,,,0,0,0,0,0,0,104,2026-02-04 16:28:22.241926
ELEC-day5,20.76,20.76,20.77,364.0,364.0,0,0,0,0,0,0,104,2026-02-04 16:28:22.241926
ELEC-day6,0.0,0.0,0.0,,,0,0,0,0,0,0,104,2026-02-04 16:28:22.241926
ELEC-F,15.0,0.0,0.0,,,0,0,0,0,0,0,104,2026-02-04 16:28:22.241926
NG,2.02,2.0,2.04,800000.0,800000.0,0,0,0,0,0,0,105,2026-02-04 16:28:23.291925
ELEC-day2,20.0,0.0,0.0,,,0,0,0,0,0,0,105,2026-02-04 16:28:23.291925
ELEC-day3,19.57,0.0,0.0,,,0,0,0,0,0,0,105,2026-02-04 16:28:23.291925
ELEC-day4,20.76,0.0,0.0,,,0,0,0,0,0,0,105,2026-02-04 16:28:23.291925
ELEC-day5,20.76,20.76,20.77,364.0,364.0,0,0,0,0,0,0,105,2026-02-04 16:28:23.291925
ELEC-day6,0.0,0.0,0.0,,,0,0,0,0,0,0,105,2026-02-04 16:28:23.291925
ELEC-F,15.0,0.0,0.0,,,0,0,0,0,0,0,105,2026-02-04 16:28:23.291925
NG,2.02,2.0,2.04,800000.0,800000.0,0,0,0,0,0,0,106,2026-02-04 16:28:24.341507
ELEC-day2,20.0,0.0,0.0,,,0,0,0,0,0,0,106,2026-02-04 16:28:24.341507
ELEC-day3,19.57,0.0,0.0,,,0,0,0,0,0,0,106,2026-02-04 16:28:24.341507
ELEC-day4,20.76,0.0,0.0,,,0,0,0,0,0,0,106,2026-02-04 16:28:24.341507
ELEC-day5,20.76,20.76,20.77,364.0,364.0,0,0,0,0,0,0,106,2026-02-04 16:28:24.341507
ELEC-day6,0.0,0.0,0.0,,,0,0,0,0,0,0,106,2026-02-04 16:28:24.341507
ELEC-F,15.0,0.0,0.0,,,0,0,0,0,0,0,106,2026-02-04 16:28:24.341507
NG,2.01,1.99,2.03,800000.0,800000.0,0,0,0,0,0,0,107,2026-02-04 16:28:25.379784
ELEC-day2,20.0,0.0,0.0,,,0,0,0,0,0,0,107,2026-02-04 16:28:25.379784
ELEC-day3,19.57,0.0,0.0,,,0,0,0,0,0,0,107,2026-02-04 16:28:25.379784
ELEC-day4,20.76,0.0,0.0,,,0,0,0,0,0,0,107,2026-02-04 16:28:25.379784
ELEC-day5,20.76,20.76,20.77,364.0,364.0,0,0,0,0,0,0,107,2026-02-04 16:28:25.379784
ELEC-day6,0.0,0.0,0.0,,,0,0,0,0,0,0,107,2026-02-04 16:28:25.379784
ELEC-F,15.0,0.0,0.0,,,0,0,0,0,0,0,107,2026-02-04 16:28:25.379784
NG,2.03,2.01,2.05,800000.0,800000.0,0,0,0,0,0,0,108,2026-02-04 16:28:26.423056
ELEC-day2,20.0,0.0,0.0,,,0,0,0,0,0,0,108,2026-02-04 16:28:26.423056
ELEC-day3,19.57,0.0,0.0,,,0,0,0,0,0,0,108,2026-02-04 16:28:26.423056
ELEC-day4,20.76,0.0,0.0,,,0,0,0,0,0,0,108,2026-02-04 16:28:26.423056
ELEC-day5,20.77,20.76,20.77,364.0,364.0,0,0,0,0,0,0,108,2026-02-04 16:28:26.423056
ELEC-day6,0.0,0.0,0.0,,,0,0,0,0,0,0,108,2026-02-04 16:28:26.423056
ELEC-F,15.0,0.0,0.0,,,0,0,0,0,0,0,108,2026-02-04 16:28:26.423056
NG,2.02,2.0,2.04,800000.0,800000.0,0,0,0,0,0,0,109,2026-02-04 16:28:27.546020
ELEC-day2,20.0,0.0,0.0,,,0,0,0,0,0,0,109,2026-02-04 16:28:27.546020
ELEC-day3,19.57,0.0,0.0,,,0,0,0,0,0,0,109,2026-02-04 16:28:27.546020
ELEC-day4,20.76,0.0,0.0,,,0,0,0,0,0,0,109,2026-02-04 16:28:27.546020
ELEC-day5,20.77,20.76,20.77,364.0,364.0,0,0,0,0,0,0,109,2026-02-04 16:28:27.546020
ELEC-day6,0.0,0.0,0.0,,,0,0,0,0,0,0,109,2026-02-04 16:28:27.546020
ELEC-F,15.0,0.0,0.0,,,0,0,0,0,0,0,109,2026-02-04 16:28:27.546020
NG,2.03,2.01,2.05,800000.0,800000.0,0,0,0,0,0,0,110,2026-02-04 16:28:28.089193
ELEC-day2,20.0,0.0,0.0,,,0,0,0,0,0,0,110,2026-02-04 16:28:28.089193
ELEC-day3,19.57,0.0,0.0,,,0,0,0,0,0,0,110,2026-02-04 16:28:28.089193
ELEC-day4,20.76,0.0,0.0,,,0,0,0,0,0,0,110,2026-02-04 16:28:28.089193
ELEC-day5,20.77,20.76,20.77,364.0,364.0,0,0,0,0,0,0,110,2026-02-04 16:28:28.089193
ELEC-day6,0.0,0.0,0.0,,,0,0,0,0,0,0,110,2026-02-04 16:28:28.089193
ELEC-F,15.0,0.0,0.0,,,0,0,0,0,0,0,110,2026-02-04 16:28:28.089193
NG,2.03,2.01,2.05,800000.0,800000.0,0,0,0,0,0,0,111,2026-02-04 16:28:29.193092
ELEC-day2,20.0,0.0,0.0,,,0,0,0,0,0,0,111,2026-02-04 16:28:29.193092
ELEC-day3,19.57,0.0,0.0,,,0,0,0,0,0,0,111,2026-02-04 16:28:29.193092
ELEC-day4,20.76,0.0,0.0,,,0,0,0,0,0,0,111,2026-02-04 16:28:29.193092
ELEC-day5,20.77,20.76,20.77,364.0,364.0,0,0,0,0,0,0,111,2026-02-04 16:28:29.193092
ELEC-day6,0.0,0.0,0.0,,,0,0,0,0,0,0,111,2026-02-04 16:28:29.193092
ELEC-F,15.0,0.0,0.0,,,0,0,0,0,0,0,111,2026-02-04 16:28:29.193092
NG,2.03,2.01,2.05,800000.0,800000.0,0,0,0,0,0,0,112,2026-02-04 16:28:30.239729
ELEC-day2,20.0,0.0,0.0,,,0,0,0,0,0,0,112,2026-02-04 16:28:30.239729
ELEC-day3,19.57,0.0,0.0,,,0,0,0,0,0,0,112,2026-02-04 16:28:30.239729
ELEC-day4,20.76,0.0,0.0,,,0,0,0,0,0,0,112,2026-02-04 16:28:30.239729
ELEC-day5,20.77,20.76,20.77,364.0,364.0,0,0,0,0,0,0,112,2026-02-04 16:28:30.239729
ELEC-day6,0.0,0.0,0.0,,,0,0,0,0,0,0,112,2026-02-04 16:28:30.239729
ELEC-F,15.0,0.0,0.0,,,0,0,0,0,0,0,112,2026-02-04 16:28:30.239729
NG,2.02,2.0,2.04,800000.0,800000.0,0,0,0,0,0,0,113,2026-02-04 16:28:31.278864
ELEC-day2,20.0,0.0,0.0,,,0,0,0,0,0,0,113,2026-02-04 16:28:31.278864
ELEC-day3,19.57,0.0,0.0,,,0,0,0,0,0,0,113,2026-02-04 16:28:31.278864
ELEC-day4,20.76,0.0,0.0,,,0,0,0,0,0,0,113,2026-02-04 16:28:31.278864
ELEC-day5,20.77,20.76,20.77,364.0,364.0,0,0,0,0,0,0,113,2026-02-04 16:28:31.278864
ELEC-day6,0.0,0.0,0.0,,,0,0,0,0,0,0,113,2026-02-04 16:28:31.278864
ELEC-F,67.0,0.0,0.0,,,0,0,0,0,0,0,113,2026-02-04 16:28:31.278864
NG,2.01,1.99,2.03,800000.0,800000.0,0,0,0,0,0,0,114,2026-02-04 16:28:32.319088
ELEC-day2,20.0,0.0,0.0,,,0,0,0,0,0,0,114,2026-02-04 16:28:32.319088
ELEC-day3,19.57,0.0,0.0,,,0,0,0,0,0,0,114,2026-02-04 16:28:32.319088
ELEC-day4,20.76,0.0,0.0,,,0,0,0,0,0,0,114,2026-02-04 16:28:32.319088
ELEC-day5,20.77,20.76,20.77,364.0,364.0,0,0,0,0,0,0,114,2026-02-04 16:28:32.319088
ELEC-day6,0.0,0.0,0.0,,,0,0,0,0,0,0,114,2026-02-04 16:28:32.319088
ELEC-F,67.0,0.0,0.0,,,0,0,0,0,0,0,114,2026-02-04 16:28:32.319088
NG,2.01,1.99,2.03,800000.0,800000.0,0,0,0,0,0,0,115,2026-02-04 16:28:33.358009
ELEC-day2,20.0,0.0,0.0,,,0,0,0,0,0,0,115,2026-02-04 16:28:33.358009
ELEC-day3,19.57,0.0,0.0,,,0,0,0,0,0,0,115,2026-02-04 16:28:33.358009
ELEC-day4,20.76,0.0,0.0,,,0,0,0,0,0,0,115,2026-02-04 16:28:33.358009
ELEC-day5,20.77,20.76,20.77,364.0,364.0,0,0,0,0,0,0,115,2026-02-04 16:28:33.358009
ELEC-day6,0.0,0.0,0.0,,,0,0,0,0,0,0,115,2026-02-04 16:28:33.358009
ELEC-F,67.0,0.0,0.0,,,0,0,0,0,0,0,115,2026-02-04 16:28:33.358009
NG,2.01,1.99,2.03,800000.0,800000.0,0,0,0,0,0,0,116,2026-02-04 16:28:34.406320
ELEC-day2,20.0,0.0,0.0,,,0,0,0,0,0,0,116,2026-02-04 16:28:34.406320
ELEC-day3,19.57,0.0,0.0,,,0,0,0,0,0,0,116,2026-02-04 16:28:34.406320
ELEC-day4,20.76,0.0,0.0,,,0,0,0,0,0,0,116,2026-02-04 16:28:34.406320
ELEC-day5,20.77,20.76,20.77,364.0,364.0,0,0,0,0,0,0,116,2026-02-04 16:28:34.406320
ELEC-day6,0.0,0.0,0.0,,,0,0,0,0,0,0,116,2026-02-04 16:28:34.406320
ELEC-F,67.0,0.0,0.0,,,0,0,0,0,0,0,116,2026-02-04 16:28:34.406320
NG,2.01,1.99,2.03,800000.0,800000.0,0,0,0,0,0,0,117,2026-02-04 16:28:35.457378
ELEC-day2,20.0,0.0,0.0,,,0,0,0,0,0,0,117,2026-02-04 16:28:35.457378
ELEC-day3,19.57,0.0,0.0,,,0,0,0,0,0,0,117,2026-02-04 16:28:35.457378
ELEC-day4,20.76,0.0,0.0,,,0,0,0,0,0,0,117,2026-02-04 16:28:35.457378
ELEC-day5,20.77,20.76,20.77,364.0,364.0,0,0,0,0,0,0,117,2026-02-04 16:28:35.457378
ELEC-day6,0.0,0.0,0.0,,,0,0,0,0,0,0,117,2026-02-04 16:28:35.457378
ELEC-F,67.0,0.0,0.0,,,0,0,0,0,0,0,117,2026-02-04 16:28:35.457378
NG,2.0,1.98,2.02,800000.0,800000.0,0,0,0,0,0,0,118,2026-02-04 16:28:36.264837
ELEC-day2,20.0,0.0,0.0,,,0,0,0,0,0,0,118,2026-02-04 16:28:36.264837
ELEC-day3,19.57,0.0,0.0,,,0,0,0,0,0,0,118,2026-02-04 16:28:36.264837
ELEC-day4,20.76,0.0,0.0,,,0,0,0,0,0,0,118,2026-02-04 16:28:36.264837
ELEC-day5,20.77,20.76,20.77,364.0,364.0,0,0,0,0,0,0,118,2026-02-04 16:28:36.264837
ELEC-day6,0.0,0.0,0.0,,,0,0,0,0,0,0,118,2026-02-04 16:28:36.264837
ELEC-F,67.0,0.0,0.0,,,0,0,0,0,0,0,118,2026-02-04 16:28:36.264837
NG,2.0,1.98,2.02,800000.0,800000.0,0,0,0,0,0,0,119,2026-02-04 16:28:37.319310
ELEC-day2,20.0,0.0,0.0,,,0,0,0,0,0,0,119,2026-02-04 16:28:37.319310
ELEC-day3,19.57,0.0,0.0,,,0,0,0,0,0,0,119,2026-02-04 16:28:37.319310
ELEC-day4,20.76,0.0,0.0,,,0,0,0,0,0,0,119,2026-02-04 16:28:37.319310
ELEC-day5,20.77,20.76,0.0,364.0,,0,0,0,0,0,0,119,2026-02-04 16:28:37.319310
ELEC-day6,0.0,0.0,0.0,,,0,0,0,0,0,0,119,2026-02-04 16:28:37.319310
ELEC-F,67.0,0.0,0.0,,,0,0,0,0,0,0,119,2026-02-04 16:28:37.319310
NG,2.01,1.99,2.03,800000.0,800000.0,0,0,0,0,0,0,120,2026-02-04 16:28:38.370142
ELEC-day2,20.0,0.0,0.0,,,0,0,0,0,0,0,120,2026-02-04 16:28:38.370142
ELEC-day3,19.57,0.0,0.0,,,0,0,0,0,0,0,120,2026-02-04 16:28:38.370142
ELEC-day4,20.76,0.0,0.0,,,0,0,0,0,0,0,120,2026-02-04 16:28:38.370142
ELEC-day5,20.77,20.76,0.0,364.0,,0,0,0,0,0,0,120,2026-02-04 16:28:38.370142
ELEC-day6,0.0,0.0,0.0,,,0,0,0,0,0,0,120,2026-02-04 16:28:38.370142
ELEC-F,67.0,0.0,0.0,,,0,0,0,0,0,0,120,2026-02-04 16:28:38.370142
NG,2.01,1.99,2.03,800000.0,800000.0,0,0,0,0,0,0,121,2026-02-04 16:28:39.414821
ELEC-day2,20.0,0.0,0.0,,,0,0,0,0,0,0,121,2026-02-04 16:28:39.414821
ELEC-day3,19.57,0.0,0.0,,,0,0,0,0,0,0,121,2026-02-04 16:28:39.414821
ELEC-day4,20.76,0.0,0.0,,,0,0,0,0,0,0,121,2026-02-04 16:28:39.414821
ELEC-day5,20.77,20.76,0.0,364.0,,0,0,0,0,0,0,121,2026-02-04 16:28:39.414821
ELEC-day6,0.0,0.0,0.0,,,0,0,0,0,0,0,121,2026-02-04 16:28:39.414821
ELEC-F,67.0,0.0,0.0,,,0,0,0,0,0,0,121,2026-02-04 16:28:39.414821
NG,2.01,1.99,2.03,800000.0,800000.0,0,0,0,0,0,0,122,2026-02-04 16:28:40.454315
ELEC-day2,20.0,0.0,0.0,,,0,0,0,0,0,0,122,2026-02-04 16:28:40.454315
ELEC-day3,19.57,0.0,0.0,,,0,0,0,0,0,0,122,2026-02-04 16:28:40.454315
ELEC-day4,20.76,0.0,0.0,,,0,0,0,0,0,0,122,2026-02-04 16:28:40.454315
ELEC-day5,20.77,20.76,0.0,364.0,,0,0,0,0,0,0,122,2026-02-04 16:28:40.454315
ELEC-day6,0.0,0.0,0.0,,,0,0,0,0,0,0,122,2026-02-04 16:28:40.454315
ELEC-F,67.0,0.0,0.0,,,0,0,0,0,0,0,122,2026-02-04 16:28:40.454315
NG,2.01,1.99,2.03,800000.0,800000.0,0,0,0,0,0,0,123,2026-02-04 16:28:41.511082
ELEC-day2,20.0,0.0,0.0,,,0,0,0,0,0,0,123,2026-02-04 16:28:41.511082
ELEC-day3,19.57,0.0,0.0,,,0,0,0,0,0,0,123,2026-02-04 16:28:41.511082
ELEC-day4,20.76,0.0,0.0,,,0,0,0,0,0,0,123,2026-02-04 16:28:41.511082
ELEC-day5,20.77,20.76,0.0,364.0,,0,0,0,0,0,0,123,2026-02-04 16:28:41.511082
ELEC-day6,0.0,0.0,0.0,,,0,0,0,0,0,0,123,2026-02-04 16:28:41.511082
ELEC-F,67.0,0.0,0.0,,,0,0,0,0,0,0,123,2026-02-04 16:28:41.511082
NG,2.01,1.99,2.03,800000.0,800000.0,0,0,0,0,0,0,124,2026-02-04 16:28:42.094997
ELEC-day2,20.0,0.0,0.0,,,0,0,0,0,0,0,124,2026-02-04 16:28:42.094997
ELEC-day3,19.57,0.0,0.0,,,0,0,0,0,0,0,124,2026-02-04 16:28:42.094997
ELEC-day4,20.76,0.0,0.0,,,0,0,0,0,0,0,124,2026-02-04 16:28:42.094997
ELEC-day5,20.77,20.76,0.0,364.0,,0,0,0,0,0,0,124,2026-02-04 16:28:42.094997
ELEC-day6,0.0,0.0,0.0,,,0,0,0,0,0,0,124,2026-02-04 16:28:42.094997
ELEC-F,67.0,0.0,0.0,,,0,0,0,0,0,0,124,2026-02-04 16:28:42.094997
NG,2.02,2.0,2.04,800000.0,800000.0,0,0,0,0,0,0,125,2026-02-04 16:28:43.252891
ELEC-day2,20.0,0.0,0.0,,,0,0,0,0,0,0,125,2026-02-04 16:28:43.252891
ELEC-day3,19.57,0.0,0.0,,,0,0,0,0,0,0,125,2026-02-04 16:28:43.252891
ELEC-day4,20.76,0.0,0.0,,,0,0,0,0,0,0,125,2026-02-04 16:28:43.252891
ELEC-day5,20.76,20.76,0.0,364.0,,0,0,0,0,0,0,125,2026-02-04 16:28:43.252891
ELEC-day6,0.0,0.0,0.0,,,0,0,0,0,0,0,125,2026-02-04 16:28:43.252891
ELEC-F,67.0,0.0,0.0,,,0,0,0,0,0,0,125,2026-02-04 16:28:43.252891
NG,2.02,2.0,2.04,800000.0,800000.0,0,0,0,0,0,0,126,2026-02-04 16:28:44.305810
ELEC-day2,20.0,0.0,0.0,,,0,0,0,0,0,0,126,2026-02-04 16:28:44.305810
ELEC-day3,19.57,0.0,0.0,,,0,0,0,0,0,0,126,2026-02-04 16:28:44.305810
ELEC-day4,20.76,0.0,0.0,,,0,0,0,0,0,0,126,2026-02-04 16:28:44.305810
ELEC-day5,20.76,20.76,0.0,364.0,,0,0,0,0,0,0,126,2026-02-04 16:28:44.305810
ELEC-day6,0.0,0.0,0.0,,,0,0,0,0,0,0,126,2026-02-04 16:28:44.305810
ELEC-F,67.0,0.0,0.0,,,0,0,0,0,0,0,126,2026-02-04 16:28:44.305810
NG,2.02,2.0,2.04,800000.0,800000.0,0,0,0,0,0,0,127,2026-02-04 16:28:45.349829
ELEC-day2,20.0,0.0,0.0,,,0,0,0,0,0,0,127,2026-02-04 16:28:45.349829
ELEC-day3,19.57,0.0,0.0,,,0,0,0,0,0,0,127,2026-02-04 16:28:45.349829
ELEC-day4,20.76,0.0,0.0,,,0,0,0,0,0,0,127,2026-02-04 16:28:45.349829
ELEC-day5,20.76,20.76,0.0,364.0,,0,0,0,0,0,0,127,2026-02-04 16:28:45.349829
ELEC-day6,0.0,0.0,0.0,,,0,0,0,0,0,0,127,2026-02-04 16:28:45.349829
ELEC-F,67.0,0.0,0.0,,,0,0,0,0,0,0,127,2026-02-04 16:28:45.349829
NG,2.02,2.0,2.04,800000.0,800000.0,0,0,0,0,0,0,128,2026-02-04 16:28:46.395493
ELEC-day2,20.0,0.0,0.0,,,0,0,0,0,0,0,128,2026-02-04 16:28:46.395493
ELEC-day3,19.57,0.0,0.0,,,0,0,0,0,0,0,128,2026-02-04 16:28:46.395493
ELEC-day4,20.76,0.0,0.0,,,0,0,0,0,0,0,128,2026-02-04 16:28:46.395493
ELEC-day5,20.76,20.76,0.0,364.0,,0,0,0,0,0,0,128,2026-02-04 16:28:46.395493
ELEC-day6,0.0,0.0,0.0,,,0,0,0,0,0,0,128,2026-02-04 16:28:46.395493
ELEC-F,67.0,0.0,0.0,,,0,0,0,0,0,0,128,2026-02-04 16:28:46.395493
NG,2.0,1.98,2.02,800000.0,800000.0,0,0,0,0,0,0,129,2026-02-04 16:28:47.430441
ELEC-day2,20.0,0.0,0.0,,,0,0,0,0,0,0,129,2026-02-04 16:28:47.430441
ELEC-day3,19.57,0.0,0.0,,,0,0,0,0,0,0,129,2026-02-04 16:28:47.430441
ELEC-day4,20.76,0.0,0.0,,,0,0,0,0,0,0,129,2026-02-04 16:28:47.430441
ELEC-day5,20.76,20.76,0.0,364.0,,0,0,0,0,0,0,129,2026-02-04 16:28:47.430441
ELEC-day6,0.0,0.0,0.0,,,0,0,0,0,0,0,129,2026-02-04 16:28:47.430441
ELEC-F,67.0,0.0,0.0,,,0,0,0,0,0,0,129,2026-02-04 16:28:47.430441
NG,2.0,1.98,2.02,800000.0,800000.0,0,0,0,0,0,0,130,2026-02-04 16:28:48.479065
ELEC-day2,20.0,0.0,0.0,,,0,0,0,0,0,0,130,2026-02-04 16:28:48.479065
ELEC-day3,19.57,0.0,0.0,,,0,0,0,0,0,0,130,2026-02-04 16:28:48.479065
ELEC-day4,20.76,0.0,0.0,,,0,0,0,0,0,0,130,2026-02-04 16:28:48.479065
ELEC-day5,20.76,0.0,0.0,,,0,0,0,0,0,0,130,2026-02-04 16:28:48.479065
ELEC-day6,0.0,0.0,0.0,,,0,0,0,0,0,0,130,2026-02-04 16:28:48.479065
ELEC-F,67.0,0.0,0.0,,,0,0,0,0,0,0,130,2026-02-04 16:28:48.479065
NG,2.01,1.99,2.03,800000.0,800000.0,0,0,0,0,0,0,131,2026-02-04 16:28:49.517903
ELEC-day2,20.0,0.0,0.0,,,0,0,0,0,0,0,131,2026-02-04 16:28:49.517903
ELEC-day3,19.57,0.0,0.0,,,0,0,0,0,0,0,131,2026-02-04 16:28:49.517903
ELEC-day4,20.76,0.0,0.0,,,0,0,0,0,0,0,131,2026-02-04 16:28:49.517903
ELEC-day5,20.76,0.0,0.0,,,0,0,0,0,0,0,131,2026-02-04 16:28:49.517903
ELEC-day6,0.0,0.0,0.0,,,0,0,0,0,0,0,131,2026-02-04 16:28:49.517903
ELEC-F,67.0,0.0,0.0,,,0,0,0,0,0,0,131,2026-02-04 16:28:49.517903
NG,2.01,1.99,2.03,800000.0,800000.0,0,0,0,0,0,0,132,2026-02-04 16:28:50.630590
ELEC-day2,20.0,0.0,0.0,,,0,0,0,0,0,0,132,2026-02-04 16:28:50.630590
ELEC-day3,19.57,0.0,0.0,,,0,0,0,0,0,0,132,2026-02-04 16:28:50.630590
ELEC-day4,20.76,0.0,0.0,,,0,0,0,0,0,0,132,2026-02-04 16:28:50.630590
ELEC-day5,20.76,0.0,0.0,,,0,0,0,0,0,0,132,2026-02-04 16:28:50.630590
ELEC-day6,0.0,0.0,0.0,,,0,0,0,0,0,0,132,2026-02-04 16:28:50.630590
ELEC-F,67.0,0.0,0.0,,,0,0,0,0,0,0,132,2026-02-04 16:28:50.630590
NG,2.01,1.99,2.03,800000.0,800000.0,0,0,0,0,0,0,133,2026-02-04 16:28:51.165015
ELEC-day2,20.0,0.0,0.0,,,0,0,0,0,0,0,133,2026-02-04 16:28:51.165015
ELEC-day3,19.57,0.0,0.0,,,0,0,0,0,0,0,133,2026-02-04 16:28:51.165015
ELEC-day4,20.76,0.0,0.0,,,0,0,0,0,0,0,133,2026-02-04 16:28:51.165015
ELEC-day5,20.76,0.0,0.0,,,0,0,0,0,0,0,133,2026-02-04 16:28:51.165015
ELEC-day6,0.0,0.0,0.0,,,0,0,0,0,0,0,133,2026-02-04 16:28:51.165015
ELEC-F,67.0,0.0,0.0,,,0,0,0,0,0,0,133,2026-02-04 16:28:51.165015
NG,2.01,1.99,2.03,800000.0,800000.0,0,0,0,0,0,0,134,2026-02-04 16:28:52.289618
ELEC-day2,20.0,0.0,0.0,,,0,0,0,0,0,0,134,2026-02-04 16:28:52.289618
ELEC-day3,19.57,0.0,0.0,,,0,0,0,0,0,0,134,2026-02-04 16:28:52.289618
ELEC-day4,20.76,0.0,0.0,,,0,0,0,0,0,0,134,2026-02-04 16:28:52.289618
ELEC-day5,20.76,0.0,0.0,,,0,0,0,0,0,0,134,2026-02-04 16:28:52.289618
ELEC-day6,0.0,0.0,0.0,,,0,0,0,0,0,0,134,2026-02-04 16:28:52.289618
ELEC-F,67.0,0.0,0.0,,,0,0,0,0,0,0,134,2026-02-04 16:28:52.289618
NG,2.01,1.99,2.03,800000.0,800000.0,0,0,0,0,0,0,135,2026-02-04 16:28:53.366327
ELEC-day2,20.0,0.0,0.0,,,0,0,0,0,0,0,135,2026-02-04 16:28:53.366327
ELEC-day3,19.57,0.0,0.0,,,0,0,0,0,0,0,135,2026-02-04 16:28:53.366327
ELEC-day4,20.76,0.0,0.0,,,0,0,0,0,0,0,135,2026-02-04 16:28:53.366327
ELEC-day5,20.76,0.0,0.0,,,0,0,0,0,0,0,135,2026-02-04 16:28:53.366327
ELEC-day6,0.0,0.0,0.0,,,0,0,0,0,0,0,135,2026-02-04 16:28:53.366327
ELEC-F,67.0,0.0,0.0,,,0,0,0,0,0,0,135,2026-02-04 16:28:53.366327
NG,2.02,2.0,2.04,800000.0,800000.0,0,0,0,0,0,0,136,2026-02-04 16:28:54.423258
ELEC-day2,20.0,0.0,0.0,,,0,0,0,0,0,0,136,2026-02-04 16:28:54.423258
ELEC-day3,19.57,0.0,0.0,,,0,0,0,0,0,0,136,2026-02-04 16:28:54.423258
ELEC-day4,20.76,0.0,0.0,,,0,0,0,0,0,0,136,2026-02-04 16:28:54.423258
ELEC-day5,20.76,0.0,0.0,,,0,0,0,0,0,0,136,2026-02-04 16:28:54.423258
ELEC-day6,0.0,0.0,0.0,,,0,0,0,0,0,0,136,2026-02-04 16:28:54.423258
ELEC-F,67.0,0.0,0.0,,,0,0,0,0,0,0,136,2026-02-04 16:28:54.423258
NG,2.02,2.0,2.04,800000.0,800000.0,0,0,0,0,0,0,137,2026-02-04 16:28:55.459563
ELEC-day2,20.0,0.0,0.0,,,0,0,0,0,0,0,137,2026-02-04 16:28:55.459563
ELEC-day3,19.57,0.0,0.0,,,0,0,0,0,0,0,137,2026-02-04 16:28:55.459563
ELEC-day4,20.76,0.0,0.0,,,0,0,0,0,0,0,137,2026-02-04 16:28:55.459563
ELEC-day5,20.76,0.0,0.0,,,0,0,0,0,0,0,137,2026-02-04 16:28:55.459563
ELEC-day6,0.0,0.0,0.0,,,0,0,0,0,0,0,137,2026-02-04 16:28:55.459563
ELEC-F,67.0,0.0,0.0,,,0,0,0,0,0,0,137,2026-02-04 16:28:55.459563
NG,2.02,2.0,2.04,800000.0,800000.0,0,0,0,0,0,0,138,2026-02-04 16:28:56.499973
ELEC-day2,20.0,0.0,0.0,,,0,0,0,0,0,0,138,2026-02-04 16:28:56.499973
ELEC-day3,19.57,0.0,0.0,,,0,0,0,0,0,0,138,2026-02-04 16:28:56.499973
ELEC-day4,20.76,0.0,0.0,,,0,0,0,0,0,0,138,2026-02-04 16:28:56.499973
ELEC-day5,20.76,0.0,0.0,,,0,0,0,0,0,0,138,2026-02-04 16:28:56.499973
ELEC-day6,0.0,0.0,0.0,,,0,0,0,0,0,0,138,2026-02-04 16:28:56.499973
ELEC-F,67.0,0.0,0.0,,,0,0,0,0,0,0,138,2026-02-04 16:28:56.499973
NG,2.03,2.01,2.05,800000.0,800000.0,0,0,0,0,0,0,139,2026-02-04 16:28:57.538503
ELEC-day2,20.0,0.0,0.0,,,0,0,0,0,0,0,139,2026-02-04 16:28:57.538503
ELEC-day3,19.57,0.0,0.0,,,0,0,0,0,0,0,139,2026-02-04 16:28:57.538503
ELEC-day4,20.76,0.0,0.0,,,0,0,0,0,0,0,139,2026-02-04 16:28:57.538503
ELEC-day5,20.76,0.0,0.0,,,0,0,0,0,0,0,139,2026-02-04 16:28:57.538503
ELEC-day6,0.0,0.0,0.0,,,0,0,0,0,0,0,139,2026-02-04 16:28:57.538503
ELEC-F,67.0,0.0,0.0,,,0,0,0,0,0,0,139,2026-02-04 16:28:57.538503
NG,2.03,2.01,2.05,800000.0,800000.0,0,0,0,0,0,0,140,2026-02-04 16:28:58.572482
ELEC-day2,20.0,0.0,0.0,,,0,0,0,0,0,0,140,2026-02-04 16:28:58.572482
ELEC-day3,19.57,0.0,0.0,,,0,0,0,0,0,0,140,2026-02-04 16:28:58.572482
ELEC-day4,20.76,0.0,0.0,,,0,0,0,0,0,0,140,2026-02-04 16:28:58.572482
ELEC-day5,20.76,0.0,0.0,,,0,0,0,0,0,0,140,2026-02-04 16:28:58.572482
ELEC-day6,0.0,0.0,0.0,,,0,0,0,0,0,0,140,2026-02-04 16:28:58.572482
ELEC-F,67.0,0.0,0.0,,,0,0,0,0,0,0,140,2026-02-04 16:28:58.572482
NG,2.02,2.0,2.04,800000.0,800000.0,0,0,0,0,0,0,141,2026-02-04 16:28:59.670097
ELEC-day2,20.0,0.0,0.0,,,0,0,0,0,0,0,141,2026-02-04 16:28:59.670097
ELEC-day3,19.57,0.0,0.0,,,0,0,0,0,0,0,141,2026-02-04 16:28:59.670097
ELEC-day4,20.76,0.0,0.0,,,0,0,0,0,0,0,141,2026-02-04 16:28:59.670097
ELEC-day5,20.76,0.0,0.0,,,0,0,0,0,0,0,141,2026-02-04 16:28:59.670097
ELEC-day6,0.0,0.0,0.0,,,0,0,0,0,0,0,141,2026-02-04 16:28:59.670097
ELEC-F,67.0,0.0,0.0,,,0,0,0,0,0,0,141,2026-02-04 16:28:59.670097
NG,2.03,2.01,2.05,800000.0,800000.0,0,0,0,0,0,0,142,2026-02-04 16:29:00.275639
ELEC-day2,20.0,0.0,0.0,,,0,0,0,0,0,0,142,2026-02-04 16:29:00.275639
ELEC-day3,19.57,0.0,0.0,,,0,0,0,0,0,0,142,2026-02-04 16:29:00.275639
ELEC-day4,20.76,0.0,0.0,,,0,0,0,0,0,0,142,2026-02-04 16:29:00.275639
ELEC-day5,20.76,0.0,0.0,,,0,0,0,0,0,0,142,2026-02-04 16:29:00.275639
ELEC-day6,0.0,0.0,0.0,,,0,0,0,0,0,0,142,2026-02-04 16:29:00.275639
ELEC-F,67.0,0.0,0.0,,,0,0,0,0,0,0,142,2026-02-04 16:29:00.275639
NG,2.04,2.02,2.06,800000.0,800000.0,0,0,0,0,0,0,143,2026-02-04 16:29:01.348175
ELEC-day2,20.0,0.0,0.0,,,0,0,0,0,0,0,143,2026-02-04 16:29:01.348175
ELEC-day3,19.57,0.0,0.0,,,0,0,0,0,0,0,143,2026-02-04 16:29:01.348175
ELEC-day4,20.76,0.0,0.0,,,0,0,0,0,0,0,143,2026-02-04 16:29:01.348175
ELEC-day5,20.76,0.0,0.0,,,0,0,0,0,0,0,143,2026-02-04 16:29:01.348175
ELEC-day6,0.0,0.0,0.0,,,0,0,0,0,0,0,143,2026-02-04 16:29:01.348175
ELEC-F,67.0,0.0,0.0,,,0,0,0,0,0,0,143,2026-02-04 16:29:01.348175
NG,2.03,2.01,2.05,800000.0,800000.0,0,0,0,0,0,0,144,2026-02-04 16:29:02.399516
ELEC-day2,20.0,0.0,0.0,,,0,0,0,0,0,0,144,2026-02-04 16:29:02.399516
ELEC-day3,19.57,0.0,0.0,,,0,0,0,0,0,0,144,2026-02-04 16:29:02.399516
ELEC-day4,20.76,0.0,0.0,,,0,0,0,0,0,0,144,2026-02-04 16:29:02.399516
ELEC-day5,20.76,0.0,0.0,,,0,0,0,0,0,0,144,2026-02-04 16:29:02.399516
ELEC-day6,0.0,0.0,0.0,,,0,0,0,0,0,0,144,2026-02-04 16:29:02.399516
ELEC-F,67.0,0.0,0.0,,,0,0,0,0,0,0,144,2026-02-04 16:29:02.399516
NG,2.04,2.02,2.06,800000.0,800000.0,0,0,0,0,0,0,145,2026-02-04 16:29:03.443686
ELEC-day2,20.0,0.0,0.0,,,0,0,0,0,0,0,145,2026-02-04 16:29:03.443686
ELEC-day3,19.57,0.0,0.0,,,0,0,0,0,0,0,145,2026-02-04 16:29:03.443686
ELEC-day4,20.76,0.0,0.0,,,0,0,0,0,0,0,145,2026-02-04 16:29:03.443686
ELEC-day5,20.76,0.0,0.0,,,0,0,0,0,0,0,145,2026-02-04 16:29:03.443686
ELEC-day6,0.0,0.0,0.0,,,0,0,0,0,0,0,145,2026-02-04 16:29:03.443686
ELEC-F,67.0,0.0,0.0,,,0,0,0,0,0,0,145,2026-02-04 16:29:03.443686
NG,2.04,2.02,2.06,800000.0,800000.0,0,0,0,0,0,0,146,2026-02-04 16:29:04.485481
ELEC-day2,20.0,0.0,0.0,,,0,0,0,0,0,0,146,2026-02-04 16:29:04.485481
ELEC-day3,19.57,0.0,0.0,,,0,0,0,0,0,0,146,2026-02-04 16:29:04.485481
ELEC-day4,20.76,0.0,0.0,,,0,0,0,0,0,0,146,2026-02-04 16:29:04.485481
ELEC-day5,20.76,0.0,0.0,,,0,0,0,0,0,0,146,2026-02-04 16:29:04.485481
ELEC-day6,0.0,0.0,0.0,,,0,0,0,0,0,0,146,2026-02-04 16:29:04.485481
ELEC-F,67.0,0.0,0.0,,,0,0,0,0,0,0,146,2026-02-04 16:29:04.485481
NG,2.03,2.01,2.05,800000.0,800000.0,0,0,0,0,0,0,147,2026-02-04 16:29:05.532082
ELEC-day2,20.0,0.0,0.0,,,0,0,0,0,0,0,147,2026-02-04 16:29:05.532082
ELEC-day3,19.57,0.0,0.0,,,0,0,0,0,0,0,147,2026-02-04 16:29:05.532082
ELEC-day4,20.76,0.0,0.0,,,0,0,0,0,0,0,147,2026-02-04 16:29:05.532082
ELEC-day5,20.76,0.0,0.0,,,0,0,0,0,0,0,147,2026-02-04 16:29:05.532082
ELEC-day6,0.0,0.0,0.0,,,0,0,0,0,0,0,147,2026-02-04 16:29:05.532082
ELEC-F,67.0,0.0,0.0,,,0,0,0,0,0,0,147,2026-02-04 16:29:05.532082
NG,2.03,2.01,2.05,800000.0,800000.0,,0,0,0,0,0,148,2026-02-04 16:29:06.574287
ELEC-day2,20.0,0.0,0.0,,,,0,0,0,0,0,148,2026-02-04 16:29:06.574287
ELEC-day3,19.57,0.0,0.0,,,,0,0,0,0,0,148,2026-02-04 16:29:06.574287
ELEC-day4,20.76,0.0,0.0,,,,0,0,0,0,0,148,2026-02-04 16:29:06.574287
ELEC-day5,20.76,0.0,0.0,,,,0,0,0,0,0,148,2026-02-04 16:29:06.574287
ELEC-day6,0.0,0.0,0.0,,,,0,0,0,0,0,148,2026-02-04 16:29:06.574287
ELEC-F,67.0,0.0,80.0,,,10.0,0,0,0,0,0,148,2026-02-04 16:29:06.574287
NG,2.02,2.0,2.04,800000.0,800000.0,,0,0,0,0,0,149,2026-02-04 16:29:07.612192
ELEC-day2,20.0,0.0,0.0,,,,0,0,0,0,0,149,2026-02-04 16:29:07.612192
ELEC-day3,19.57,0.0,0.0,,,,0,0,0,0,0,149,2026-02-04 16:29:07.612192
ELEC-day4,20.76,0.0,0.0,,,,0,0,0,0,0,149,2026-02-04 16:29:07.612192
ELEC-day5,20.76,0.0,0.0,,,,0,0,0,0,0,149,2026-02-04 16:29:07.612192
ELEC-day6,0.0,0.0,0.0,,,,0,0,0,0,0,149,2026-02-04 16:29:07.612192
ELEC-F,67.0,0.0,80.0,,,10.0,0,0,0,0,0,149,2026-02-04 16:29:07.612192
NG,2.03,2.01,2.05,800000.0,800000.0,,0,0,0,0,0,150,2026-02-04 16:29:08.719729,27.0,5.0,149.0,,PRICE AND VOLUME BULLETIN,"Given the expected supply and demand in the market, the Regulatory Authority for Electricity board expects that the price for tomorrow will be between $13.62 and $22.62.<br><br>There will be 804 contracts available in the entire ELEC market, 402 contracts for buying and 402 contracts for selling. There are a total of 19 Producers, 19 Distributors and 38 Traders in the market.<br><br>Please note that the RAE will charge a bid-ask spread of 1 cent"
ELEC-day2,20.0,0.0,0.0,,,,0,0,0,0,0,150,2026-02-04 16:29:08.719729,26.0,5.0,149.0,,TEMPERATURE Forecast for DAY 6,The average temperature tomorrow will be 20 degrees Celsius.
ELEC-day3,19.57,0.0,0.0,,,,0,0,0,0,0,150,2026-02-04 16:29:08.719729,,,,,,
ELEC-day4,20.76,0.0,0.0,,,,0,0,0,0,0,150,2026-02-04 16:29:08.719729,,,,,,
ELEC-day5,20.76,0.0,0.0,,,,0,0,0,0,0,150,2026-02-04 16:29:08.719729,,,,,,
ELEC-day6,0.0,0.0,0.0,,,,0,0,0,0,0,150,2026-02-04 16:29:08.719729,,,,,,
ELEC-F,67.0,0.0,80.0,,,30.0,0,0,0,0,0,150,2026-02-04 16:29:08.719729,,,,,,
NG,2.04,2.02,2.06,800000.0,800000.0,,0,0,0,0,0,151,2026-02-04 16:29:09.258176
ELEC-day2,20.0,0.0,0.0,,,,0,0,0,0,0,151,2026-02-04 16:29:09.258176
ELEC-day3,19.57,0.0,0.0,,,,0,0,0,0,0,151,2026-02-04 16:29:09.258176
ELEC-day4,20.76,0.0,0.0,,,,0,0,0,0,0,151,2026-02-04 16:29:09.258176
ELEC-day5,20.76,0.0,0.0,,,,0,0,0,0,0,151,2026-02-04 16:29:09.258176
ELEC-day6,0.0,0.0,0.0,,,,0,0,0,0,0,151,2026-02-04 16:29:09.258176
ELEC-F,67.0,0.0,80.0,,,30.0,0,0,0,0,0,151,2026-02-04 16:29:09.258176
NG,2.03,2.01,2.05,800000.0,800000.0,,0,0,0,0,0,152,2026-02-04 16:29:10.377338
ELEC-day2,20.0,0.0,0.0,,,,0,0,0,0,0,152,2026-02-04 16:29:10.377338
ELEC-day3,19.57,0.0,0.0,,,,0,0,0,0,0,152,2026-02-04 16:29:10.377338
ELEC-day4,20.76,0.0,0.0,,,,0,0,0,0,0,152,2026-02-04 16:29:10.377338
ELEC-day5,20.76,0.0,0.0,,,,0,0,0,0,0,152,2026-02-04 16:29:10.377338
ELEC-day6,0.0,0.0,0.0,,,,0,0,0,0,0,152,2026-02-04 16:29:10.377338
ELEC-F,67.0,0.0,80.0,,,30.0,0,0,0,0,0,152,2026-02-04 16:29:10.377338
NG,2.04,2.02,2.06,800000.0,800000.0,,0,0,0,0,0,153,2026-02-04 16:29:11.417841
ELEC-day2,20.0,0.0,0.0,,,,0,0,0,0,0,153,2026-02-04 16:29:11.417841
ELEC-day3,19.57,0.0,0.0,,,,0,0,0,0,0,153,2026-02-04 16:29:11.417841
ELEC-day4,20.76,0.0,0.0,,,,0,0,0,0,0,153,2026-02-04 16:29:11.417841
ELEC-day5,20.76,0.0,0.0,,,,0,0,0,0,0,153,2026-02-04 16:29:11.417841
ELEC-day6,0.0,0.0,0.0,,,,0,0,0,0,0,153,2026-02-04 16:29:11.417841
ELEC-F,67.0,0.0,80.0,,,30.0,0,0,0,0,0,153,2026-02-04 16:29:11.417841
NG,2.04,2.02,2.06,800000.0,800000.0,,0,0,0,0,0,154,2026-02-04 16:29:12.468219
ELEC-day2,20.0,0.0,0.0,,,,0,0,0,0,0,154,2026-02-04 16:29:12.468219
ELEC-day3,19.57,0.0,0.0,,,,0,0,0,0,0,154,2026-02-04 16:29:12.468219
ELEC-day4,20.76,0.0,0.0,,,,0,0,0,0,0,154,2026-02-04 16:29:12.468219
ELEC-day5,20.76,0.0,0.0,,,,0,0,0,0,0,154,2026-02-04 16:29:12.468219
ELEC-day6,0.0,0.0,0.0,,,,0,0,0,0,0,154,2026-02-04 16:29:12.468219
ELEC-F,67.0,0.0,80.0,,,30.0,0,0,0,0,0,154,2026-02-04 16:29:12.468219
NG,2.04,2.02,2.06,800000.0,800000.0,,0,0,0,0,0,155,2026-02-04 16:29:13.519165
ELEC-day2,20.0,0.0,0.0,,,,0,0,0,0,0,155,2026-02-04 16:29:13.519165
ELEC-day3,19.57,0.0,0.0,,,,0,0,0,0,0,155,2026-02-04 16:29:13.519165
ELEC-day4,20.76,0.0,0.0,,,,0,0,0,0,0,155,2026-02-04 16:29:13.519165
ELEC-day5,20.76,0.0,0.0,,,,0,0,0,0,0,155,2026-02-04 16:29:13.519165
ELEC-day6,0.0,0.0,0.0,,,,0,0,0,0,0,155,2026-02-04 16:29:13.519165
ELEC-F,67.0,0.0,80.0,,,30.0,0,0,0,0,0,155,2026-02-04 16:29:13.519165
NG,2.04,2.02,2.06,800000.0,800000.0,,0,0,0,0,0,156,2026-02-04 16:29:14.591910
ELEC-day2,20.0,0.0,0.0,,,,0,0,0,0,0,156,2026-02-04 16:29:14.591910
ELEC-day3,19.57,0.0,0.0,,,,0,0,0,0,0,156,2026-02-04 16:29:14.591910
ELEC-day4,20.76,0.0,0.0,,,,0,0,0,0,0,156,2026-02-04 16:29:14.591910
ELEC-day5,20.76,0.0,0.0,,,,0,0,0,0,0,156,2026-02-04 16:29:14.591910
ELEC-day6,0.0,0.0,0.0,,,,0,0,0,0,0,156,2026-02-04 16:29:14.591910
ELEC-F,80.0,0.0,80.0,,,10.0,0,0,0,0,0,156,2026-02-04 16:29:14.591910
NG,2.05,2.03,2.07,800000.0,800000.0,0,0,0,0,0,0,157,2026-02-04 16:29:15.639589
ELEC-day2,20.0,0.0,0.0,,,0,0,0,0,0,0,157,2026-02-04 16:29:15.639589
ELEC-day3,19.57,0.0,0.0,,,0,0,0,0,0,0,157,2026-02-04 16:29:15.639589
ELEC-day4,20.76,0.0,0.0,,,0,0,0,0,0,0,157,2026-02-04 16:29:15.639589
ELEC-day5,20.76,0.0,0.0,,,0,0,0,0,0,0,157,2026-02-04 16:29:15.639589
ELEC-day6,0.0,0.0,0.0,,,0,0,0,0,0,0,157,2026-02-04 16:29:15.639589
ELEC-F,80.0,0.0,0.0,,,0,0,0,0,0,0,157,2026-02-04 16:29:15.639589
NG,2.04,2.02,2.06,800000.0,800000.0,0,0,0,0,0,0,158,2026-02-04 16:29:16.734641
ELEC-day2,20.0,0.0,0.0,,,0,0,0,0,0,0,158,2026-02-04 16:29:16.734641
ELEC-day3,19.57,0.0,0.0,,,0,0,0,0,0,0,158,2026-02-04 16:29:16.734641
ELEC-day4,20.76,0.0,0.0,,,0,0,0,0,0,0,158,2026-02-04 16:29:16.734641
ELEC-day5,20.76,0.0,0.0,,,0,0,0,0,0,0,158,2026-02-04 16:29:16.734641
ELEC-day6,0.0,0.0,0.0,,,0,0,0,0,0,0,158,2026-02-04 16:29:16.734641
ELEC-F,80.0,0.0,0.0,,,0,0,0,0,0,0,158,2026-02-04 16:29:16.734641
NG,2.03,2.01,2.05,800000.0,800000.0,0,0,0,0,0,0,159,2026-02-04 16:29:17.330046
ELEC-day2,20.0,0.0,0.0,,,0,0,0,0,0,0,159,2026-02-04 16:29:17.330046
ELEC-day3,19.57,0.0,0.0,,,0,0,0,0,0,0,159,2026-02-04 16:29:17.330046
ELEC-day4,20.76,0.0,0.0,,,0,0,0,0,0,0,159,2026-02-04 16:29:17.330046
ELEC-day5,20.76,0.0,0.0,,,0,0,0,0,0,0,159,2026-02-04 16:29:17.330046
ELEC-day6,0.0,0.0,0.0,,,0,0,0,0,0,0,159,2026-02-04 16:29:17.330046
ELEC-F,80.0,0.0,0.0,,,0,0,0,0,0,0,159,2026-02-04 16:29:17.330046
NG,2.03,2.01,2.05,800000.0,800000.0,0,0,0,0,0,0,160,2026-02-04 16:29:18.369377
ELEC-day2,20.0,0.0,0.0,,,0,0,0,0,0,0,160,2026-02-04 16:29:18.369377
ELEC-day3,19.57,0.0,0.0,,,0,0,0,0,0,0,160,2026-02-04 16:29:18.369377
ELEC-day4,20.76,0.0,0.0,,,0,0,0,0,0,0,160,2026-02-04 16:29:18.369377
ELEC-day5,20.76,0.0,0.0,,,0,0,0,0,0,0,160,2026-02-04 16:29:18.369377
ELEC-day6,0.0,0.0,0.0,,,0,0,0,0,0,0,160,2026-02-04 16:29:18.369377
ELEC-F,80.0,0.0,0.0,,,0,0,0,0,0,0,160,2026-02-04 16:29:18.369377
NG,2.03,2.01,2.05,800000.0,800000.0,0,0,0,0,0,0,161,2026-02-04 16:29:19.403224
ELEC-day2,20.0,0.0,0.0,,,0,0,0,0,0,0,161,2026-02-04 16:29:19.403224
ELEC-day3,19.57,0.0,0.0,,,0,0,0,0,0,0,161,2026-02-04 16:29:19.403224
ELEC-day4,20.76,0.0,0.0,,,0,0,0,0,0,0,161,2026-02-04 16:29:19.403224
ELEC-day5,20.76,0.0,0.0,,,0,0,0,0,0,0,161,2026-02-04 16:29:19.403224
ELEC-day6,0.0,0.0,0.0,,,0,0,0,0,0,0,161,2026-02-04 16:29:19.403224
ELEC-F,80.0,0.0,0.0,,,0,0,0,0,0,0,161,2026-02-04 16:29:19.403224
NG,2.03,2.01,2.05,800000.0,800000.0,0,0,0,0,0,0,162,2026-02-04 16:29:20.480384
ELEC-day2,20.0,0.0,0.0,,,0,0,0,0,0,0,162,2026-02-04 16:29:20.480384
ELEC-day3,19.57,0.0,0.0,,,0,0,0,0,0,0,162,2026-02-04 16:29:20.480384
ELEC-day4,20.76,0.0,0.0,,,0,0,0,0,0,0,162,2026-02-04 16:29:20.480384
ELEC-day5,20.76,0.0,0.0,,,0,0,0,0,0,0,162,2026-02-04 16:29:20.480384
ELEC-day6,0.0,0.0,0.0,,,0,0,0,0,0,0,162,2026-02-04 16:29:20.480384
ELEC-F,80.0,0.0,0.0,,,0,0,0,0,0,0,162,2026-02-04 16:29:20.480384
NG,2.03,2.01,2.05,800000.0,800000.0,0,0,0,0,0,0,163,2026-02-04 16:29:21.565065
ELEC-day2,20.0,0.0,0.0,,,0,0,0,0,0,0,163,2026-02-04 16:29:21.565065
ELEC-day3,19.57,0.0,0.0,,,0,0,0,0,0,0,163,2026-02-04 16:29:21.565065
ELEC-day4,20.76,0.0,0.0,,,0,0,0,0,0,0,163,2026-02-04 16:29:21.565065
ELEC-day5,20.76,0.0,0.0,,,0,0,0,0,0,0,163,2026-02-04 16:29:21.565065
ELEC-day6,0.0,0.0,0.0,,,0,0,0,0,0,0,163,2026-02-04 16:29:21.565065
ELEC-F,80.0,0.0,0.0,,,0,0,0,0,0,0,163,2026-02-04 16:29:21.565065
NG,2.03,2.01,2.05,800000.0,800000.0,0,0,0,0,0,0,164,2026-02-04 16:29:22.595693
ELEC-day2,20.0,0.0,0.0,,,0,0,0,0,0,0,164,2026-02-04 16:29:22.595693
ELEC-day3,19.57,0.0,0.0,,,0,0,0,0,0,0,164,2026-02-04 16:29:22.595693
ELEC-day4,20.76,0.0,0.0,,,0,0,0,0,0,0,164,2026-02-04 16:29:22.595693
ELEC-day5,20.76,0.0,0.0,,,0,0,0,0,0,0,164,2026-02-04 16:29:22.595693
ELEC-day6,0.0,0.0,0.0,,,0,0,0,0,0,0,164,2026-02-04 16:29:22.595693
ELEC-F,80.0,0.0,0.0,,,0,0,0,0,0,0,164,2026-02-04 16:29:22.595693
NG,2.02,2.0,2.04,800000.0,800000.0,0,0,0,0,0,0,165,2026-02-04 16:29:23.638256
ELEC-day2,20.0,0.0,0.0,,,0,0,0,0,0,0,165,2026-02-04 16:29:23.638256
ELEC-day3,19.57,0.0,0.0,,,0,0,0,0,0,0,165,2026-02-04 16:29:23.638256
ELEC-day4,20.76,0.0,0.0,,,0,0,0,0,0,0,165,2026-02-04 16:29:23.638256
ELEC-day5,20.76,0.0,0.0,,,0,0,0,0,0,0,165,2026-02-04 16:29:23.638256
ELEC-day6,0.0,0.0,0.0,,,0,0,0,0,0,0,165,2026-02-04 16:29:23.638256
ELEC-F,80.0,0.0,0.0,,,0,0,0,0,0,0,165,2026-02-04 16:29:23.638256
NG,2.02,2.0,2.04,800000.0,800000.0,0,0,0,0,0,0,166,2026-02-04 16:29:24.674760
ELEC-day2,20.0,0.0,0.0,,,0,0,0,0,0,0,166,2026-02-04 16:29:24.674760
ELEC-day3,19.57,0.0,0.0,,,0,0,0,0,0,0,166,2026-02-04 16:29:24.674760
ELEC-day4,20.76,0.0,0.0,,,0,0,0,0,0,0,166,2026-02-04 16:29:24.674760
ELEC-day5,20.76,0.0,0.0,,,0,0,0,0,0,0,166,2026-02-04 16:29:24.674760
ELEC-day6,0.0,0.0,0.0,,,0,0,0,0,0,0,166,2026-02-04 16:29:24.674760
ELEC-F,80.0,0.0,0.0,,,0,0,0,0,0,0,166,2026-02-04 16:29:24.674760
NG,2.02,2.0,2.04,800000.0,800000.0,0,0,0,0,0,0,167,2026-02-04 16:29:25.774370
ELEC-day2,20.0,0.0,0.0,,,0,0,0,0,0,0,167,2026-02-04 16:29:25.774370
ELEC-day3,19.57,0.0,0.0,,,0,0,0,0,0,0,167,2026-02-04 16:29:25.774370
ELEC-day4,20.76,0.0,0.0,,,0,0,0,0,0,0,167,2026-02-04 16:29:25.774370
ELEC-day5,20.76,0.0,0.0,,,0,0,0,0,0,0,167,2026-02-04 16:29:25.774370
ELEC-day6,0.0,0.0,0.0,,,0,0,0,0,0,0,167,2026-02-04 16:29:25.774370
ELEC-F,80.0,0.0,0.0,,,0,0,0,0,0,0,167,2026-02-04 16:29:25.774370
NG,2.03,2.01,2.05,800000.0,800000.0,0,0,0,0,0,0,168,2026-02-04 16:29:26.360789
ELEC-day2,20.0,0.0,0.0,,,0,0,0,0,0,0,168,2026-02-04 16:29:26.360789
ELEC-day3,19.57,0.0,0.0,,,0,0,0,0,0,0,168,2026-02-04 16:29:26.360789
ELEC-day4,20.76,0.0,0.0,,,0,0,0,0,0,0,168,2026-02-04 16:29:26.360789
ELEC-day5,20.76,0.0,0.0,,,0,0,0,0,0,0,168,2026-02-04 16:29:26.360789
ELEC-day6,0.0,0.0,0.0,,,0,0,0,0,0,0,168,2026-02-04 16:29:26.360789
ELEC-F,80.0,0.0,0.0,,,0,0,0,0,0,0,168,2026-02-04 16:29:26.360789
NG,2.03,2.01,2.05,800000.0,800000.0,0,0,0,0,0,0,169,2026-02-04 16:29:27.435976
ELEC-day2,20.0,0.0,0.0,,,0,0,0,0,0,0,169,2026-02-04 16:29:27.435976
ELEC-day3,19.57,0.0,0.0,,,0,0,0,0,0,0,169,2026-02-04 16:29:27.435976
ELEC-day4,20.76,0.0,0.0,,,0,0,0,0,0,0,169,2026-02-04 16:29:27.435976
ELEC-day5,20.76,0.0,0.0,,,0,0,0,0,0,0,169,2026-02-04 16:29:27.435976
ELEC-day6,0.0,0.0,0.0,,,0,0,0,0,0,0,169,2026-02-04 16:29:27.435976
ELEC-F,80.0,0.0,0.0,,,0,0,0,0,0,0,169,2026-02-04 16:29:27.435976
NG,2.03,2.01,2.05,800000.0,800000.0,0,0,0,0,0,0,170,2026-02-04 16:29:28.492714
ELEC-day2,20.0,0.0,0.0,,,0,0,0,0,0,0,170,2026-02-04 16:29:28.492714
ELEC-day3,19.57,0.0,0.0,,,0,0,0,0,0,0,170,2026-02-04 16:29:28.492714
ELEC-day4,20.76,0.0,0.0,,,0,0,0,0,0,0,170,2026-02-04 16:29:28.492714
ELEC-day5,20.76,0.0,0.0,,,0,0,0,0,0,0,170,2026-02-04 16:29:28.492714
ELEC-day6,0.0,0.0,0.0,,,0,0,0,0,0,0,170,2026-02-04 16:29:28.492714
ELEC-F,80.0,0.0,0.0,,,0,0,0,0,0,0,170,2026-02-04 16:29:28.492714
NG,2.03,2.01,2.05,800000.0,800000.0,0,0,0,0,0,0,171,2026-02-04 16:29:29.542987
ELEC-day2,20.0,0.0,0.0,,,0,0,0,0,0,0,171,2026-02-04 16:29:29.542987
ELEC-day3,19.57,0.0,0.0,,,0,0,0,0,0,0,171,2026-02-04 16:29:29.542987
ELEC-day4,20.76,0.0,0.0,,,0,0,0,0,0,0,171,2026-02-04 16:29:29.542987
ELEC-day5,20.76,0.0,0.0,,,0,0,0,0,0,0,171,2026-02-04 16:29:29.542987
ELEC-day6,0.0,0.0,0.0,,,0,0,0,0,0,0,171,2026-02-04 16:29:29.542987
ELEC-F,80.0,0.0,0.0,,,0,0,0,0,0,0,171,2026-02-04 16:29:29.542987
NG,2.02,2.0,2.04,800000.0,800000.0,0,0,0,0,0,0,172,2026-02-04 16:29:30.588481
ELEC-day2,20.0,0.0,0.0,,,0,0,0,0,0,0,172,2026-02-04 16:29:30.588481
ELEC-day3,19.57,0.0,0.0,,,0,0,0,0,0,0,172,2026-02-04 16:29:30.588481
ELEC-day4,20.76,0.0,0.0,,,0,0,0,0,0,0,172,2026-02-04 16:29:30.588481
ELEC-day5,20.76,0.0,0.0,,,0,0,0,0,0,0,172,2026-02-04 16:29:30.588481
ELEC-day6,0.0,0.0,0.0,,,0,0,0,0,0,0,172,2026-02-04 16:29:30.588481
ELEC-F,80.0,0.0,0.0,,,0,0,0,0,0,0,172,2026-02-04 16:29:30.588481
NG,2.02,2.0,2.04,800000.0,800000.0,0,0,0,0,0,0,173,2026-02-04 16:29:31.636182
ELEC-day2,20.0,0.0,0.0,,,0,0,0,0,0,0,173,2026-02-04 16:29:31.636182
ELEC-day3,19.57,0.0,0.0,,,0,0,0,0,0,0,173,2026-02-04 16:29:31.636182
ELEC-day4,20.76,0.0,0.0,,,0,0,0,0,0,0,173,2026-02-04 16:29:31.636182
ELEC-day5,20.76,0.0,0.0,,,0,0,0,0,0,0,173,2026-02-04 16:29:31.636182
ELEC-day6,0.0,0.0,0.0,,,0,0,0,0,0,0,173,2026-02-04 16:29:31.636182
ELEC-F,80.0,0.0,0.0,,,0,0,0,0,0,0,173,2026-02-04 16:29:31.636182
NG,2.03,2.01,2.05,800000.0,800000.0,0,0,0,0,0,0,174,2026-02-04 16:29:32.686739
ELEC-day2,20.0,0.0,0.0,,,0,0,0,0,0,0,174,2026-02-04 16:29:32.686739
ELEC-day3,19.57,0.0,0.0,,,0,0,0,0,0,0,174,2026-02-04 16:29:32.686739
ELEC-day4,20.76,0.0,0.0,,,0,0,0,0,0,0,174,2026-02-04 16:29:32.686739
ELEC-day5,20.76,0.0,0.0,,,0,0,0,0,0,0,174,2026-02-04 16:29:32.686739
ELEC-day6,0.0,0.0,0.0,,,0,0,0,0,0,0,174,2026-02-04 16:29:32.686739
ELEC-F,80.0,0.0,0.0,,,0,0,0,0,0,0,174,2026-02-04 16:29:32.686739
NG,2.03,2.01,2.05,800000.0,800000.0,0,0,0,0,0,0,175,2026-02-04 16:29:33.752190
ELEC-day2,20.0,0.0,0.0,,,0,0,0,0,0,0,175,2026-02-04 16:29:33.752190
ELEC-day3,19.57,0.0,0.0,,,0,0,0,0,0,0,175,2026-02-04 16:29:33.752190
ELEC-day4,20.76,0.0,0.0,,,0,0,0,0,0,0,175,2026-02-04 16:29:33.752190
ELEC-day5,20.76,0.0,0.0,,,0,0,0,0,0,0,175,2026-02-04 16:29:33.752190
ELEC-day6,0.0,0.0,0.0,,,0,0,0,0,0,0,175,2026-02-04 16:29:33.752190
ELEC-F,80.0,0.0,0.0,,,0,0,0,0,0,0,175,2026-02-04 16:29:33.752190
NG,2.03,2.01,2.05,800000.0,800000.0,0,0,0,0,0,0,176,2026-02-04 16:29:34.850975
ELEC-day2,20.0,0.0,0.0,,,0,0,0,0,0,0,176,2026-02-04 16:29:34.850975
ELEC-day3,19.57,0.0,0.0,,,0,0,0,0,0,0,176,2026-02-04 16:29:34.850975
ELEC-day4,20.76,0.0,0.0,,,0,0,0,0,0,0,176,2026-02-04 16:29:34.850975
ELEC-day5,20.76,0.0,0.0,,,0,0,0,0,0,0,176,2026-02-04 16:29:34.850975
ELEC-day6,0.0,0.0,0.0,,,0,0,0,0,0,0,176,2026-02-04 16:29:34.850975
ELEC-F,80.0,0.0,0.0,,,0,0,0,0,0,0,176,2026-02-04 16:29:34.850975
NG,2.03,2.01,2.05,800000.0,800000.0,0,0,0,0,0,0,177,2026-02-04 16:29:35.427471
ELEC-day2,20.0,0.0,0.0,,,0,0,0,0,0,0,177,2026-02-04 16:29:35.427471
ELEC-day3,19.57,0.0,0.0,,,0,0,0,0,0,0,177,2026-02-04 16:29:35.427471
ELEC-day4,20.76,0.0,0.0,,,0,0,0,0,0,0,177,2026-02-04 16:29:35.427471
ELEC-day5,20.76,0.0,0.0,,,0,0,0,0,0,0,177,2026-02-04 16:29:35.427471
ELEC-day6,0.0,0.0,0.0,,,0,0,0,0,0,0,177,2026-02-04 16:29:35.427471
ELEC-F,80.0,0.0,0.0,,,0,0,0,0,0,0,177,2026-02-04 16:29:35.427471
NG,2.03,2.01,2.05,800000.0,800000.0,0,0,0,0,0,0,178,2026-02-04 16:29:36.509899
ELEC-day2,20.0,0.0,0.0,,,0,0,0,0,0,0,178,2026-02-04 16:29:36.509899
ELEC-day3,19.57,0.0,0.0,,,0,0,0,0,0,0,178,2026-02-04 16:29:36.509899
ELEC-day4,20.76,0.0,0.0,,,0,0,0,0,0,0,178,2026-02-04 16:29:36.509899
ELEC-day5,20.76,0.0,0.0,,,0,0,0,0,0,0,178,2026-02-04 16:29:36.509899
ELEC-day6,0.0,0.0,0.0,,,0,0,0,0,0,0,178,2026-02-04 16:29:36.509899
ELEC-F,80.0,0.0,0.0,,,0,0,0,0,0,0,178,2026-02-04 16:29:36.509899
NG,2.04,2.02,2.06,800000.0,800000.0,0,0,0,0,0,0,179,2026-02-04 16:29:37.549556
ELEC-day2,20.0,0.0,0.0,,,0,0,0,0,0,0,179,2026-02-04 16:29:37.549556
ELEC-day3,19.57,0.0,0.0,,,0,0,0,0,0,0,179,2026-02-04 16:29:37.549556
ELEC-day4,20.76,0.0,0.0,,,0,0,0,0,0,0,179,2026-02-04 16:29:37.549556
ELEC-day5,20.76,0.0,0.0,,,0,0,0,0,0,0,179,2026-02-04 16:29:37.549556
ELEC-day6,0.0,0.0,0.0,,,0,0,0,0,0,0,179,2026-02-04 16:29:37.549556
ELEC-F,80.0,0.0,0.0,,,0,0,0,0,0,0,179,2026-02-04 16:29:37.549556
NG,2.05,2.03,2.07,800000.0,800000.0,0,0,0,0,0,0,180,2026-02-04 16:29:38.621283
ELEC-day2,20.0,0.0,0.0,,,0,0,0,0,0,0,180,2026-02-04 16:29:38.621283
ELEC-day3,19.57,0.0,0.0,,,0,0,0,0,0,0,180,2026-02-04 16:29:38.621283
ELEC-day4,20.76,0.0,0.0,,,0,0,0,0,0,0,180,2026-02-04 16:29:38.621283
ELEC-day5,20.76,0.0,0.0,,,0,0,0,0,0,0,180,2026-02-04 16:29:38.621283
ELEC-day6,0.0,0.0,0.0,,,0,0,0,0,0,0,180,2026-02-04 16:29:38.621283
ELEC-F,80.0,0.0,0.0,,,0,0,0,0,0,0,180,2026-02-04 16:29:38.621283
