ticker,last_price,bid_price,ask_price,BUY_ANON,SELL_ANON,BUY_GIOT-3,SELL_GIOT-4,BUY_GIOT-4,SELL_GIOT-3,tick,timestamp,news_news_id,news_period,news_tick,news_ticker,news_headline,news_body
SPNG,24.72,24.72,25.39,2218400.0,1835400.0,0,0,0,0,1,2026-02-03 00:06:33.704276,2.0,1.0,1.0,,Aggregate Position Limit,Your CRO has set the aggregate position limit to 15000 shares for this week.
SMMR,0.0,24.98,25.04,1965400.0,2071000.0,0,0,0,0,1,2026-02-03 00:06:33.704276,1.0,1.0,1.0,,Welcome to the RITC 2026 Alogithmic Market Making Case - practice server,
ATMN,25.03,24.94,25.03,1969000.0,2047800.0,0,0,0,0,1,2026-02-03 00:06:33.704276,,,,,,
WNTR,24.98,24.98,25.09,2210500.0,1948700.0,0,0,0,0,1,2026-02-03 00:06:33.704276,,,,,,
SPNG,24.57,24.76,25.39,2220800.0,1835400.0,,0,0,0,2,2026-02-03 00:06:34.241649
SMMR,24.97,24.97,25.04,2063700.0,2071000.0,,0,0,0,2,2026-02-03 00:06:34.241649
ATMN,24.7,24.7,25.03,1995900.0,2047800.0,,0,0,0,2,2026-02-03 00:06:34.241649
WNTR,25.09,25.09,25.1,2090000.0,1932700.0,2000.0,0,0,0,2,2026-02-03 00:06:34.241649
SPNG,24.77,25.08,25.39,2202400.0,1835400.0,,,0,0,3,2026-02-03 00:06:35.280418
SMMR,24.95,24.97,25.04,2054100.0,2057900.0,,,0,0,3,2026-02-03 00:06:35.280418
ATMN,25.31,25.09,25.31,1983200.0,1934500.0,,,0,0,3,2026-02-03 00:06:35.280418
WNTR,24.94,24.94,24.99,2081100.0,2065300.0,2000.0,2000.0,0,0,3,2026-02-03 00:06:35.280418
SPNG,25.0,24.76,24.85,2220800.0,2056400.0,,,0,0,4,2026-02-03 00:06:36.319832
SMMR,24.95,24.95,25.02,2078900.0,2043400.0,,,0,0,4,2026-02-03 00:06:36.319832
ATMN,25.09,24.66,24.87,1977300.0,2058300.0,,,0,0,4,2026-02-03 00:06:36.319832
WNTR,24.92,24.92,24.99,1870200.0,2065300.0,6000.0,2000.0,0,0,4,2026-02-03 00:06:36.319832
SPNG,25.53,24.76,25.53,2205100.0,1849600.0,,,0,0,5,2026-02-03 00:06:37.354119
SMMR,24.91,24.91,25.04,2071900.0,2069600.0,,,0,0,5,2026-02-03 00:06:37.354119
ATMN,24.87,24.86,24.87,2008700.0,2058300.0,,,0,0,5,2026-02-03 00:06:37.354119
WNTR,24.92,24.92,24.99,1856000.0,2049700.0,6000.0,2000.0,0,0,5,2026-02-03 00:06:37.354119
SPNG,25.02,24.76,25.02,2187000.0,2091100.0,,,0,0,6,2026-02-03 00:06:38.382847
SMMR,24.81,24.83,25.04,1961600.0,2069600.0,,,0,0,6,2026-02-03 00:06:38.382847
ATMN,25.5,24.86,25.5,2028000.0,1929600.0,,,0,0,6,2026-02-03 00:06:38.382847
WNTR,24.92,24.92,25.0,1843500.0,2017600.0,6000.0,2000.0,0,0,6,2026-02-03 00:06:38.382847
SPNG,26.03,24.76,26.03,2202900.0,1842700.0,,,0,0,7,2026-02-03 00:06:39.414437
SMMR,24.81,24.8,24.81,1860700.0,2044000.0,,,0,0,7,2026-02-03 00:06:39.414437
ATMN,24.73,24.73,25.16,2022600.0,2044700.0,,,0,0,7,2026-02-03 00:06:39.414437
WNTR,24.92,24.92,25.0,1839900.0,2040100.0,6000.0,2000.0,0,0,7,2026-02-03 00:06:39.414437
SPNG,24.68,24.68,25.46,2204300.0,2189900.0,,0,0,0,8,2026-02-03 00:06:40.443132
SMMR,24.81,24.93,24.96,2103400.0,2038600.0,,0,0,0,8,2026-02-03 00:06:40.443132
ATMN,24.73,24.73,24.95,2016300.0,2046100.0,,0,0,0,8,2026-02-03 00:06:40.443132
WNTR,24.95,24.97,25.0,1856100.0,2148500.0,6000.0,0,0,0,8,2026-02-03 00:06:40.443132
SPNG,25.57,24.68,25.51,2204300.0,2298800.0,,0,0,0,9,2026-02-03 00:06:41.469904
SMMR,24.96,24.9,24.96,2078700.0,2038600.0,,0,0,0,9,2026-02-03 00:06:41.469904
ATMN,24.84,24.73,24.78,2004100.0,2020400.0,,0,0,0,9,2026-02-03 00:06:41.469904
WNTR,25.01,24.97,25.01,2095900.0,2137100.0,2000.0,0,0,0,9,2026-02-03 00:06:41.469904
SPNG,25.51,25.34,25.51,2204200.0,2299600.0,,0,0,0,10,2026-02-03 00:06:42.502682
SMMR,24.89,24.89,24.96,2099800.0,2010800.0,,0,0,0,10,2026-02-03 00:06:42.502682
ATMN,24.84,24.73,24.78,2043700.0,2020400.0,,0,0,0,10,2026-02-03 00:06:42.502682
WNTR,25.07,24.99,25.0,2101900.0,2158200.0,2000.0,0,0,0,10,2026-02-03 00:06:42.502682
SPNG,24.68,24.72,24.94,2203600.0,2287100.0,,0,0,0,11,2026-02-03 00:06:43.579572
SMMR,25.04,24.89,25.04,2095200.0,2048200.0,,0,0,0,11,2026-02-03 00:06:43.579572
ATMN,24.73,24.73,24.95,2041200.0,2046100.0,,0,0,0,11,2026-02-03 00:06:43.579572
WNTR,24.99,24.99,25.07,2101900.0,2151500.0,2000.0,0,0,0,11,2026-02-03 00:06:43.579572
SPNG,25.11,24.95,24.96,2209900.0,2289300.0,,,0,0,12,2026-02-03 00:06:44.610189
SMMR,25.06,24.89,25.06,2095200.0,2053700.0,,,0,0,12,2026-02-03 00:06:44.610189
ATMN,24.73,24.73,24.95,2071800.0,2025900.0,,,0,0,12,2026-02-03 00:06:44.610189
WNTR,24.96,24.96,25.06,2082300.0,2048200.0,2000.0,2000.0,0,0,12,2026-02-03 00:06:44.610189
SPNG,24.95,24.72,24.91,2220500.0,2343300.0,,,0,0,13,2026-02-03 00:06:45.643964
SMMR,25.05,24.98,25.04,2127500.0,2020100.0,,,0,0,13,2026-02-03 00:06:45.643964
ATMN,24.93,24.93,24.95,2068900.0,2025900.0,,,0,0,13,2026-02-03 00:06:45.643964
WNTR,25.07,24.96,25.02,2068600.0,1732800.0,2000.0,8000.0,0,0,13,2026-02-03 00:06:45.643964
SPNG,24.88,25.28,25.3,2224600.0,2315800.0,,,0,0,14,2026-02-03 00:06:46.674224
SMMR,25.06,24.98,25.02,2127500.0,2003600.0,,,0,0,14,2026-02-03 00:06:46.674224
ATMN,24.97,24.93,24.97,2068900.0,2062000.0,,,0,0,14,2026-02-03 00:06:46.674224
WNTR,25.02,24.96,25.02,2065100.0,1832800.0,2000.0,6000.0,0,0,14,2026-02-03 00:06:46.674224
SPNG,25.3,25.33,25.51,2224100.0,2294300.0,,,0,0,15,2026-02-03 00:06:47.700446
SMMR,24.89,24.89,25.02,2119200.0,2003600.0,,,0,0,15,2026-02-03 00:06:47.700446
ATMN,24.97,24.93,24.97,2068900.0,2068800.0,,,0,0,15,2026-02-03 00:06:47.700446
WNTR,24.97,24.97,25.02,2028200.0,1832800.0,2000.0,6000.0,0,0,15,2026-02-03 00:06:47.700446
SPNG,24.65,24.65,25.23,2241000.0,2296500.0,,,0,0,16,2026-02-03 00:06:48.728242
SMMR,25.06,25.06,25.08,2076600.0,2035900.0,,,0,0,16,2026-02-03 00:06:48.728242
ATMN,25.0,24.72,25.0,2060400.0,2067700.0,,,0,0,16,2026-02-03 00:06:48.728242
WNTR,24.97,24.97,24.99,2041200.0,2097100.0,2000.0,2000.0,0,0,16,2026-02-03 00:06:48.728242
SPNG,24.86,25.0,25.23,2280500.0,2302200.0,,,0,0,17,2026-02-03 00:06:49.754125
SMMR,24.92,24.92,25.08,2082400.0,2035900.0,,,0,0,17,2026-02-03 00:06:49.754125
ATMN,25.0,24.68,25.0,2093000.0,2067700.0,,,0,0,17,2026-02-03 00:06:49.754125
WNTR,24.99,24.96,24.99,2021800.0,2097100.0,2000.0,2000.0,0,0,17,2026-02-03 00:06:49.754125
SPNG,24.57,24.88,25.23,2203700.0,2302200.0,,,0,0,18,2026-02-03 00:06:50.775740
SMMR,24.92,24.94,24.99,2081800.0,2035400.0,,,0,0,18,2026-02-03 00:06:50.775740
ATMN,24.65,24.65,25.0,2115000.0,2054600.0,,,0,0,18,2026-02-03 00:06:50.775740
WNTR,24.99,24.96,24.99,2054100.0,2097100.0,2000.0,2000.0,0,0,18,2026-02-03 00:06:50.775740
SPNG,24.57,25.09,25.23,2233500.0,2287300.0,,,0,0,19,2026-02-03 00:06:51.803324
SMMR,24.94,24.94,24.99,2092300.0,2028800.0,,,0,0,19,2026-02-03 00:06:51.803324
ATMN,25.12,24.84,25.12,2086900.0,2033100.0,,,0,0,19,2026-02-03 00:06:51.803324
WNTR,25.1,25.09,25.1,2042700.0,2082400.0,2000.0,2000.0,0,0,19,2026-02-03 00:06:51.803324
SPNG,25.09,24.57,24.82,2234400.0,2268800.0,,,0,0,20,2026-02-03 00:06:52.829587
SMMR,24.99,24.94,24.99,2079100.0,2028800.0,,,0,0,20,2026-02-03 00:06:52.829587
ATMN,24.84,24.65,24.75,2115000.0,2020100.0,,,0,0,20,2026-02-03 00:06:52.829587
WNTR,24.9,24.95,25.1,2054100.0,1994600.0,2000.0,4000.0,0,0,20,2026-02-03 00:06:52.829587
SPNG,24.89,24.89,25.23,2235100.0,2256400.0,,,0,0,21,2026-02-03 00:06:53.862094
SMMR,24.92,24.92,24.99,2073100.0,2028800.0,,,0,0,21,2026-02-03 00:06:53.862094
ATMN,24.75,24.8,24.91,2116600.0,1996500.0,,,0,0,21,2026-02-03 00:06:53.862094
WNTR,25.1,25.04,25.1,1918300.0,1887600.0,4000.0,6000.0,0,0,21,2026-02-03 00:06:53.862094
SPNG,24.89,24.89,25.14,2235100.0,2272800.0,,,0,0,22,2026-02-03 00:06:54.381745
SMMR,24.96,24.96,24.99,2072300.0,2028800.0,,,0,0,22,2026-02-03 00:06:54.381745
ATMN,24.65,24.65,24.82,2115200.0,2016500.0,,,0,0,22,2026-02-03 00:06:54.381745
WNTR,25.1,25.04,25.1,2049100.0,1887600.0,2000.0,6000.0,0,0,22,2026-02-03 00:06:54.381745
SPNG,25.14,24.89,25.14,2235100.0,2233900.0,,,0,0,23,2026-02-03 00:06:55.404051
SMMR,24.86,24.87,24.99,2032600.0,2025400.0,,,0,0,23,2026-02-03 00:06:55.404051
ATMN,24.82,24.65,24.74,2141700.0,2042800.0,,,0,0,23,2026-02-03 00:06:55.404051
WNTR,25.1,25.04,25.1,2049100.0,1871100.0,2000.0,6000.0,0,0,23,2026-02-03 00:06:55.404051
SPNG,25.15,25.15,25.23,2262200.0,2245900.0,,,0,0,24,2026-02-03 00:06:56.429103
SMMR,25.01,25.01,25.02,2052200.0,2044200.0,,,0,0,24,2026-02-03 00:06:56.429103
ATMN,24.74,24.7,24.74,2138100.0,2042800.0,,,0,0,24,2026-02-03 00:06:56.429103
WNTR,25.1,25.05,25.1,2026500.0,1833100.0,2000.0,6000.0,0,0,24,2026-02-03 00:06:56.429103
SPNG,24.89,24.57,24.66,2234400.0,2224300.0,,,0,0,25,2026-02-03 00:06:57.457864
SMMR,25.01,24.86,24.95,2092300.0,2037600.0,,,0,0,25,2026-02-03 00:06:57.457864
ATMN,24.91,24.94,25.02,2138600.0,2006000.0,,,0,0,25,2026-02-03 00:06:57.457864
WNTR,25.11,25.05,25.11,2040000.0,1861600.0,2000.0,6000.0,0,0,25,2026-02-03 00:06:57.457864
SPNG,24.66,24.91,25.23,2242000.0,2242100.0,,,0,0,26,2026-02-03 00:06:58.495270
SMMR,24.95,25.0,25.02,2086900.0,2044200.0,,,0,0,26,2026-02-03 00:06:58.495270
ATMN,25.12,25.03,25.12,2157600.0,2015800.0,,,0,0,26,2026-02-03 00:06:58.495270
WNTR,25.11,25.05,25.11,2040000.0,1856700.0,2000.0,6000.0,0,0,26,2026-02-03 00:06:58.495270
SPNG,25.29,24.3,25.29,2195100.0,2251100.0,,,0,0,27,2026-02-03 00:06:59.536301
SMMR,24.94,24.94,25.02,2085900.0,2031000.0,,,0,0,27,2026-02-03 00:06:59.536301
ATMN,24.7,24.7,24.72,2138100.0,1968300.0,,,0,0,27,2026-02-03 00:06:59.536301
WNTR,25.12,25.09,25.12,2035500.0,1955700.0,2000.0,2000.0,0,0,27,2026-02-03 00:06:59.536301
SPNG,25.29,25.37,25.43,2209800.0,2268400.0,,,0,0,28,2026-02-03 00:07:00.569229
SMMR,24.85,24.85,25.02,2089100.0,2031000.0,,,0,0,28,2026-02-03 00:07:00.569229
ATMN,24.7,24.7,25.12,2142500.0,1997500.0,,,0,0,28,2026-02-03 00:07:00.569229
WNTR,25.2,25.19,25.2,1806300.0,1743500.0,6000.0,2000.0,0,0,28,2026-02-03 00:07:00.569229
SPNG,24.74,24.94,25.43,2177800.0,2268400.0,,0,0,0,29,2026-02-03 00:07:01.597119
SMMR,24.87,24.85,24.87,2097800.0,2045000.0,,0,0,0,29,2026-02-03 00:07:01.597119
ATMN,24.92,24.7,24.92,2142500.0,2028700.0,,0,0,0,29,2026-02-03 00:07:01.597119
WNTR,25.04,25.04,25.13,2162500.0,1854500.0,2000.0,0,0,0,29,2026-02-03 00:07:01.597119
SPNG,24.38,25.2,25.43,2207100.0,2268400.0,,0,0,0,30,2026-02-03 00:07:02.623082
SMMR,24.87,24.95,25.02,2068000.0,2049800.0,,0,0,0,30,2026-02-03 00:07:02.623082
ATMN,25.12,24.7,25.12,2141200.0,2002600.0,,0,0,0,30,2026-02-03 00:07:02.623082
WNTR,25.2,25.04,25.2,2162500.0,1961900.0,2000.0,0,0,0,30,2026-02-03 00:07:02.623082
SPNG,24.38,24.38,25.43,2215000.0,2256600.0,0,0,0,0,31,2026-02-03 00:07:03.648212
SMMR,25.02,25.02,25.06,2082700.0,2030900.0,0,0,0,0,31,2026-02-03 00:07:03.648212
ATMN,25.12,24.9,25.12,2141300.0,2002600.0,0,0,0,0,31,2026-02-03 00:07:03.648212
WNTR,25.04,25.13,25.2,2149400.0,1961900.0,0,0,0,0,31,2026-02-03 00:07:03.648212
SPNG,25.1,24.56,25.01,2213900.0,2259900.0,,0,0,0,32,2026-02-03 00:07:04.676693
SMMR,25.03,24.89,24.99,2088500.0,2065300.0,,0,0,0,32,2026-02-03 00:07:04.676693
ATMN,24.9,24.9,25.06,2141300.0,2008200.0,,0,0,0,32,2026-02-03 00:07:04.676693
WNTR,25.13,25.02,25.07,2145400.0,1850300.0,6000.0,0,0,0,32,2026-02-03 00:07:04.676693
SPNG,25.01,25.04,25.24,2244800.0,2237700.0,,0,0,0,33,2026-02-03 00:07:05.703802
SMMR,25.03,24.95,24.99,2074200.0,2065300.0,,0,0,0,33,2026-02-03 00:07:05.703802
ATMN,24.9,24.9,24.94,2141300.0,2019800.0,,0,0,0,33,2026-02-03 00:07:05.703802
WNTR,25.06,25.06,25.07,2118000.0,2074800.0,2000.0,0,0,0,33,2026-02-03 00:07:05.703802
SPNG,25.24,24.95,25.24,2239600.0,2237700.0,,,0,0,34,2026-02-03 00:07:06.731791
SMMR,24.95,24.95,25.06,2072200.0,2051800.0,,,0,0,34,2026-02-03 00:07:06.731791
ATMN,24.61,24.61,24.94,2125100.0,2019800.0,,,0,0,34,2026-02-03 00:07:06.731791
WNTR,25.08,25.06,25.07,1770900.0,1830300.0,6000.0,6000.0,0,0,34,2026-02-03 00:07:06.731791
SPNG,24.56,24.56,25.24,2298200.0,2237700.0,,0,0,0,35,2026-02-03 00:07:07.757745
SMMR,25.08,24.95,24.98,2086400.0,2044000.0,,0,0,0,35,2026-02-03 00:07:07.757745
ATMN,25.02,24.61,24.89,2125100.0,2021100.0,,0,0,0,35,2026-02-03 00:07:07.757745
WNTR,25.06,25.06,25.15,2102000.0,2076800.0,2000.0,0,0,0,35,2026-02-03 00:07:07.757745
SPNG,24.56,25.05,25.12,2322700.0,2308500.0,,,0,0,36,2026-02-03 00:07:08.783425
SMMR,24.91,24.91,24.98,2104700.0,2060100.0,,,0,0,36,2026-02-03 00:07:08.783425
ATMN,25.06,24.58,25.06,2096000.0,2008200.0,,,0,0,36,2026-02-03 00:07:08.783425
WNTR,25.2,25.01,25.2,2004900.0,1989600.0,2000.0,4000.0,0,0,36,2026-02-03 00:07:08.783425
SPNG,25.12,24.56,25.12,2293400.0,2308500.0,,,0,0,37,2026-02-03 00:07:09.815171
SMMR,25.02,24.91,25.02,2076800.0,2061700.0,,,0,0,37,2026-02-03 00:07:09.815171
ATMN,24.54,24.54,24.86,2076300.0,2026500.0,,,0,0,37,2026-02-03 00:07:09.815171
WNTR,25.14,25.14,25.2,1983300.0,2079100.0,2000.0,2000.0,0,0,37,2026-02-03 00:07:09.815171
SPNG,25.12,25.0,25.12,2296100.0,2313100.0,,,0,0,38,2026-02-03 00:07:10.844410
SMMR,24.97,24.97,25.08,2074200.0,2033000.0,,,0,0,38,2026-02-03 00:07:10.844410
ATMN,24.63,24.54,24.63,2076100.0,2024700.0,,,0,0,38,2026-02-03 00:07:10.844410
WNTR,24.95,24.95,24.97,2018000.0,2059600.0,2000.0,2000.0,0,0,38,2026-02-03 00:07:10.844410
SPNG,24.59,24.59,25.12,2304700.0,2308700.0,,,0,0,39,2026-02-03 00:07:11.872621
SMMR,25.09,24.97,25.09,2092100.0,2033200.0,,,0,0,39,2026-02-03 00:07:11.872621
ATMN,24.63,24.54,24.63,2075900.0,2024700.0,,,0,0,39,2026-02-03 00:07:11.872621
WNTR,24.96,24.96,24.97,2024600.0,2072400.0,2000.0,2000.0,0,0,39,2026-02-03 00:07:11.872621
SPNG,24.53,24.53,25.12,2276100.0,2308700.0,,,0,0,40,2026-02-03 00:07:12.900536
SMMR,25.07,24.97,25.03,2092100.0,2028300.0,,,0,0,40,2026-02-03 00:07:12.900536
ATMN,24.86,25.03,25.06,2044600.0,2008200.0,,,0,0,40,2026-02-03 00:07:12.900536
WNTR,24.96,24.96,24.97,2024600.0,2104100.0,2000.0,2000.0,0,0,40,2026-02-03 00:07:12.900536
SPNG,25.13,24.53,24.94,2267100.0,2293400.0,,0,0,0,41,2026-02-03 00:07:13.926785
SMMR,25.1,24.91,25.1,2101700.0,2031500.0,,0,0,0,41,2026-02-03 00:07:13.926785
ATMN,24.51,24.51,25.12,2022800.0,1987000.0,,0,0,0,41,2026-02-03 00:07:13.926785
WNTR,25.15,24.96,25.15,2024600.0,2202500.0,2000.0,0,0,0,41,2026-02-03 00:07:13.926785
SPNG,25.19,24.82,25.19,2293600.0,2309100.0,,,0,0,42,2026-02-03 00:07:14.454376
SMMR,24.89,24.89,25.1,2093100.0,2058000.0,,,0,0,42,2026-02-03 00:07:14.454376
ATMN,24.54,24.54,25.12,2053100.0,1987000.0,,,0,0,42,2026-02-03 00:07:14.454376
WNTR,25.03,25.03,25.15,1924600.0,2079100.0,4000.0,2000.0,0,0,42,2026-02-03 00:07:14.454376
SPNG,24.82,24.82,25.06,2293600.0,2282000.0,,,0,0,43,2026-02-03 00:07:15.478018
SMMR,24.89,24.89,24.97,2084300.0,2061600.0,,,0,0,43,2026-02-03 00:07:15.478018
ATMN,24.5,24.83,25.07,2039300.0,2009000.0,,,0,0,43,2026-02-03 00:07:15.478018
WNTR,25.2,25.03,25.2,2022700.0,1967900.0,2000.0,4000.0,0,0,43,2026-02-03 00:07:15.478018
SPNG,24.38,24.3,24.35,2228300.0,2322900.0,,,0,0,44,2026-02-03 00:07:16.506135
SMMR,24.97,24.92,24.97,2070200.0,2061600.0,,,0,0,44,2026-02-03 00:07:16.506135
ATMN,24.83,24.5,24.61,2019600.0,2027400.0,,,0,0,44,2026-02-03 00:07:16.506135
WNTR,25.2,25.03,25.2,1877400.0,1863400.0,4000.0,6000.0,0,0,44,2026-02-03 00:07:16.506135
SPNG,25.1,24.3,24.57,2261900.0,2322500.0,,0,0,0,45,2026-02-03 00:07:17.537841
SMMR,24.87,24.87,24.91,2131300.0,2037800.0,,0,0,0,45,2026-02-03 00:07:17.537841
ATMN,25.07,24.6,25.07,2046600.0,2014900.0,,0,0,0,45,2026-02-03 00:07:17.537841
WNTR,25.21,24.94,25.21,2097100.0,1885500.0,6000.0,0,0,0,45,2026-02-03 00:07:17.537841
SPNG,25.15,24.63,25.15,2290800.0,2298600.0,,,0,0,46,2026-02-03 00:07:18.568676
SMMR,24.87,24.89,24.91,2119400.0,2037800.0,,,0,0,46,2026-02-03 00:07:18.568676
ATMN,25.07,24.6,24.71,2046600.0,1984900.0,,,0,0,46,2026-02-03 00:07:18.568676
WNTR,25.21,25.17,25.21,2009100.0,2127900.0,2000.0,2000.0,0,0,46,2026-02-03 00:07:18.568676
SPNG,25.15,25.01,25.15,2285400.0,2298600.0,,,0,0,47,2026-02-03 00:07:19.602407
SMMR,24.91,24.98,25.1,2115700.0,2070700.0,,,0,0,47,2026-02-03 00:07:19.602407
ATMN,24.6,24.6,25.07,2046600.0,2014900.0,,,0,0,47,2026-02-03 00:07:19.602407
WNTR,25.21,25.17,25.21,2009100.0,2108700.0,2000.0,2000.0,0,0,47,2026-02-03 00:07:19.602407
SPNG,25.01,24.3,24.87,2261900.0,2305500.0,,,0,0,48,2026-02-03 00:07:20.632424
SMMR,24.98,24.98,25.01,2115700.0,2069000.0,,,0,0,48,2026-02-03 00:07:20.632424
ATMN,24.66,24.5,24.66,2021500.0,2013600.0,,,0,0,48,2026-02-03 00:07:20.632424
WNTR,25.17,25.17,25.21,2009100.0,2092500.0,2000.0,2000.0,0,0,48,2026-02-03 00:07:20.632424
SPNG,24.87,24.53,24.87,2289000.0,2305500.0,,0,0,0,49,2026-02-03 00:07:21.660319
SMMR,24.89,24.89,25.0,2119700.0,2048700.0,,0,0,0,49,2026-02-03 00:07:21.660319
ATMN,24.66,24.89,24.96,2042800.0,2001000.0,,0,0,0,49,2026-02-03 00:07:21.660319
WNTR,24.93,25.2,25.21,2089500.0,2105700.0,2000.0,0,0,0,49,2026-02-03 00:07:21.660319
SPNG,25.1,24.83,25.02,2321600.0,2270400.0,,0,0,0,50,2026-02-03 00:07:22.688888
SMMR,24.89,24.89,25.0,2115400.0,2048700.0,,0,0,0,50,2026-02-03 00:07:22.688888
ATMN,24.89,24.7,24.76,2037200.0,1984000.0,,0,0,0,50,2026-02-03 00:07:22.688888
WNTR,25.2,25.2,25.21,2089500.0,2087700.0,2000.0,0,0,0,50,2026-02-03 00:07:22.688888
SPNG,25.1,24.83,25.02,2339600.0,2290700.0,,0,0,0,51,2026-02-03 00:07:23.717801
SMMR,25.01,24.89,25.01,2115400.0,2034100.0,,0,0,0,51,2026-02-03 00:07:23.717801
ATMN,24.7,24.7,24.76,2037200.0,1974500.0,,0,0,0,51,2026-02-03 00:07:23.717801
WNTR,24.9,24.9,25.21,2117600.0,2049700.0,2000.0,0,0,0,51,2026-02-03 00:07:23.717801
SPNG,24.53,24.98,25.02,2303900.0,2290700.0,,0,0,0,52,2026-02-03 00:07:24.748531
SMMR,25.01,24.93,25.01,2112200.0,2034100.0,,0,0,0,52,2026-02-03 00:07:24.748531
ATMN,24.49,24.49,24.76,2022600.0,1978900.0,,0,0,0,52,2026-02-03 00:07:24.748531
WNTR,25.04,25.04,25.17,2138400.0,2033600.0,2000.0,0,0,0,52,2026-02-03 00:07:24.748531
SPNG,24.53,24.98,25.02,2303900.0,2272700.0,,0,0,0,53,2026-02-03 00:07:25.774156
SMMR,25.1,24.95,25.02,2094000.0,2017700.0,,0,0,0,53,2026-02-03 00:07:25.774156
ATMN,24.49,24.7,24.76,2045800.0,1978900.0,,0,0,0,53,2026-02-03 00:07:25.774156
WNTR,24.99,25.08,25.17,2117300.0,2033600.0,2000.0,0,0,0,53,2026-02-03 00:07:25.774156
SPNG,25.06,24.81,25.06,2309900.0,2297800.0,,0,0,0,54,2026-02-03 00:07:26.800615
SMMR,25.1,24.97,25.1,2102800.0,2015000.0,,0,0,0,54,2026-02-03 00:07:26.800615
ATMN,24.7,24.7,24.76,2031400.0,2003900.0,,0,0,0,54,2026-02-03 00:07:26.800615
WNTR,25.08,25.08,25.11,2102300.0,2044900.0,2000.0,0,0,0,54,2026-02-03 00:07:26.800615
SPNG,24.81,24.53,24.58,2313600.0,2283400.0,,0,0,0,55,2026-02-03 00:07:27.830183
SMMR,25.1,24.97,25.1,2102800.0,2051700.0,,0,0,0,55,2026-02-03 00:07:27.830183
ATMN,24.7,24.7,24.76,2047100.0,2018300.0,,0,0,0,55,2026-02-03 00:07:27.830183
WNTR,25.11,25.08,25.11,2115400.0,2025000.0,2000.0,0,0,0,55,2026-02-03 00:07:27.830183
SPNG,25.11,24.53,25.11,2298400.0,2300600.0,,0,0,0,56,2026-02-03 00:07:28.863940
SMMR,24.95,24.95,25.1,2104300.0,2065600.0,,0,0,0,56,2026-02-03 00:07:28.863940
ATMN,24.49,24.49,24.51,2041000.0,2024600.0,,0,0,0,56,2026-02-03 00:07:28.863940
WNTR,25.06,25.1,25.11,2117500.0,2025000.0,2000.0,0,0,0,56,2026-02-03 00:07:28.863940
SPNG,25.23,24.53,25.23,2295500.0,2290800.0,,0,0,0,57,2026-02-03 00:07:29.895353
SMMR,25.1,24.93,24.99,2093300.0,2051200.0,,0,0,0,57,2026-02-03 00:07:29.895353
ATMN,24.76,24.5,24.76,2046000.0,1994900.0,,0,0,0,57,2026-02-03 00:07:29.895353
WNTR,25.03,25.12,25.18,2135700.0,2035000.0,2000.0,0,0,0,57,2026-02-03 00:07:29.895353
SPNG,24.48,24.48,25.23,2285800.0,2262700.0,0,0,0,0,58,2026-02-03 00:07:30.925024
SMMR,24.92,24.92,24.99,2129600.0,2051200.0,0,0,0,0,58,2026-02-03 00:07:30.925024
ATMN,24.54,24.69,24.76,2035300.0,1994900.0,0,0,0,0,58,2026-02-03 00:07:30.925024
WNTR,25.22,25.12,25.21,2135700.0,2161500.0,0,0,0,0,58,2026-02-03 00:07:30.925024
SPNG,24.48,24.73,25.19,2263600.0,2245000.0,0,0,0,0,59,2026-02-03 00:07:31.952440
SMMR,24.89,24.92,24.99,2152400.0,2051200.0,0,0,0,0,59,2026-02-03 00:07:31.952440
ATMN,24.5,24.5,24.76,2046000.0,1994900.0,0,0,0,0,59,2026-02-03 00:07:31.952440
WNTR,24.92,24.92,25.17,2124400.0,2150900.0,0,0,0,0,59,2026-02-03 00:07:31.952440
SPNG,24.48,26.4,26.42,964000.0,744300.0,0,0,0,0,60,2026-02-03 00:07:32.980871
SMMR,25.28,25.2,25.21,715800.0,758600.0,0,0,0,0,60,2026-02-03 00:07:32.980871
ATMN,24.26,24.26,24.75,963000.0,720700.0,0,0,0,0,60,2026-02-03 00:07:32.980871
WNTR,25.02,25.01,25.07,909000.0,841400.0,0,0,0,0,60,2026-02-03 00:07:32.980871
SPNG,26.4,25.9,26.16,968800.0,973800.0,0,0,0,0,61,2026-02-03 00:07:34.005377
SMMR,25.3,25.2,25.3,800800.0,853200.0,0,0,0,0,61,2026-02-03 00:07:34.005377
ATMN,24.26,24.32,24.35,1053500.0,923600.0,0,0,0,0,61,2026-02-03 00:07:34.005377
WNTR,25.01,24.85,24.97,944900.0,1149400.0,0,0,0,0,61,2026-02-03 00:07:34.005377
SPNG,25.9,25.9,26.16,968800.0,1312200.0,0,0,0,0,62,2026-02-03 00:07:35.032367
SMMR,25.2,25.2,25.3,919600.0,961700.0,0,0,0,0,62,2026-02-03 00:07:35.032367
ATMN,24.26,23.22,24.23,992600.0,962500.0,0,0,0,0,62,2026-02-03 00:07:35.032367
WNTR,25.0,25.01,25.02,1101200.0,957900.0,0,0,0,0,62,2026-02-03 00:07:35.032367
SPNG,25.9,25.9,26.16,1144300.0,1312200.0,0,0,0,0,63,2026-02-03 00:07:35.563952
SMMR,25.3,25.3,25.35,1033500.0,954600.0,0,0,0,0,63,2026-02-03 00:07:35.563952
ATMN,24.23,24.3,24.47,1208300.0,837900.0,0,0,0,0,63,2026-02-03 00:07:35.563952
WNTR,25.01,24.85,24.95,972200.0,1163900.0,0,0,0,0,63,2026-02-03 00:07:35.563952
SPNG,25.9,25.42,25.54,1382000.0,1414700.0,0,0,0,0,64,2026-02-03 00:07:36.592302
SMMR,25.3,25.3,25.34,1033500.0,1272200.0,0,0,0,0,64,2026-02-03 00:07:36.592302
ATMN,24.23,24.3,24.43,1208300.0,1131400.0,0,0,0,0,64,2026-02-03 00:07:36.592302
WNTR,24.95,24.85,24.95,1081300.0,1283300.0,0,0,0,0,64,2026-02-03 00:07:36.592302
SPNG,25.54,25.66,26.16,1805800.0,1312200.0,0,0,0,0,65,2026-02-03 00:07:37.616657
SMMR,25.2,25.2,25.27,919600.0,1567700.0,0,0,0,0,65,2026-02-03 00:07:37.616657
ATMN,24.35,24.37,24.43,1440700.0,1131400.0,0,0,0,0,65,2026-02-03 00:07:37.616657
WNTR,25.02,24.85,25.02,1429200.0,1077300.0,0,0,0,0,65,2026-02-03 00:07:37.616657
SPNG,25.66,25.66,26.16,1929400.0,1312200.0,0,0,0,0,66,2026-02-03 00:07:38.647066
SMMR,25.08,25.08,25.27,901200.0,1679800.0,0,0,0,0,66,2026-02-03 00:07:38.647066
ATMN,24.3,23.58,24.19,1248800.0,1321300.0,0,0,0,0,66,2026-02-03 00:07:38.647066
WNTR,24.97,24.85,24.96,1429200.0,1290900.0,0,0,0,0,66,2026-02-03 00:07:38.647066
SPNG,26.16,25.66,26.16,2148600.0,1312200.0,0,0,0,0,67,2026-02-03 00:07:39.674281
SMMR,25.27,25.08,25.21,992300.0,1848800.0,0,0,0,0,67,2026-02-03 00:07:39.674281
ATMN,24.19,24.26,24.44,1622000.0,1209700.0,0,0,0,0,67,2026-02-03 00:07:39.674281
WNTR,24.83,24.83,24.96,1401700.0,1407600.0,0,0,0,0,67,2026-02-03 00:07:39.674281
SPNG,25.66,25.69,26.16,2344100.0,1312200.0,0,0,0,0,68,2026-02-03 00:07:40.707560
SMMR,25.28,25.13,25.28,1081400.0,1752500.0,0,0,0,0,68,2026-02-03 00:07:40.707560
ATMN,24.19,24.26,24.44,1719000.0,1437100.0,0,0,0,0,68,2026-02-03 00:07:40.707560
WNTR,24.83,24.83,24.96,1493400.0,1619700.0,0,0,0,0,68,2026-02-03 00:07:40.707560
SPNG,25.66,26.02,26.16,2325000.0,1392500.0,0,0,0,0,69,2026-02-03 00:07:41.740260
SMMR,25.28,25.19,25.28,1302400.0,1752500.0,0,0,0,0,69,2026-02-03 00:07:41.740260
ATMN,24.19,24.26,24.44,1719000.0,1740200.0,0,0,0,0,69,2026-02-03 00:07:41.740260
WNTR,25.0,25.0,25.02,1708400.0,1630500.0,0,0,0,0,69,2026-02-03 00:07:41.740260
SPNG,26.41,25.77,26.41,2321500.0,1175300.0,0,0,0,0,70,2026-02-03 00:07:42.770889
SMMR,25.19,25.19,25.28,1302400.0,1929400.0,0,0,0,0,70,2026-02-03 00:07:42.770889
ATMN,24.19,24.26,24.39,1828100.0,1934100.0,0,0,0,0,70,2026-02-03 00:07:42.770889
WNTR,25.04,24.99,25.04,1728100.0,1514000.0,0,0,0,0,70,2026-02-03 00:07:42.770889
SPNG,25.69,25.69,26.41,2344100.0,1396200.0,0,0,0,0,71,2026-02-03 00:07:43.799202
SMMR,25.14,25.08,25.14,1206600.0,1952000.0,0,0,0,0,71,2026-02-03 00:07:43.799202
ATMN,24.39,24.26,24.39,1930900.0,1925700.0,0,0,0,0,71,2026-02-03 00:07:43.799202
WNTR,24.99,24.83,24.9,1622200.0,1935500.0,0,0,0,0,71,2026-02-03 00:07:43.799202
SPNG,25.8,25.69,25.8,2457500.0,1500200.0,0,0,0,0,72,2026-02-03 00:07:44.837485
SMMR,25.14,25.08,25.14,1401500.0,1953000.0,0,0,0,0,72,2026-02-03 00:07:44.837485
ATMN,24.46,24.26,24.28,2023700.0,1831500.0,0,0,0,0,72,2026-02-03 00:07:44.837485
WNTR,24.83,24.81,24.83,1658200.0,2165800.0,0,0,0,0,72,2026-02-03 00:07:44.837485
SPNG,25.8,25.91,26.41,2213100.0,1396200.0,0,0,0,0,73,2026-02-03 00:07:45.864844
SMMR,25.2,25.21,25.28,1517300.0,1939500.0,0,0,0,0,73,2026-02-03 00:07:45.864844
ATMN,24.47,24.35,24.47,2142800.0,1651300.0,0,0,0,0,73,2026-02-03 00:07:45.864844
WNTR,24.82,24.81,24.82,1845400.0,2191600.0,0,0,0,0,73,2026-02-03 00:07:45.864844
SPNG,25.73,25.97,26.06,2230100.0,1501500.0,0,0,0,0,74,2026-02-03 00:07:46.898960
SMMR,25.25,25.21,25.25,1603300.0,1953900.0,0,0,0,0,74,2026-02-03 00:07:46.898960
ATMN,24.47,24.51,24.52,2259800.0,1618000.0,0,0,0,0,74,2026-02-03 00:07:46.898960
WNTR,24.94,24.81,24.94,1936400.0,2029600.0,0,0,0,0,74,2026-02-03 00:07:46.898960
SPNG,25.69,25.69,26.06,2348000.0,1707100.0,0,0,0,0,75,2026-02-03 00:07:47.926520
SMMR,25.16,25.16,25.25,1677500.0,1953900.0,0,0,0,0,75,2026-02-03 00:07:47.926520
ATMN,24.38,24.38,24.51,2280600.0,1725600.0,0,0,0,0,75,2026-02-03 00:07:47.926520
WNTR,24.94,24.81,24.86,2171900.0,2127300.0,0,0,0,0,75,2026-02-03 00:07:47.926520
SPNG,25.86,25.69,25.86,2306700.0,1807100.0,0,0,0,0,76,2026-02-03 00:07:48.956796
SMMR,25.23,25.15,25.23,1591500.0,1983200.0,0,0,0,0,76,2026-02-03 00:07:48.956796
ATMN,24.38,24.38,24.51,2280600.0,1979300.0,0,0,0,0,76,2026-02-03 00:07:48.956796
WNTR,24.86,24.91,24.94,2273300.0,2125700.0,0,0,0,0,76,2026-02-03 00:07:48.956796
SPNG,26.06,25.78,26.06,2219200.0,1707100.0,0,0,0,0,77,2026-02-03 00:07:49.979770
SMMR,25.26,25.15,25.24,1591500.0,1955700.0,0,0,0,0,77,2026-02-03 00:07:49.979770
ATMN,24.35,24.35,24.51,2351700.0,1993000.0,0,0,0,0,77,2026-02-03 00:07:49.979770
WNTR,24.91,24.81,24.82,2281000.0,2163500.0,0,0,0,0,77,2026-02-03 00:07:49.979770
SPNG,25.78,25.78,25.98,2219200.0,1999200.0,0,0,0,0,78,2026-02-03 00:07:51.006669
SMMR,25.23,25.23,25.24,1698600.0,1928200.0,0,0,0,0,78,2026-02-03 00:07:51.006669
ATMN,24.25,24.27,24.43,2219500.0,2003000.0,0,0,0,0,78,2026-02-03 00:07:51.006669
WNTR,24.91,24.81,24.82,2264700.0,2163500.0,0,0,0,0,78,2026-02-03 00:07:51.006669
SPNG,25.86,25.78,25.86,2219200.0,2047800.0,0,0,0,0,79,2026-02-03 00:07:52.034995
SMMR,25.08,25.19,25.24,1551700.0,1928200.0,0,0,0,0,79,2026-02-03 00:07:52.034995
ATMN,24.51,24.27,24.51,2335000.0,2029400.0,0,0,0,0,79,2026-02-03 00:07:52.034995
WNTR,24.8,24.8,24.82,2271400.0,2184000.0,0,0,0,0,79,2026-02-03 00:07:52.034995
SPNG,25.66,25.66,25.98,2248600.0,2051100.0,0,0,0,0,80,2026-02-03 00:07:53.060580
SMMR,25.08,25.13,25.24,1550600.0,1928200.0,0,0,0,0,80,2026-02-03 00:07:53.060580
ATMN,24.25,24.25,24.51,2335900.0,2029400.0,0,0,0,0,80,2026-02-03 00:07:53.060580
WNTR,24.94,24.86,24.89,2281200.0,2146400.0,0,0,0,0,80,2026-02-03 00:07:53.060580
SPNG,26.2,25.66,26.2,2266500.0,2012900.0,0,0,0,0,81,2026-02-03 00:07:54.090250
SMMR,25.2,25.08,25.19,1469200.0,1935800.0,0,0,0,0,81,2026-02-03 00:07:54.090250
ATMN,24.22,24.34,24.51,2294900.0,2029400.0,0,0,0,0,81,2026-02-03 00:07:54.090250
WNTR,24.79,24.79,24.89,2278700.0,2146400.0,0,0,0,0,81,2026-02-03 00:07:54.090250
SPNG,25.55,25.55,26.2,2318300.0,2067200.0,0,0,0,0,82,2026-02-03 00:07:55.119258
SMMR,25.19,25.19,25.24,1461400.0,1920900.0,0,0,0,0,82,2026-02-03 00:07:55.119258
ATMN,24.22,24.34,24.45,2294900.0,2099500.0,0,0,0,0,82,2026-02-03 00:07:55.119258
WNTR,24.79,24.86,24.89,2254100.0,2183700.0,0,0,0,0,82,2026-02-03 00:07:55.119258
SPNG,25.55,25.55,26.18,2318300.0,2080100.0,0,0,0,0,83,2026-02-03 00:07:55.645020
SMMR,25.19,25.19,25.24,1556800.0,1921900.0,0,0,0,0,83,2026-02-03 00:07:55.645020
ATMN,24.22,24.34,24.45,2294900.0,2115600.0,0,0,0,0,83,2026-02-03 00:07:55.645020
WNTR,24.89,24.79,24.89,2257900.0,2183700.0,0,0,0,0,83,2026-02-03 00:07:55.645020
SPNG,25.55,25.55,26.18,2318300.0,2131600.0,0,0,0,0,84,2026-02-03 00:07:56.678160
SMMR,25.06,25.06,25.08,1356800.0,1945600.0,0,0,0,0,84,2026-02-03 00:07:56.678160
ATMN,24.45,24.17,24.45,2335000.0,2109000.0,0,0,0,0,84,2026-02-03 00:07:56.678160
WNTR,24.89,24.9,24.91,2281200.0,2184900.0,0,0,0,0,84,2026-02-03 00:07:56.678160
SPNG,26.22,25.54,25.94,2350100.0,2159300.0,0,0,0,0,85,2026-02-03 00:07:57.718335
SMMR,25.08,25.05,25.08,1367500.0,1945600.0,0,0,0,0,85,2026-02-03 00:07:57.718335
ATMN,24.45,24.47,24.51,2301300.0,2089300.0,0,0,0,0,85,2026-02-03 00:07:57.718335
WNTR,24.91,24.9,24.91,2266700.0,2184900.0,0,0,0,0,85,2026-02-03 00:07:57.718335
SPNG,25.94,26.17,26.22,2296200.0,2161500.0,0,0,0,0,86,2026-02-03 00:07:58.768028
SMMR,25.16,25.05,25.16,1570100.0,1914900.0,0,0,0,0,86,2026-02-03 00:07:58.768028
ATMN,24.47,24.47,24.51,2301300.0,2062800.0,0,0,0,0,86,2026-02-03 00:07:58.768028
WNTR,24.87,24.89,24.91,2225200.0,2181400.0,0,0,0,0,86,2026-02-03 00:07:58.768028
SPNG,26.22,25.48,26.22,2319100.0,2161500.0,0,0,0,0,87,2026-02-03 00:07:59.801947
SMMR,25.04,25.04,25.16,1572000.0,1918400.0,0,0,0,0,87,2026-02-03 00:07:59.801947
ATMN,24.11,24.11,24.51,2111100.0,2062800.0,0,0,0,0,87,2026-02-03 00:07:59.801947
WNTR,24.89,24.89,24.91,2225200.0,2188800.0,0,0,0,0,87,2026-02-03 00:07:59.801947
SPNG,25.66,26.02,26.09,2255500.0,2199400.0,0,0,0,0,88,2026-02-03 00:08:00.847703
SMMR,25.24,25.04,25.24,1692900.0,1921900.0,0,0,0,0,88,2026-02-03 00:08:00.847703
ATMN,24.43,24.11,24.29,2111100.0,2110400.0,0,0,0,0,88,2026-02-03 00:08:00.847703
WNTR,24.91,24.79,24.91,2238900.0,2188800.0,0,0,0,0,88,2026-02-03 00:08:00.847703
SPNG,26.02,26.02,26.08,2255500.0,2202600.0,0,0,0,0,89,2026-02-03 00:08:01.876595
SMMR,25.22,25.22,25.28,1809000.0,1919500.0,0,0,0,0,89,2026-02-03 00:08:01.876595
ATMN,24.43,24.11,24.29,2223600.0,2121500.0,0,0,0,0,89,2026-02-03 00:08:01.876595
WNTR,24.92,24.79,24.92,2238900.0,2186700.0,0,0,0,0,89,2026-02-03 00:08:01.876595
SPNG,25.48,25.88,26.08,2270100.0,2188600.0,0,0,0,0,90,2026-02-03 00:08:02.901197
SMMR,25.22,25.07,25.15,1779100.0,1916200.0,0,0,0,0,90,2026-02-03 00:08:02.901197
ATMN,24.11,24.11,24.29,2223600.0,2121500.0,0,0,0,0,90,2026-02-03 00:08:02.901197
WNTR,24.79,24.79,24.96,2238900.0,2174100.0,0,0,0,0,90,2026-02-03 00:08:02.901197
SPNG,26.08,25.88,26.08,2270100.0,2176700.0,0,0,0,0,91,2026-02-03 00:08:03.925173
SMMR,25.15,25.07,25.15,1779100.0,1916200.0,0,0,0,0,91,2026-02-03 00:08:03.925173
ATMN,24.33,24.09,24.33,2120800.0,2091900.0,0,0,0,0,91,2026-02-03 00:08:03.925173
WNTR,24.96,24.79,24.96,2238900.0,2210500.0,0,0,0,0,91,2026-02-03 00:08:03.925173
SPNG,25.88,25.48,25.81,2319100.0,2173200.0,0,0,0,0,92,2026-02-03 00:08:04.951776
SMMR,25.2,25.07,25.11,1874200.0,1916500.0,0,0,0,0,92,2026-02-03 00:08:04.951776
ATMN,24.33,24.09,24.2,2224100.0,2094400.0,0,0,0,0,92,2026-02-03 00:08:04.951776
WNTR,24.96,24.79,24.85,2204700.0,2181500.0,0,0,0,0,92,2026-02-03 00:08:04.951776
SPNG,26.09,25.48,26.09,2271900.0,2160100.0,0,0,0,0,93,2026-02-03 00:08:05.973775
SMMR,25.29,25.07,25.29,1965600.0,1913400.0,0,0,0,0,93,2026-02-03 00:08:05.973775
ATMN,24.3,24.09,24.3,2279400.0,2100100.0,0,0,0,0,93,2026-02-03 00:08:05.973775
WNTR,24.78,24.93,24.98,2172700.0,2210700.0,0,0,0,0,93,2026-02-03 00:08:05.973775
SPNG,25.45,25.45,26.17,2314500.0,2147500.0,0,0,0,0,94,2026-02-03 00:08:07.003122
SMMR,25.07,25.07,25.29,1965600.0,1914000.0,0,0,0,0,94,2026-02-03 00:08:07.003122
ATMN,24.3,24.09,24.3,2247300.0,2100100.0,0,0,0,0,94,2026-02-03 00:08:07.003122
WNTR,24.98,24.78,24.98,2215100.0,2197400.0,0,0,0,0,94,2026-02-03 00:08:07.003122
SPNG,25.48,25.48,26.24,2277500.0,2155100.0,0,0,0,0,95,2026-02-03 00:08:08.034220
SMMR,25.04,25.04,25.29,1702700.0,1914000.0,0,0,0,0,95,2026-02-03 00:08:08.034220
ATMN,24.22,24.22,24.3,2217600.0,2079600.0,0,0,0,0,95,2026-02-03 00:08:08.034220
WNTR,24.98,24.97,24.98,2195800.0,2175200.0,0,0,0,0,95,2026-02-03 00:08:08.034220
SPNG,25.42,25.42,26.24,2359200.0,2155100.0,0,0,0,0,96,2026-02-03 00:08:09.058581
SMMR,25.04,25.04,25.21,1702700.0,1928800.0,0,0,0,0,96,2026-02-03 00:08:09.058581
ATMN,24.09,24.09,24.33,2253500.0,2064600.0,0,0,0,0,96,2026-02-03 00:08:09.058581
WNTR,24.97,24.97,24.98,2176600.0,2179400.0,0,0,0,0,96,2026-02-03 00:08:09.058581
SPNG,25.42,25.95,25.99,2324500.0,2154800.0,0,0,0,0,97,2026-02-03 00:08:10.088562
SMMR,25.28,25.14,25.18,1787700.0,1935800.0,0,0,0,0,97,2026-02-03 00:08:10.088562
ATMN,24.44,24.09,24.1,2210300.0,2073800.0,0,0,0,0,97,2026-02-03 00:08:10.088562
WNTR,24.98,24.87,24.98,2184100.0,2157000.0,0,0,0,0,97,2026-02-03 00:08:10.088562
SPNG,25.95,25.95,25.99,2262400.0,2154800.0,0,0,0,0,98,2026-02-03 00:08:11.115876
SMMR,25.17,25.14,25.16,1787700.0,1940400.0,0,0,0,0,98,2026-02-03 00:08:11.115876
ATMN,24.44,24.09,24.1,2127200.0,2073800.0,0,0,0,0,98,2026-02-03 00:08:11.115876
WNTR,24.79,24.8,24.91,2167100.0,2160900.0,0,0,0,0,98,2026-02-03 00:08:11.115876
SPNG,25.99,25.95,25.99,2262400.0,2168300.0,0,0,0,0,99,2026-02-03 00:08:12.140532
SMMR,25.04,25.04,25.06,1807400.0,1950500.0,0,0,0,0,99,2026-02-03 00:08:12.140532
ATMN,24.1,24.09,24.1,2130700.0,2073800.0,0,0,0,0,99,2026-02-03 00:08:12.140532
WNTR,24.93,24.83,24.93,2134500.0,2154600.0,0,0,0,0,99,2026-02-03 00:08:12.140532
SPNG,25.79,25.79,26.14,2293400.0,2142000.0,0,0,0,0,100,2026-02-03 00:08:13.168133
SMMR,25.18,25.04,25.12,1923700.0,1917000.0,0,0,0,0,100,2026-02-03 00:08:13.168133
ATMN,24.51,24.44,24.48,2126000.0,2042500.0,0,0,0,0,100,2026-02-03 00:08:13.168133
WNTR,24.98,24.83,24.98,2124600.0,2172300.0,0,0,0,0,100,2026-02-03 00:08:13.168133
SPNG,26.24,25.37,26.24,2312900.0,2139200.0,0,0,0,0,101,2026-02-03 00:08:14.199153
SMMR,25.16,25.17,25.18,2043600.0,1935800.0,0,0,0,0,101,2026-02-03 00:08:14.199153
ATMN,24.09,24.09,24.48,2132200.0,2045700.0,0,0,0,0,101,2026-02-03 00:08:14.199153
WNTR,24.98,24.92,24.98,2129400.0,2178000.0,0,0,0,0,101,2026-02-03 00:08:14.199153
SPNG,25.85,25.37,25.55,2312900.0,2159800.0,0,0,0,0,102,2026-02-03 00:08:14.729977
SMMR,25.13,25.04,25.13,1923700.0,1942000.0,0,0,0,0,102,2026-02-03 00:08:14.729977
ATMN,24.09,24.1,24.48,2130200.0,2045700.0,0,0,0,0,102,2026-02-03 00:08:14.729977
WNTR,24.92,24.92,24.98,2129400.0,2174900.0,0,0,0,0,102,2026-02-03 00:08:14.729977
SPNG,26.24,26.25,26.26,2260000.0,2149700.0,0,0,0,0,103,2026-02-03 00:08:15.766109
SMMR,25.07,25.07,25.13,2032800.0,1946700.0,0,0,0,0,103,2026-02-03 00:08:15.766109
ATMN,24.09,24.29,24.48,2142100.0,2045700.0,0,0,0,0,103,2026-02-03 00:08:15.766109
WNTR,24.92,24.85,24.87,2134500.0,2206400.0,0,0,0,0,103,2026-02-03 00:08:15.766109
SPNG,25.66,25.98,26.09,2276300.0,2162200.0,0,0,0,0,104,2026-02-03 00:08:16.809295
SMMR,25.03,25.03,25.13,1830400.0,1982200.0,0,0,0,0,104,2026-02-03 00:08:16.809295
ATMN,24.29,24.29,24.48,2142100.0,2050900.0,0,0,0,0,104,2026-02-03 00:08:16.809295
WNTR,24.92,24.85,24.87,2131400.0,2219600.0,0,0,0,0,104,2026-02-03 00:08:16.809295
SPNG,25.68,25.98,26.09,2238100.0,2162200.0,0,0,0,0,105,2026-02-03 00:08:17.877884
SMMR,25.03,25.03,25.11,1748200.0,1948200.0,0,0,0,0,105,2026-02-03 00:08:17.877884
ATMN,24.29,24.29,24.48,2137100.0,2050900.0,0,0,0,0,105,2026-02-03 00:08:17.877884
WNTR,24.82,24.82,24.87,2155400.0,2221500.0,0,0,0,0,105,2026-02-03 00:08:17.877884
SPNG,26.09,25.98,26.09,2238100.0,2155700.0,0,0,0,0,106,2026-02-03 00:08:18.951641
SMMR,25.03,25.03,25.11,1833100.0,1935300.0,0,0,0,0,106,2026-02-03 00:08:18.951641
ATMN,24.52,24.28,24.52,2119400.0,2063300.0,0,0,0,0,106,2026-02-03 00:08:18.951641
WNTR,24.96,24.82,24.91,2155400.0,2209500.0,0,0,0,0,106,2026-02-03 00:08:18.951641
SPNG,25.74,25.68,25.72,2263500.0,2173100.0,0,0,0,0,107,2026-02-03 00:08:19.977806
SMMR,25.01,25.01,25.11,1831700.0,1923200.0,0,0,0,0,107,2026-02-03 00:08:19.977806
ATMN,24.52,24.28,24.3,2119400.0,2082600.0,0,0,0,0,107,2026-02-03 00:08:19.977806
WNTR,24.98,24.8,24.89,2126800.0,2226500.0,0,0,0,0,107,2026-02-03 00:08:19.977806
SPNG,25.72,25.9,26.09,2231000.0,2175800.0,0,0,0,0,108,2026-02-03 00:08:21.005790
SMMR,25.1,25.01,25.1,1916800.0,1902800.0,0,0,0,0,108,2026-02-03 00:08:21.005790
ATMN,24.52,24.28,24.3,2101800.0,2082600.0,0,0,0,0,108,2026-02-03 00:08:21.005790
WNTR,24.98,24.8,24.89,2150800.0,2230700.0,0,0,0,0,108,2026-02-03 00:08:21.005790
SPNG,25.68,25.94,26.09,2250900.0,2189200.0,0,0,0,0,109,2026-02-03 00:08:22.046323
SMMR,25.11,25.01,25.11,1916800.0,1923200.0,0,0,0,0,109,2026-02-03 00:08:22.046323
ATMN,24.17,24.17,24.24,2087100.0,2101500.0,0,0,0,0,109,2026-02-03 00:08:22.046323
WNTR,24.78,24.78,24.89,2181200.0,2230700.0,0,0,0,0,109,2026-02-03 00:08:22.046323
SPNG,26.25,25.94,25.97,2250900.0,2222400.0,0,0,0,0,110,2026-02-03 00:08:23.092716
SMMR,25.11,25.01,25.04,1916800.0,1908300.0,0,0,0,0,110,2026-02-03 00:08:23.092716
ATMN,24.24,24.17,24.24,2087100.0,2101500.0,0,0,0,0,110,2026-02-03 00:08:23.092716
WNTR,24.89,24.78,24.89,2191600.0,2238900.0,0,0,0,0,110,2026-02-03 00:08:23.092716
SPNG,26.26,26.26,26.31,2282700.0,2187500.0,0,0,0,0,111,2026-02-03 00:08:24.152808
SMMR,25.1,25.01,25.1,2022200.0,1891400.0,0,0,0,0,111,2026-02-03 00:08:24.152808
ATMN,24.1,24.1,24.35,2106300.0,2100900.0,0,0,0,0,111,2026-02-03 00:08:24.152808
WNTR,24.89,24.93,24.96,2191000.0,2246100.0,0,0,0,0,111,2026-02-03 00:08:24.152808
SPNG,26.26,25.69,25.84,2214600.0,2207800.0,0,0,0,0,112,2026-02-03 00:08:25.200992
SMMR,25.14,24.99,25.14,1916100.0,1944200.0,0,0,0,0,112,2026-02-03 00:08:25.200992
ATMN,24.35,24.09,24.35,2113600.0,2115600.0,0,0,0,0,112,2026-02-03 00:08:25.200992
WNTR,24.98,24.77,24.98,2161000.0,2226100.0,0,0,0,0,112,2026-02-03 00:08:25.200992
SPNG,26.26,25.69,25.84,2192700.0,2207800.0,0,0,0,0,113,2026-02-03 00:08:26.228654
SMMR,25.14,25.01,25.02,2000000.0,1907600.0,0,0,0,0,113,2026-02-03 00:08:26.228654
ATMN,24.07,24.07,24.41,2081300.0,2088300.0,0,0,0,0,113,2026-02-03 00:08:26.228654
WNTR,24.77,24.77,24.78,2156800.0,2241300.0,0,0,0,0,113,2026-02-03 00:08:26.228654
SPNG,25.96,25.69,25.81,2174700.0,2182300.0,0,0,0,0,114,2026-02-03 00:08:27.263965
SMMR,25.02,24.99,25.02,1916100.0,1922100.0,0,0,0,0,114,2026-02-03 00:08:27.263965
ATMN,24.07,24.07,24.41,2081300.0,2088300.0,0,0,0,0,114,2026-02-03 00:08:27.263965
WNTR,24.78,24.77,24.78,2156800.0,2210600.0,0,0,0,0,114,2026-02-03 00:08:27.263965
SPNG,25.96,25.69,25.81,2183700.0,2182300.0,0,0,0,0,115,2026-02-03 00:08:27.793106
SMMR,25.08,24.98,25.08,1811400.0,1923400.0,0,0,0,0,115,2026-02-03 00:08:27.793106
ATMN,24.07,24.37,24.41,2092600.0,2088300.0,0,0,0,0,115,2026-02-03 00:08:27.793106
WNTR,24.9,24.77,24.87,2156800.0,2220500.0,0,0,0,0,115,2026-02-03 00:08:27.793106
SPNG,25.81,25.86,26.1,2170100.0,2211000.0,0,0,0,0,116,2026-02-03 00:08:28.830747
SMMR,25.23,24.98,25.02,1901700.0,1893100.0,0,0,0,0,116,2026-02-03 00:08:28.830747
ATMN,24.07,24.07,24.41,2081300.0,2088300.0,0,0,0,0,116,2026-02-03 00:08:28.830747
WNTR,24.77,24.77,24.86,2149500.0,2244300.0,0,0,0,0,116,2026-02-03 00:08:28.830747
SPNG,25.69,25.69,26.1,2183700.0,2219600.0,0,0,0,0,117,2026-02-03 00:08:29.872544
SMMR,25.05,24.97,25.05,1804100.0,1901100.0,0,0,0,0,117,2026-02-03 00:08:29.872544
ATMN,24.23,24.07,24.23,2062800.0,2084900.0,0,0,0,0,117,2026-02-03 00:08:29.872544
WNTR,24.77,24.77,24.78,2168800.0,2238300.0,0,0,0,0,117,2026-02-03 00:08:29.872544
SPNG,26.1,25.77,25.82,2152500.0,2250100.0,0,0,0,0,118,2026-02-03 00:08:30.913546
SMMR,24.93,24.97,25.05,1707000.0,1901100.0,0,0,0,0,118,2026-02-03 00:08:30.913546
ATMN,24.07,24.07,24.41,2062800.0,2088300.0,0,0,0,0,118,2026-02-03 00:08:30.913546
WNTR,24.73,24.73,24.78,2201100.0,2238300.0,0,0,0,0,118,2026-02-03 00:08:30.913546
SPNG,25.82,25.69,25.82,2175200.0,2250100.0,0,0,0,0,119,2026-02-03 00:08:31.946623
SMMR,24.93,25.01,25.05,1810200.0,1901100.0,0,0,0,0,119,2026-02-03 00:08:31.946623
ATMN,24.52,24.51,24.52,2039800.0,2046700.0,0,0,0,0,119,2026-02-03 00:08:31.946623
WNTR,24.68,24.68,24.7,2246700.0,2234300.0,0,0,0,0,119,2026-02-03 00:08:31.946623
SPNG,25.82,23.56,25.06,998800.0,785400.0,0,0,0,0,120,2026-02-03 00:08:32.986814
SMMR,25.09,24.0,24.62,840100.0,806000.0,0,0,0,0,120,2026-02-03 00:08:32.986814
ATMN,24.35,25.5,0.0,200000.0,,0,0,0,0,120,2026-02-03 00:08:32.986814
WNTR,24.68,23.34,0.0,200000.0,,0,0,0,0,120,2026-02-03 00:08:32.986814
SPNG,23.16,23.16,23.41,1055400.0,1000400.0,0,0,0,0,121,2026-02-03 00:08:34.021619
SMMR,25.09,24.0,24.14,840100.0,1131700.0,0,0,0,0,121,2026-02-03 00:08:34.021619
ATMN,25.5,25.5,26.05,917100.0,818000.0,0,0,0,0,121,2026-02-03 00:08:34.021619
WNTR,24.68,23.34,23.45,960000.0,1219100.0,0,0,0,0,121,2026-02-03 00:08:34.021619
SPNG,22.34,23.16,23.41,1493500.0,1116400.0,0,0,0,0,122,2026-02-03 00:08:35.054826
SMMR,23.95,23.95,24.14,840900.0,1227400.0,0,0,0,0,122,2026-02-03 00:08:35.054826
ATMN,25.5,25.5,25.84,917100.0,1159900.0,0,0,0,0,122,2026-02-03 00:08:35.054826
WNTR,23.34,23.34,23.45,1002000.0,1427000.0,0,0,0,0,122,2026-02-03 00:08:35.054826
SPNG,23.16,22.06,22.24,1495300.0,1261300.0,0,0,0,0,123,2026-02-03 00:08:36.087096
SMMR,23.95,23.95,24.14,945600.0,1406000.0,0,0,0,0,123,2026-02-03 00:08:36.087096
ATMN,25.5,23.46,24.56,1044400.0,1376000.0,0,0,0,0,123,2026-02-03 00:08:36.087096
WNTR,23.34,22.93,23.23,1151200.0,1654900.0,0,0,0,0,123,2026-02-03 00:08:36.087096
SPNG,23.93,22.93,23.71,1726400.0,1145500.0,0,0,0,0,124,2026-02-03 00:08:37.118994
SMMR,23.95,23.8,23.94,970100.0,1749300.0,0,0,0,0,124,2026-02-03 00:08:37.118994
ATMN,25.5,24.48,24.56,1508300.0,1376000.0,0,0,0,0,124,2026-02-03 00:08:37.118994
WNTR,23.45,23.19,23.45,1540900.0,1546800.0,0,0,0,0,124,2026-02-03 00:08:37.118994
SPNG,23.93,22.93,23.03,1996200.0,1251300.0,0,0,0,0,125,2026-02-03 00:08:38.153594
SMMR,23.99,23.9,23.97,1084200.0,1739000.0,0,0,0,0,125,2026-02-03 00:08:38.153594
ATMN,24.56,25.08,25.52,1795300.0,1270900.0,0,0,0,0,125,2026-02-03 00:08:38.153594
WNTR,23.13,23.06,23.12,1393400.0,1681100.0,0,0,0,0,125,2026-02-03 00:08:38.153594
SPNG,23.03,23.06,23.41,2114800.0,1278200.0,0,0,0,0,126,2026-02-03 00:08:39.186471
SMMR,24.04,23.8,23.88,970100.0,1739600.0,0,0,0,0,126,2026-02-03 00:08:39.186471
ATMN,25.52,25.08,25.52,2025000.0,1270900.0,0,0,0,0,126,2026-02-03 00:08:39.186471
WNTR,23.49,23.44,23.49,1643600.0,1418000.0,0,0,0,0,126,2026-02-03 00:08:39.186471
SPNG,23.06,22.93,23.03,1996200.0,1543700.0,0,0,0,0,127,2026-02-03 00:08:40.215184
SMMR,24.04,23.86,24.04,1082300.0,1634000.0,0,0,0,0,127,2026-02-03 00:08:40.215184
ATMN,25.52,25.45,25.47,2255600.0,1364000.0,0,0,0,0,127,2026-02-03 00:08:40.215184
WNTR,23.41,23.06,23.35,1393400.0,1663800.0,0,0,0,0,127,2026-02-03 00:08:40.215184
SPNG,23.22,22.93,22.96,2110400.0,1550300.0,0,0,0,0,128,2026-02-03 00:08:41.241863
SMMR,24.14,23.98,24.14,1318800.0,1510900.0,0,0,0,0,128,2026-02-03 00:08:41.241863
ATMN,25.45,25.45,25.47,2263200.0,1468800.0,0,0,0,0,128,2026-02-03 00:08:41.241863
WNTR,23.35,23.46,23.49,1876600.0,1531300.0,0,0,0,0,128,2026-02-03 00:08:41.241863
SPNG,23.22,22.93,22.96,2582400.0,1550300.0,0,0,0,0,129,2026-02-03 00:08:42.274483
SMMR,24.14,23.98,24.01,1318800.0,1810900.0,0,0,0,0,129,2026-02-03 00:08:42.274483
ATMN,25.43,25.43,25.47,2208000.0,1468800.0,0,0,0,0,129,2026-02-03 00:08:42.274483
WNTR,23.53,23.46,23.53,1995700.0,1544700.0,0,0,0,0,129,2026-02-03 00:08:42.274483
SPNG,23.36,22.93,23.26,2720600.0,1521000.0,0,0,0,0,130,2026-02-03 00:08:43.301365
SMMR,23.95,23.97,24.01,1388200.0,1810900.0,0,0,0,0,130,2026-02-03 00:08:43.301365
ATMN,25.43,25.23,25.39,2199600.0,1635700.0,0,0,0,0,130,2026-02-03 00:08:43.301365
WNTR,23.46,23.46,23.53,1995700.0,1781300.0,0,0,0,0,130,2026-02-03 00:08:43.301365
SPNG,23.41,22.93,23.41,2751300.0,1278200.0,0,0,0,0,131,2026-02-03 00:08:44.332805
SMMR,23.86,23.95,24.01,1499800.0,1810900.0,0,0,0,0,131,2026-02-03 00:08:44.332805
ATMN,25.47,25.28,25.47,2164900.0,1553800.0,0,0,0,0,131,2026-02-03 00:08:44.332805
WNTR,23.36,23.36,23.53,1742200.0,1887700.0,0,0,0,0,131,2026-02-03 00:08:44.332805
SPNG,23.41,22.93,23.41,2596100.0,1278200.0,0,0,0,0,132,2026-02-03 00:08:45.358813
SMMR,24.05,23.95,24.05,1499800.0,1922800.0,0,0,0,0,132,2026-02-03 00:08:45.358813
ATMN,25.67,25.28,25.51,2130300.0,1429500.0,0,0,0,0,132,2026-02-03 00:08:45.358813
WNTR,23.54,23.5,23.54,1868400.0,1879900.0,0,0,0,0,132,2026-02-03 00:08:45.358813
SPNG,23.41,23.1,23.41,2563900.0,1527400.0,0,0,0,0,133,2026-02-03 00:08:46.384926
SMMR,23.86,23.86,23.96,1389600.0,2039800.0,0,0,0,0,133,2026-02-03 00:08:46.384926
ATMN,25.49,25.28,25.47,2111100.0,1540200.0,0,0,0,0,133,2026-02-03 00:08:46.384926
WNTR,23.1,23.1,23.55,1624300.0,1885000.0,0,0,0,0,133,2026-02-03 00:08:46.384926
SPNG,22.92,22.92,22.98,2622300.0,1650800.0,0,0,0,0,134,2026-02-03 00:08:47.413498
SMMR,24.1,23.83,24.1,1277400.0,1801600.0,0,0,0,0,134,2026-02-03 00:08:47.413498
ATMN,25.49,25.46,25.47,2075700.0,1540200.0,0,0,0,0,134,2026-02-03 00:08:47.413498
WNTR,23.1,23.47,23.55,1840800.0,2012000.0,0,0,0,0,134,2026-02-03 00:08:47.413498
SPNG,22.98,22.92,22.98,2562000.0,1650800.0,0,0,0,0,135,2026-02-03 00:08:47.942329
SMMR,23.8,23.8,23.88,1168600.0,1919200.0,0,0,0,0,135,2026-02-03 00:08:47.942329
ATMN,25.41,25.41,25.47,2094800.0,1540200.0,0,0,0,0,135,2026-02-03 00:08:47.942329
WNTR,23.1,23.47,23.55,1973600.0,2147200.0,0,0,0,0,135,2026-02-03 00:08:47.942329
SPNG,23.45,22.92,23.45,2530800.0,1394700.0,0,0,0,0,136,2026-02-03 00:08:48.975557
SMMR,24.17,23.99,24.17,1413000.0,1617300.0,0,0,0,0,136,2026-02-03 00:08:48.975557
ATMN,25.23,25.23,25.4,2135500.0,1652200.0,0,0,0,0,136,2026-02-03 00:08:48.975557
WNTR,23.46,23.46,23.47,1880100.0,2285100.0,0,0,0,0,136,2026-02-03 00:08:48.975557
SPNG,23.45,22.92,23.45,2545100.0,1508100.0,0,0,0,0,137,2026-02-03 00:08:50.001414
SMMR,23.99,23.99,24.12,1413000.0,1831400.0,0,0,0,0,137,2026-02-03 00:08:50.001414
ATMN,25.2,25.2,25.39,2114000.0,1825900.0,0,0,0,0,137,2026-02-03 00:08:50.001414
WNTR,23.44,23.44,23.47,1874900.0,2325700.0,0,0,0,0,137,2026-02-03 00:08:50.001414
SPNG,23.14,23.21,23.69,2509400.0,1379200.0,0,0,0,0,138,2026-02-03 00:08:51.028045
SMMR,23.99,23.8,23.94,1421500.0,1933800.0,0,0,0,0,138,2026-02-03 00:08:51.028045
ATMN,25.35,25.2,25.21,2114000.0,1960800.0,0,0,0,0,138,2026-02-03 00:08:51.028045
WNTR,23.48,23.44,23.48,1979600.0,2335400.0,0,0,0,0,138,2026-02-03 00:08:51.028045
SPNG,22.92,23.58,23.69,2544900.0,1499800.0,0,0,0,0,139,2026-02-03 00:08:52.058085
SMMR,24.01,23.8,23.99,1421500.0,2082600.0,0,0,0,0,139,2026-02-03 00:08:52.058085
ATMN,25.35,25.2,25.35,2117400.0,1988100.0,0,0,0,0,139,2026-02-03 00:08:52.058085
WNTR,23.3,23.47,23.48,1881200.0,2335400.0,0,0,0,0,139,2026-02-03 00:08:52.058085
SPNG,23.58,23.58,23.69,2544900.0,1774600.0,0,0,0,0,140,2026-02-03 00:08:53.086682
SMMR,23.8,23.92,23.99,1521100.0,2082600.0,0,0,0,0,140,2026-02-03 00:08:53.086682
ATMN,25.25,25.2,25.25,2117400.0,2031600.0,0,0,0,0,140,2026-02-03 00:08:53.086682
WNTR,23.48,23.48,23.49,1987800.0,2281900.0,0,0,0,0,140,2026-02-03 00:08:53.086682
SPNG,23.16,23.27,23.69,2481600.0,1774600.0,0,0,0,0,141,2026-02-03 00:08:54.115550
SMMR,23.99,23.92,23.99,1751600.0,2093100.0,0,0,0,0,141,2026-02-03 00:08:54.115550
ATMN,25.2,25.1,25.19,2156600.0,2020000.0,0,0,0,0,141,2026-02-03 00:08:54.115550
WNTR,23.49,23.48,23.49,2115200.0,2265300.0,0,0,0,0,141,2026-02-03 00:08:54.115550
SPNG,23.27,23.1,23.27,2488000.0,2162400.0,0,0,0,0,142,2026-02-03 00:08:55.142431
SMMR,23.99,24.1,24.12,1857800.0,2062500.0,0,0,0,0,142,2026-02-03 00:08:55.142431
ATMN,25.4,25.1,25.4,2129100.0,1993400.0,0,0,0,0,142,2026-02-03 00:08:55.142431
WNTR,23.47,23.47,23.49,2008600.0,2279900.0,0,0,0,0,142,2026-02-03 00:08:55.142431
SPNG,23.34,23.33,23.34,2492600.0,2019000.0,0,0,0,0,143,2026-02-03 00:08:56.173225
SMMR,23.92,23.84,23.91,1745200.0,2063100.0,0,0,0,0,143,2026-02-03 00:08:56.173225
ATMN,25.08,25.08,25.4,2166700.0,2015900.0,0,0,0,0,143,2026-02-03 00:08:56.173225
WNTR,23.46,23.46,23.52,2003500.0,2231500.0,0,0,0,0,143,2026-02-03 00:08:56.173225
SPNG,23.24,23.1,23.24,2472500.0,2231700.0,0,0,0,0,144,2026-02-03 00:08:57.206763
SMMR,23.92,23.86,23.91,2046200.0,2063100.0,0,0,0,0,144,2026-02-03 00:08:57.206763
ATMN,25.08,25.08,25.4,2159100.0,2021500.0,0,0,0,0,144,2026-02-03 00:08:57.206763
WNTR,23.56,23.46,23.52,2134600.0,2269200.0,0,0,0,0,144,2026-02-03 00:08:57.206763
SPNG,23.25,23.11,23.25,2465600.0,2242900.0,0,0,0,0,145,2026-02-03 00:08:58.243943
SMMR,24.02,24.02,24.06,2161600.0,2051800.0,0,0,0,0,145,2026-02-03 00:08:58.243943
ATMN,25.4,25.27,25.4,2170000.0,2012200.0,0,0,0,0,145,2026-02-03 00:08:58.243943
WNTR,23.56,23.46,23.52,2229100.0,2293100.0,0,0,0,0,145,2026-02-03 00:08:58.243943
SPNG,23.18,23.18,23.27,2456800.0,2246400.0,0,0,0,0,146,2026-02-03 00:08:59.284846
SMMR,24.12,23.93,24.12,2153700.0,2056500.0,0,0,0,0,146,2026-02-03 00:08:59.284846
ATMN,25.4,25.08,25.4,2159100.0,2012200.0,0,0,0,0,146,2026-02-03 00:08:59.284846
WNTR,23.45,23.45,23.52,2217800.0,2295500.0,0,0,0,0,146,2026-02-03 00:08:59.284846
SPNG,23.47,23.06,23.47,2499300.0,1993300.0,0,0,0,0,147,2026-02-03 00:09:00.329258
SMMR,24.12,24.09,24.12,2148500.0,2067800.0,0,0,0,0,147,2026-02-03 00:09:00.329258
ATMN,25.01,25.01,25.24,2197900.0,2017500.0,0,0,0,0,147,2026-02-03 00:09:00.329258
WNTR,23.52,23.45,23.52,2319700.0,2295500.0,0,0,0,0,147,2026-02-03 00:09:00.329258
SPNG,23.47,23.49,23.56,2485300.0,2087300.0,0,0,0,0,148,2026-02-03 00:09:01.359488
SMMR,23.86,23.86,24.12,2171400.0,2067800.0,0,0,0,0,148,2026-02-03 00:09:01.359488
ATMN,25.01,25.01,25.24,2175400.0,2024800.0,0,0,0,0,148,2026-02-03 00:09:01.359488
WNTR,23.38,23.38,23.39,2109100.0,2270700.0,0,0,0,0,148,2026-02-03 00:09:01.359488
SPNG,23.49,23.06,23.07,2499300.0,2272000.0,0,0,0,0,149,2026-02-03 00:09:02.389377
SMMR,24.12,24.15,24.17,2169600.0,2030700.0,0,0,0,0,149,2026-02-03 00:09:02.389377
ATMN,24.97,25.08,25.24,2155400.0,2024800.0,0,0,0,0,149,2026-02-03 00:09:02.389377
WNTR,23.39,23.47,23.52,2486300.0,2295500.0,0,0,0,0,149,2026-02-03 00:09:02.389377
SPNG,23.06,23.06,23.56,2499300.0,2257600.0,0,0,0,0,150,2026-02-03 00:09:03.415917
SMMR,24.05,24.05,24.06,2170200.0,2039700.0,0,0,0,0,150,2026-02-03 00:09:03.415917
ATMN,25.26,25.03,25.26,2167400.0,2012000.0,0,0,0,0,150,2026-02-03 00:09:03.415917
WNTR,23.38,23.38,23.52,2473400.0,2297400.0,0,0,0,0,150,2026-02-03 00:09:03.415917
SPNG,23.06,23.06,23.2,2499300.0,2312100.0,0,0,0,0,151,2026-02-03 00:09:04.443131
SMMR,24.0,24.0,24.06,2158200.0,2038300.0,0,0,0,0,151,2026-02-03 00:09:04.443131
ATMN,25.23,25.23,25.26,2164400.0,2012000.0,0,0,0,0,151,2026-02-03 00:09:04.443131
WNTR,23.36,23.36,23.54,2344600.0,2258500.0,0,0,0,0,151,2026-02-03 00:09:04.443131
SPNG,23.64,23.06,23.64,2499300.0,2286500.0,0,0,0,0,152,2026-02-03 00:09:05.470164
SMMR,24.06,24.04,24.06,2191100.0,2038300.0,0,0,0,0,152,2026-02-03 00:09:05.470164
ATMN,25.03,25.03,25.26,2167400.0,2038600.0,0,0,0,0,152,2026-02-03 00:09:05.470164
WNTR,23.54,23.55,23.56,2451400.0,2286700.0,0,0,0,0,152,2026-02-03 00:09:05.470164
SPNG,23.64,23.06,23.37,2499300.0,2323900.0,0,0,0,0,153,2026-02-03 00:09:06.495672
SMMR,24.06,24.04,24.06,2206700.0,2021900.0,0,0,0,0,153,2026-02-03 00:09:06.495672
ATMN,25.03,25.03,25.27,2167400.0,2051900.0,0,0,0,0,153,2026-02-03 00:09:06.495672
WNTR,23.55,23.52,23.54,2447000.0,2257300.0,0,0,0,0,153,2026-02-03 00:09:06.495672
SPNG,23.43,23.06,23.37,2499300.0,2334100.0,0,0,0,0,154,2026-02-03 00:09:07.518606
SMMR,23.98,23.98,24.01,2175400.0,2029000.0,0,0,0,0,154,2026-02-03 00:09:07.518606
ATMN,25.3,25.03,25.3,2167400.0,2056400.0,0,0,0,0,154,2026-02-03 00:09:07.518606
WNTR,23.35,23.35,23.54,2236200.0,2281600.0,0,0,0,0,154,2026-02-03 00:09:07.518606
SPNG,23.43,23.06,23.43,2499300.0,2336200.0,0,0,0,0,155,2026-02-03 00:09:08.046900
SMMR,23.98,23.99,24.01,2191300.0,2029000.0,0,0,0,0,155,2026-02-03 00:09:08.046900
ATMN,25.36,25.03,25.36,2167400.0,2053900.0,0,0,0,0,155,2026-02-03 00:09:08.046900
WNTR,23.35,23.45,23.51,2462900.0,2267100.0,0,0,0,0,155,2026-02-03 00:09:08.046900
SPNG,22.92,22.92,23.43,2519400.0,2351800.0,0,0,0,0,156,2026-02-03 00:09:09.079816
SMMR,23.98,23.99,24.01,2166600.0,2029000.0,0,0,0,0,156,2026-02-03 00:09:09.079816
ATMN,24.96,24.91,24.95,2160500.0,2040400.0,0,0,0,0,156,2026-02-03 00:09:09.079816
WNTR,23.35,23.45,23.51,2392000.0,2267100.0,0,0,0,0,156,2026-02-03 00:09:09.079816
SPNG,22.92,23.27,23.43,2450900.0,2369200.0,0,0,0,0,157,2026-02-03 00:09:10.105655
SMMR,23.99,23.99,24.01,2150200.0,2029000.0,0,0,0,0,157,2026-02-03 00:09:10.105655
ATMN,24.96,24.91,24.95,2117500.0,2040400.0,0,0,0,0,157,2026-02-03 00:09:10.105655
WNTR,23.35,23.45,23.51,2384600.0,2267100.0,0,0,0,0,157,2026-02-03 00:09:10.105655
SPNG,23.43,23.43,23.48,2473900.0,2354600.0,0,0,0,0,158,2026-02-03 00:09:11.129353
SMMR,24.01,23.92,24.01,2163900.0,2029000.0,0,0,0,0,158,2026-02-03 00:09:11.129353
ATMN,24.95,24.96,25.36,2104900.0,2052400.0,0,0,0,0,158,2026-02-03 00:09:11.129353
WNTR,23.41,23.41,23.51,2386700.0,2267100.0,0,0,0,0,158,2026-02-03 00:09:11.129353
SPNG,23.36,23.15,23.36,2471600.0,2369900.0,0,0,0,0,159,2026-02-03 00:09:12.159178
SMMR,24.06,23.97,24.06,2147100.0,2021900.0,0,0,0,0,159,2026-02-03 00:09:12.159178
ATMN,24.91,24.93,25.36,2055600.0,2052400.0,0,0,0,0,159,2026-02-03 00:09:12.159178
WNTR,23.41,23.42,23.48,2370100.0,2265900.0,0,0,0,0,159,2026-02-03 00:09:12.159178
SPNG,22.93,22.93,23.36,2467100.0,2369900.0,0,0,0,0,160,2026-02-03 00:09:13.184949
SMMR,24.06,24.04,24.06,2161700.0,2041000.0,0,0,0,0,160,2026-02-03 00:09:13.184949
ATMN,25.4,24.91,25.39,2090200.0,2061600.0,0,0,0,0,160,2026-02-03 00:09:13.184949
WNTR,23.38,23.38,23.48,2412200.0,2265900.0,0,0,0,0,160,2026-02-03 00:09:13.184949
SPNG,22.93,23.26,23.36,2411900.0,2402800.0,0,0,0,0,161,2026-02-03 00:09:14.210796
SMMR,24.08,24.05,24.08,2194500.0,2030500.0,0,0,0,0,161,2026-02-03 00:09:14.210796
ATMN,25.4,25.12,25.39,2063400.0,2043000.0,0,0,0,0,161,2026-02-03 00:09:14.210796
WNTR,23.48,23.38,23.48,2412500.0,2265900.0,0,0,0,0,161,2026-02-03 00:09:14.210796
SPNG,23.35,23.35,23.36,2406100.0,2417300.0,0,0,0,0,162,2026-02-03 00:09:15.237772
SMMR,24.08,24.09,24.14,2201700.0,2064200.0,0,0,0,0,162,2026-02-03 00:09:15.237772
ATMN,25.39,24.91,25.39,2083600.0,2043000.0,0,0,0,0,162,2026-02-03 00:09:15.237772
WNTR,23.54,23.38,23.54,2412500.0,2281600.0,0,0,0,0,162,2026-02-03 00:09:15.237772
SPNG,23.15,22.93,23.15,2423500.0,2411500.0,0,0,0,0,163,2026-02-03 00:09:16.262942
SMMR,24.08,24.09,24.14,2201700.0,2073200.0,0,0,0,0,163,2026-02-03 00:09:16.262942
ATMN,25.41,24.94,25.41,2065000.0,2033000.0,0,0,0,0,163,2026-02-03 00:09:16.262942
WNTR,23.56,23.54,23.56,2410800.0,2282500.0,0,0,0,0,163,2026-02-03 00:09:16.262942
SPNG,23.15,22.93,23.15,2421300.0,2411500.0,0,0,0,0,164,2026-02-03 00:09:17.293094
SMMR,24.05,24.05,24.1,2194500.0,2084600.0,0,0,0,0,164,2026-02-03 00:09:17.293094
ATMN,25.43,24.94,25.43,2054100.0,2036000.0,0,0,0,0,164,2026-02-03 00:09:17.293094
WNTR,23.47,23.47,23.56,2370300.0,2282500.0,0,0,0,0,164,2026-02-03 00:09:17.293094
SPNG,23.23,23.23,23.36,2460200.0,2417300.0,0,0,0,0,165,2026-02-03 00:09:18.321692
SMMR,24.05,24.05,24.1,2194500.0,2122100.0,0,0,0,0,165,2026-02-03 00:09:18.321692
ATMN,25.28,25.21,25.28,2054100.0,2053000.0,0,0,0,0,165,2026-02-03 00:09:18.321692
WNTR,23.45,23.45,23.55,2375200.0,2297500.0,0,0,0,0,165,2026-02-03 00:09:18.321692
SPNG,23.01,23.01,23.36,2447700.0,2399900.0,0,0,0,0,166,2026-02-03 00:09:19.350190
SMMR,24.04,24.04,24.1,2161700.0,2126400.0,0,0,0,0,166,2026-02-03 00:09:19.350190
ATMN,25.29,25.29,25.43,2041600.0,2036000.0,0,0,0,0,166,2026-02-03 00:09:19.350190
WNTR,23.37,23.37,23.42,2433900.0,2286500.0,0,0,0,0,166,2026-02-03 00:09:19.350190
SPNG,23.01,23.22,23.36,2477900.0,2394700.0,0,0,0,0,167,2026-02-03 00:09:20.381061
SMMR,23.92,23.92,24.0,2167200.0,2152200.0,0,0,0,0,167,2026-02-03 00:09:20.381061
ATMN,24.94,24.94,25.43,2054100.0,2036000.0,0,0,0,0,167,2026-02-03 00:09:20.381061
WNTR,23.51,23.37,23.51,2450700.0,2337700.0,0,0,0,0,167,2026-02-03 00:09:20.381061
SPNG,23.22,23.22,23.48,2477900.0,2367700.0,0,0,0,0,168,2026-02-03 00:09:21.410453
SMMR,23.92,23.92,23.93,2153000.0,2127500.0,0,0,0,0,168,2026-02-03 00:09:21.410453
ATMN,25.45,25.37,25.45,2050400.0,2060800.0,0,0,0,0,168,2026-02-03 00:09:21.410453
WNTR,23.35,23.35,23.38,2445300.0,2333100.0,0,0,0,0,168,2026-02-03 00:09:21.410453
SPNG,23.48,23.57,23.6,2457300.0,2384400.0,0,0,0,0,169,2026-02-03 00:09:22.437870
SMMR,24.0,23.92,24.0,2181800.0,2140000.0,0,0,0,0,169,2026-02-03 00:09:22.437870
ATMN,25.37,24.94,25.27,2054100.0,2070000.0,0,0,0,0,169,2026-02-03 00:09:22.437870
WNTR,23.35,23.35,23.38,2417000.0,2309300.0,0,0,0,0,169,2026-02-03 00:09:22.437870
SPNG,23.57,23.01,23.2,2462300.0,2415100.0,0,0,0,0,170,2026-02-03 00:09:23.465144
SMMR,23.9,23.9,23.96,2172500.0,2151800.0,0,0,0,0,170,2026-02-03 00:09:23.465144
ATMN,25.46,25.34,25.46,2057400.0,2063600.0,0,0,0,0,170,2026-02-03 00:09:23.465144
WNTR,23.35,23.35,23.42,2458300.0,2286100.0,0,0,0,0,170,2026-02-03 00:09:23.465144
SPNG,23.6,23.01,23.6,2462300.0,2394400.0,0,0,0,0,171,2026-02-03 00:09:24.494939
SMMR,24.0,23.9,24.0,2142900.0,2140000.0,0,0,0,0,171,2026-02-03 00:09:24.494939
ATMN,25.34,25.34,25.46,2057400.0,2062900.0,0,0,0,0,171,2026-02-03 00:09:24.494939
WNTR,23.42,23.46,23.49,2470500.0,2309900.0,0,0,0,0,171,2026-02-03 00:09:24.494939
SPNG,23.6,23.01,23.06,2462300.0,2422600.0,0,0,0,0,172,2026-02-03 00:09:25.531588
SMMR,24.0,23.9,23.99,2179900.0,2176600.0,0,0,0,0,172,2026-02-03 00:09:25.531588
ATMN,25.38,25.34,25.38,2057400.0,2059200.0,0,0,0,0,172,2026-02-03 00:09:25.531588
WNTR,23.46,23.46,23.49,2470500.0,2292800.0,0,0,0,0,172,2026-02-03 00:09:25.531588
SPNG,23.64,23.3,23.64,2471900.0,2377000.0,0,0,0,0,173,2026-02-03 00:09:26.563874
SMMR,23.99,23.89,23.99,2179000.0,2176600.0,0,0,0,0,173,2026-02-03 00:09:26.563874
ATMN,24.94,24.94,25.46,2047500.0,2045100.0,0,0,0,0,173,2026-02-03 00:09:26.563874
WNTR,23.46,23.3,23.33,2452900.0,2288500.0,0,0,0,0,173,2026-02-03 00:09:26.563874
SPNG,23.22,23.23,23.64,2433500.0,2381500.0,0,0,0,0,174,2026-02-03 00:09:27.590883
SMMR,24.1,23.9,24.1,2207100.0,2149100.0,0,0,0,0,174,2026-02-03 00:09:27.590883
ATMN,24.94,24.94,25.46,2047500.0,2045100.0,0,0,0,0,174,2026-02-03 00:09:27.590883
WNTR,23.49,23.4,23.49,2474100.0,2296800.0,0,0,0,0,174,2026-02-03 00:09:27.590883
SPNG,23.45,23.23,23.45,2415300.0,2409200.0,0,0,0,0,175,2026-02-03 00:09:28.622614
SMMR,23.89,23.89,23.93,2209200.0,2137000.0,0,0,0,0,175,2026-02-03 00:09:28.622614
ATMN,25.46,25.43,25.46,2057900.0,2048400.0,0,0,0,0,175,2026-02-03 00:09:28.622614
WNTR,23.5,23.4,23.5,2474100.0,2316800.0,0,0,0,0,175,2026-02-03 00:09:28.622614
SPNG,23.22,23.22,23.45,2458700.0,2419400.0,0,0,0,0,176,2026-02-03 00:09:29.148776
SMMR,23.93,23.89,23.93,2184100.0,2140200.0,0,0,0,0,176,2026-02-03 00:09:29.148776
ATMN,25.43,25.43,25.46,2057900.0,2028200.0,0,0,0,0,176,2026-02-03 00:09:29.148776
WNTR,23.5,23.45,23.5,2439500.0,2316800.0,0,0,0,0,176,2026-02-03 00:09:29.148776
SPNG,23.36,23.22,23.36,2458700.0,2419800.0,0,0,0,0,177,2026-02-03 00:09:30.182905
SMMR,23.93,23.93,23.98,2170900.0,2151400.0,0,0,0,0,177,2026-02-03 00:09:30.182905
ATMN,25.35,25.41,25.46,2059500.0,2028200.0,0,0,0,0,177,2026-02-03 00:09:30.182905
WNTR,23.44,23.46,23.5,2446200.0,2316800.0,0,0,0,0,177,2026-02-03 00:09:30.182905
SPNG,22.93,22.93,23.45,2422800.0,2404900.0,0,0,0,0,178,2026-02-03 00:09:31.217488
SMMR,23.98,24.03,24.1,2222100.0,2146900.0,0,0,0,0,178,2026-02-03 00:09:31.217488
ATMN,25.31,24.94,24.98,2047500.0,2000800.0,0,0,0,0,178,2026-02-03 00:09:31.217488
WNTR,23.5,23.3,23.5,2452900.0,2322500.0,0,0,0,0,178,2026-02-03 00:09:31.217488
SPNG,23.47,23.11,23.47,2439600.0,2389900.0,0,0,0,0,179,2026-02-03 00:09:32.259986
SMMR,23.89,23.89,24.08,2163000.0,2156500.0,0,0,0,0,179,2026-02-03 00:09:32.259986
ATMN,25.46,25.14,25.46,2037200.0,2064100.0,0,0,0,0,179,2026-02-03 00:09:32.259986
WNTR,23.42,23.42,23.5,2452000.0,2325800.0,0,0,0,0,179,2026-02-03 00:09:32.259986
SPNG,23.16,24.65,0.0,200000.0,0,0,0,0,0,180,2026-02-03 00:09:33.297848
SMMR,23.89,24.2,0.0,200000.0,0,0,0,0,0,180,2026-02-03 00:09:33.297848
ATMN,25.38,24.02,0.0,200000.0,0,0,0,0,0,180,2026-02-03 00:09:33.297848
WNTR,23.29,25.35,0.0,200000.0,0,0,0,0,0,180,2026-02-03 00:09:33.297848
SPNG,32.41,27.24,27.63,959700.0,900200.0,0,0,0,0,181,2026-02-03 00:09:34.330229
SMMR,24.2,24.2,24.36,1011700.0,864700.0,0,0,0,0,181,2026-02-03 00:09:34.330229
ATMN,24.02,24.02,24.31,952300.0,848100.0,0,0,0,0,181,2026-02-03 00:09:34.330229
WNTR,25.35,24.53,24.59,1191300.0,869300.0,0,0,0,0,181,2026-02-03 00:09:34.330229
SPNG,24.65,25.5,26.55,973300.0,1127900.0,0,0,0,0,182,2026-02-03 00:09:35.358865
SMMR,24.2,24.28,24.31,1232600.0,959100.0,0,0,0,0,182,2026-02-03 00:09:35.358865
ATMN,24.02,24.02,24.13,1174500.0,938600.0,0,0,0,0,182,2026-02-03 00:09:35.358865
WNTR,24.59,24.53,24.59,1417900.0,869300.0,0,0,0,0,182,2026-02-03 00:09:35.358865
SPNG,24.65,25.5,26.25,973300.0,1432000.0,0,0,0,0,183,2026-02-03 00:09:36.393077
SMMR,24.28,24.23,24.26,1107000.0,1165100.0,0,0,0,0,183,2026-02-03 00:09:36.393077
ATMN,23.97,23.97,24.13,1296200.0,938600.0,0,0,0,0,183,2026-02-03 00:09:36.393077
WNTR,24.75,24.94,25.06,1775200.0,847300.0,0,0,0,0,183,2026-02-03 00:09:36.393077
SPNG,24.65,24.65,25.49,1055500.0,1663300.0,0,0,0,0,184,2026-02-03 00:09:37.429934
SMMR,24.2,24.2,24.21,1136200.0,1355100.0,0,0,0,0,184,2026-02-03 00:09:37.429934
ATMN,24.13,24.15,24.17,1550200.0,961700.0,0,0,0,0,184,2026-02-03 00:09:37.429934
WNTR,24.75,24.94,25.06,2101200.0,847300.0,0,0,0,0,184,2026-02-03 00:09:37.429934
SPNG,24.65,22.95,24.11,1074200.0,2025800.0,0,0,0,0,185,2026-02-03 00:09:38.464768
SMMR,24.21,24.2,24.21,1136200.0,1687200.0,0,0,0,0,185,2026-02-03 00:09:38.464768
ATMN,24.13,24.15,24.16,1538600.0,1061400.0,0,0,0,0,185,2026-02-03 00:09:38.464768
WNTR,25.06,24.99,25.06,2317400.0,847300.0,0,0,0,0,185,2026-02-03 00:09:38.464768
SPNG,24.11,24.75,24.8,1428200.0,2023800.0,0,0,0,0,186,2026-02-03 00:09:39.496630
SMMR,24.21,24.2,24.21,1495900.0,1687200.0,0,0,0,0,186,2026-02-03 00:09:39.496630
ATMN,23.88,23.88,24.16,1332700.0,1256000.0,0,0,0,0,186,2026-02-03 00:09:39.496630
WNTR,25.23,25.04,25.23,2270400.0,808500.0,0,0,0,0,186,2026-02-03 00:09:39.496630
SPNG,24.87,24.21,24.87,1416100.0,2013400.0,0,0,0,0,187,2026-02-03 00:09:40.527278
SMMR,24.21,24.2,24.21,1495900.0,1915500.0,0,0,0,0,187,2026-02-03 00:09:40.527278
ATMN,24.17,23.88,24.17,1332700.0,1391300.0,0,0,0,0,187,2026-02-03 00:09:40.527278
WNTR,25.48,25.41,25.48,2218500.0,796100.0,0,0,0,0,187,2026-02-03 00:09:40.527278
SPNG,24.09,24.29,24.87,1693100.0,2013400.0,0,0,0,0,188,2026-02-03 00:09:41.549284
SMMR,24.18,24.18,24.21,1599700.0,2014200.0,0,0,0,0,188,2026-02-03 00:09:41.549284
ATMN,24.17,23.61,24.17,1328400.0,1391300.0,0,0,0,0,188,2026-02-03 00:09:41.549284
WNTR,25.41,25.24,25.33,2215600.0,987700.0,0,0,0,0,188,2026-02-03 00:09:41.549284
SPNG,24.87,24.63,24.87,1796700.0,2052700.0,0,0,0,0,189,2026-02-03 00:09:42.575598
SMMR,24.21,24.18,24.21,1599700.0,1908900.0,0,0,0,0,189,2026-02-03 00:09:42.575598
ATMN,24.28,24.04,24.28,1443900.0,1162400.0,0,0,0,0,189,2026-02-03 00:09:42.575598
WNTR,25.41,25.24,25.33,2173700.0,1103400.0,0,0,0,0,189,2026-02-03 00:09:42.575598
SPNG,24.63,24.29,24.54,1693100.0,2188700.0,0,0,0,0,190,2026-02-03 00:09:43.605360
SMMR,24.21,24.22,24.24,1566800.0,1914800.0,0,0,0,0,190,2026-02-03 00:09:43.605360
ATMN,24.02,24.26,24.28,1553200.0,1162400.0,0,0,0,0,190,2026-02-03 00:09:43.605360
WNTR,25.33,25.24,25.26,2168100.0,1142000.0,0,0,0,0,190,2026-02-03 00:09:43.605360
SPNG,24.89,24.34,24.89,1789100.0,2125400.0,0,0,0,0,191,2026-02-03 00:09:44.639720
SMMR,24.14,24.14,24.24,1500700.0,1914800.0,0,0,0,0,191,2026-02-03 00:09:44.639720
ATMN,24.26,24.26,24.28,1553200.0,1457400.0,0,0,0,0,191,2026-02-03 00:09:44.639720
WNTR,25.26,25.24,25.26,2170200.0,1264400.0,0,0,0,0,191,2026-02-03 00:09:44.639720
SPNG,24.89,24.34,24.89,2051700.0,2176900.0,0,0,0,0,192,2026-02-03 00:09:45.669971
SMMR,24.14,24.14,24.2,1641900.0,2013800.0,0,0,0,0,192,2026-02-03 00:09:45.669971
ATMN,24.26,24.26,24.28,1553200.0,1756900.0,0,0,0,0,192,2026-02-03 00:09:45.669971
WNTR,25.48,25.24,25.48,2170200.0,899100.0,0,0,0,0,192,2026-02-03 00:09:45.669971
SPNG,25.01,24.29,25.01,1955700.0,2128500.0,0,0,0,0,193,2026-02-03 00:09:46.692129
SMMR,24.24,24.14,24.17,1537500.0,2025700.0,0,0,0,0,193,2026-02-03 00:09:46.692129
ATMN,24.26,23.61,23.77,1545600.0,1950700.0,0,0,0,0,193,2026-02-03 00:09:46.692129
WNTR,25.52,25.24,25.25,2170200.0,989000.0,0,0,0,0,193,2026-02-03 00:09:46.692129
SPNG,25.01,24.58,24.6,2365700.0,2163600.0,0,0,0,0,194,2026-02-03 00:09:47.715507
SMMR,24.13,24.13,24.17,1510300.0,2062500.0,0,0,0,0,194,2026-02-03 00:09:47.715507
ATMN,23.55,23.73,24.28,1638400.0,1840000.0,0,0,0,0,194,2026-02-03 00:09:47.715507
WNTR,25.25,25.39,25.52,2195300.0,897300.0,0,0,0,0,194,2026-02-03 00:09:47.715507
SPNG,25.01,24.58,24.6,2365700.0,2213300.0,0,0,0,0,195,2026-02-03 00:09:48.239555
SMMR,24.0,24.0,24.17,1385700.0,2062500.0,0,0,0,0,195,2026-02-03 00:09:48.239555
ATMN,23.55,24.13,24.28,1750800.0,1840000.0,0,0,0,0,195,2026-02-03 00:09:48.239555
WNTR,25.39,25.23,25.32,2165900.0,1025200.0,0,0,0,0,195,2026-02-03 00:09:48.239555
SPNG,24.58,24.58,24.85,2365700.0,2180300.0,0,0,0,0,196,2026-02-03 00:09:49.271173
SMMR,24.24,24.0,24.12,1385700.0,2037200.0,0,0,0,0,196,2026-02-03 00:09:49.271173
ATMN,23.73,23.73,24.16,1638400.0,1964200.0,0,0,0,0,196,2026-02-03 00:09:49.271173
WNTR,25.3,25.3,25.32,2176500.0,1144500.0,0,0,0,0,196,2026-02-03 00:09:49.271173
SPNG,24.48,24.73,24.85,2498000.0,2180300.0,0,0,0,0,197,2026-02-03 00:09:50.305314
SMMR,23.99,23.99,24.17,1264300.0,2068800.0,0,0,0,0,197,2026-02-03 00:09:50.305314
ATMN,23.61,23.61,23.69,1643400.0,1995900.0,0,0,0,0,197,2026-02-03 00:09:50.305314
WNTR,25.21,25.21,25.32,2180400.0,1116900.0,0,0,0,0,197,2026-02-03 00:09:50.305314
SPNG,24.16,24.16,24.76,2247100.0,2179600.0,0,0,0,0,198,2026-02-03 00:09:51.341170
SMMR,24.17,23.99,24.17,1377500.0,2068800.0,0,0,0,0,198,2026-02-03 00:09:51.341170
ATMN,23.69,24.11,24.28,1739600.0,1946900.0,0,0,0,0,198,2026-02-03 00:09:51.341170
WNTR,25.36,25.21,25.36,2193200.0,1130600.0,0,0,0,0,198,2026-02-03 00:09:51.341170
SPNG,24.9,24.25,24.9,2371100.0,2205900.0,0,0,0,0,199,2026-02-03 00:09:52.375403
SMMR,24.17,23.99,24.03,1377500.0,2072200.0,0,0,0,0,199,2026-02-03 00:09:52.375403
ATMN,23.97,23.97,24.03,1767200.0,1998100.0,0,0,0,0,199,2026-02-03 00:09:52.375403
WNTR,25.18,25.18,25.36,2201800.0,1130600.0,0,0,0,0,199,2026-02-03 00:09:52.375403
SPNG,24.9,24.25,24.4,2584700.0,2214400.0,0,0,0,0,200,2026-02-03 00:09:53.416100
SMMR,24.03,24.09,24.16,1392400.0,2120700.0,0,0,0,0,200,2026-02-03 00:09:53.416100
ATMN,24.17,23.97,24.17,1728700.0,1997100.0,0,0,0,0,200,2026-02-03 00:09:53.416100
WNTR,25.42,25.18,25.32,2201800.0,1221600.0,0,0,0,0,200,2026-02-03 00:09:53.416100
SPNG,24.4,24.49,24.9,2446600.0,2220300.0,0,0,0,0,201,2026-02-03 00:09:54.451655
SMMR,23.52,23.97,24.16,1383900.0,2120700.0,0,0,0,0,201,2026-02-03 00:09:54.451655
ATMN,23.77,23.81,24.17,1856400.0,1997100.0,0,0,0,0,201,2026-02-03 00:09:54.451655
WNTR,25.3,25.3,25.32,2230800.0,1221600.0,0,0,0,0,201,2026-02-03 00:09:54.451655
SPNG,24.31,24.82,24.9,2446400.0,2231700.0,0,0,0,0,202,2026-02-03 00:09:55.484283
SMMR,23.97,23.97,23.99,1383900.0,2112100.0,0,0,0,0,202,2026-02-03 00:09:55.484283
ATMN,24.17,23.81,24.15,1970100.0,2021800.0,0,0,0,0,202,2026-02-03 00:09:55.484283
WNTR,25.32,25.46,25.52,2227900.0,1124300.0,0,0,0,0,202,2026-02-03 00:09:55.484283
SPNG,24.82,24.82,24.9,2446400.0,2257300.0,0,0,0,0,203,2026-02-03 00:09:56.514356
SMMR,24.0,23.97,24.0,1598400.0,2096700.0,0,0,0,0,203,2026-02-03 00:09:56.514356
ATMN,23.77,24.11,24.15,1993400.0,2021800.0,0,0,0,0,203,2026-02-03 00:09:56.514356
WNTR,25.31,25.18,25.28,2217900.0,1408700.0,0,0,0,0,203,2026-02-03 00:09:56.514356
SPNG,24.91,24.25,24.91,2543500.0,2223400.0,0,0,0,0,204,2026-02-03 00:09:57.546157
SMMR,24.0,24.07,24.1,1815600.0,2103900.0,0,0,0,0,204,2026-02-03 00:09:57.546157
ATMN,23.81,24.09,24.15,1975000.0,2021800.0,0,0,0,0,204,2026-02-03 00:09:57.546157
WNTR,25.18,25.18,25.29,2217900.0,1432100.0,0,0,0,0,204,2026-02-03 00:09:57.546157
SPNG,24.14,24.14,24.87,2476500.0,2243000.0,0,0,0,0,205,2026-02-03 00:09:58.577028
SMMR,24.1,23.94,24.1,1587500.0,2122400.0,0,0,0,0,205,2026-02-03 00:09:58.577028
ATMN,23.81,24.09,24.11,1975000.0,2029800.0,0,0,0,0,205,2026-02-03 00:09:58.577028
WNTR,25.29,25.2,25.29,2192700.0,1432100.0,0,0,0,0,205,2026-02-03 00:09:58.577028
SPNG,24.22,24.22,24.74,2538300.0,2244200.0,0,0,0,0,206,2026-02-03 00:09:59.608832
SMMR,23.92,23.92,24.03,1496100.0,2151700.0,0,0,0,0,206,2026-02-03 00:09:59.608832
ATMN,24.15,23.87,24.15,1645300.0,2037900.0,0,0,0,0,206,2026-02-03 00:09:59.608832
WNTR,25.29,25.25,25.29,2209800.0,1432100.0,0,0,0,0,206,2026-02-03 00:09:59.608832
SPNG,24.22,24.57,24.67,2459700.0,2247800.0,0,0,0,0,207,2026-02-03 00:10:00.640993
SMMR,23.87,23.9,23.96,1485500.0,2167400.0,0,0,0,0,207,2026-02-03 00:10:00.640993
ATMN,23.7,23.97,24.15,1679600.0,2037900.0,0,0,0,0,207,2026-02-03 00:10:00.640993
WNTR,25.52,25.32,25.52,2223300.0,1109800.0,0,0,0,0,207,2026-02-03 00:10:00.640993
SPNG,24.22,24.59,24.67,2448300.0,2201800.0,0,0,0,0,208,2026-02-03 00:10:01.669897
SMMR,23.9,23.9,23.96,1485500.0,2167400.0,0,0,0,0,208,2026-02-03 00:10:01.669897
ATMN,23.97,23.49,23.87,1557400.0,2082200.0,0,0,0,0,208,2026-02-03 00:10:01.669897
WNTR,25.31,25.44,25.48,2226700.0,1232500.0,0,0,0,0,208,2026-02-03 00:10:01.669897
SPNG,24.67,24.14,24.67,2489200.0,2201800.0,0,0,0,0,209,2026-02-03 00:10:02.708411
SMMR,23.96,23.99,24.03,1694500.0,2183600.0,0,0,0,0,209,2026-02-03 00:10:02.708411
ATMN,23.97,23.77,23.87,2025200.0,2082200.0,0,0,0,0,209,2026-02-03 00:10:02.708411
WNTR,25.31,25.44,25.48,2246300.0,1432300.0,0,0,0,0,209,2026-02-03 00:10:02.708411
SPNG,24.14,24.14,24.72,2488500.0,2192400.0,0,0,0,0,210,2026-02-03 00:10:03.735481
SMMR,24.07,23.99,24.0,1694500.0,2144500.0,0,0,0,0,210,2026-02-03 00:10:03.735481
ATMN,23.77,23.77,24.15,2127500.0,2049900.0,0,0,0,0,210,2026-02-03 00:10:03.735481
WNTR,25.42,25.42,25.56,2236200.0,1099800.0,0,0,0,0,210,2026-02-03 00:10:03.735481
SPNG,24.41,24.28,24.38,2420000.0,2208600.0,0,0,0,0,211,2026-02-03 00:10:04.763974
SMMR,24.07,23.99,24.0,1788300.0,2118000.0,0,0,0,0,211,2026-02-03 00:10:04.763974
ATMN,23.77,24.02,24.15,2213100.0,2068100.0,0,0,0,0,211,2026-02-03 00:10:04.763974
WNTR,25.39,25.43,25.56,2221200.0,1203400.0,0,0,0,0,211,2026-02-03 00:10:04.763974
SPNG,24.74,24.28,24.74,2373300.0,2221100.0,0,0,0,0,212,2026-02-03 00:10:05.799676
SMMR,23.83,23.94,24.0,1785100.0,2118000.0,0,0,0,0,212,2026-02-03 00:10:05.799676
ATMN,24.19,24.04,24.19,2241900.0,2016300.0,0,0,0,0,212,2026-02-03 00:10:05.799676
WNTR,25.2,25.2,25.39,2211900.0,1529500.0,0,0,0,0,212,2026-02-03 00:10:05.799676
SPNG,24.87,24.47,24.87,2361800.0,2240100.0,0,0,0,0,213,2026-02-03 00:10:06.824579
SMMR,23.92,23.92,24.0,1814300.0,2118000.0,0,0,0,0,213,2026-02-03 00:10:06.824579
ATMN,24.19,24.04,24.15,2355100.0,2046200.0,0,0,0,0,213,2026-02-03 00:10:06.824579
WNTR,25.22,25.22,25.39,2213000.0,1529500.0,0,0,0,0,213,2026-02-03 00:10:06.824579
SPNG,24.47,24.47,24.87,2361800.0,2192200.0,0,0,0,0,214,2026-02-03 00:10:07.850362
SMMR,23.95,23.95,24.0,2049000.0,2103900.0,0,0,0,0,214,2026-02-03 00:10:07.850362
ATMN,24.04,24.04,24.15,2240700.0,2106200.0,0,0,0,0,214,2026-02-03 00:10:07.850362
WNTR,25.22,25.22,25.39,2215100.0,1649200.0,0,0,0,0,214,2026-02-03 00:10:07.850362
SPNG,24.14,24.14,24.75,2390100.0,2239200.0,0,0,0,0,215,2026-02-03 00:10:08.380068
SMMR,23.92,23.83,23.91,1895600.0,2089800.0,0,0,0,0,215,2026-02-03 00:10:08.380068
ATMN,23.68,23.68,24.05,2014100.0,2100400.0,0,0,0,0,215,2026-02-03 00:10:08.380068
WNTR,25.39,25.22,25.37,2215100.0,1776500.0,0,0,0,0,215,2026-02-03 00:10:08.380068
SPNG,24.14,24.08,24.1,2358100.0,2256200.0,0,0,0,0,216,2026-02-03 00:10:09.407364
SMMR,23.92,23.83,23.91,2133600.0,2089800.0,0,0,0,0,216,2026-02-03 00:10:09.407364
ATMN,24.05,23.96,24.05,2214300.0,2100400.0,0,0,0,0,216,2026-02-03 00:10:09.407364
WNTR,25.24,25.22,25.24,2203100.0,1897800.0,0,0,0,0,216,2026-02-03 00:10:09.407364
SPNG,24.1,24.08,24.1,2320500.0,2256200.0,0,0,0,0,217,2026-02-03 00:10:10.433958
SMMR,23.91,23.93,24.0,2218100.0,2103900.0,0,0,0,0,217,2026-02-03 00:10:10.433958
ATMN,24.17,24.14,24.17,2234700.0,2075600.0,0,0,0,0,217,2026-02-03 00:10:10.433958
WNTR,25.37,25.26,25.37,2209500.0,1776500.0,0,0,0,0,217,2026-02-03 00:10:10.433958
SPNG,24.1,24.51,24.63,2314100.0,2195000.0,0,0,0,0,218,2026-02-03 00:10:11.461644
SMMR,24.07,24.07,24.08,2183600.0,2122400.0,0,0,0,0,218,2026-02-03 00:10:11.461644
ATMN,24.12,24.12,24.28,2231800.0,2030200.0,0,0,0,0,218,2026-02-03 00:10:11.461644
WNTR,25.51,25.29,25.41,2230000.0,1622500.0,0,0,0,0,218,2026-02-03 00:10:11.461644
SPNG,24.08,24.08,24.63,2320500.0,2195000.0,0,0,0,0,219,2026-02-03 00:10:12.486836
SMMR,23.99,23.99,24.07,2190500.0,2106600.0,0,0,0,0,219,2026-02-03 00:10:12.486836
ATMN,23.96,24.18,24.28,2336300.0,2030200.0,0,0,0,0,219,2026-02-03 00:10:12.486836
WNTR,25.32,25.32,25.42,2240600.0,1634300.0,0,0,0,0,219,2026-02-03 00:10:12.486836
SPNG,24.63,24.72,24.75,2314400.0,2232700.0,0,0,0,0,220,2026-02-03 00:10:13.520762
SMMR,23.99,23.99,24.06,2190500.0,2095700.0,0,0,0,0,220,2026-02-03 00:10:13.520762
ATMN,24.18,23.96,24.04,2214300.0,1996000.0,0,0,0,0,220,2026-02-03 00:10:13.520762
WNTR,25.32,25.38,25.42,2249400.0,1820200.0,0,0,0,0,220,2026-02-03 00:10:13.520762
SPNG,24.75,24.19,24.75,2336600.0,2214300.0,0,0,0,0,221,2026-02-03 00:10:14.547648
SMMR,23.87,23.87,24.06,2224800.0,2095700.0,0,0,0,0,221,2026-02-03 00:10:14.547648
ATMN,24.32,23.98,24.32,2330800.0,2000400.0,0,0,0,0,221,2026-02-03 00:10:14.547648
WNTR,25.47,25.38,25.47,2249400.0,1719100.0,0,0,0,0,221,2026-02-03 00:10:14.547648
SPNG,24.27,24.19,24.27,2315500.0,2220300.0,0,0,0,0,222,2026-02-03 00:10:15.578299
SMMR,23.87,23.98,24.01,2182300.0,2107300.0,0,0,0,0,222,2026-02-03 00:10:15.578299
ATMN,24.36,23.98,24.36,2271500.0,2008400.0,0,0,0,0,222,2026-02-03 00:10:15.578299
WNTR,25.29,25.29,25.64,2230000.0,1508700.0,0,0,0,0,222,2026-02-03 00:10:15.578299
SPNG,24.79,24.55,24.79,2310500.0,2258500.0,0,0,0,0,223,2026-02-03 00:10:16.613521
SMMR,23.98,23.87,23.92,2158900.0,2111900.0,0,0,0,0,223,2026-02-03 00:10:16.613521
ATMN,24.36,24.05,24.36,2230900.0,2008400.0,0,0,0,0,223,2026-02-03 00:10:16.613521
WNTR,25.26,25.26,25.5,2218600.0,1606600.0,0,0,0,0,223,2026-02-03 00:10:16.613521
SPNG,24.79,24.19,24.39,2315500.0,2223600.0,0,0,0,0,224,2026-02-03 00:10:17.654707
SMMR,23.92,23.97,24.01,2173000.0,2131100.0,0,0,0,0,224,2026-02-03 00:10:17.654707
ATMN,24.45,24.19,24.45,2225600.0,1991400.0,0,0,0,0,224,2026-02-03 00:10:17.654707
WNTR,25.5,25.51,25.64,2214600.0,1508700.0,0,0,0,0,224,2026-02-03 00:10:17.654707
SPNG,24.19,24.19,24.78,2315500.0,2225300.0,0,0,0,0,225,2026-02-03 00:10:18.692090
SMMR,24.05,23.97,24.05,2173000.0,2108100.0,0,0,0,0,225,2026-02-03 00:10:18.692090
ATMN,24.05,24.29,24.49,2251200.0,1988400.0,0,0,0,0,225,2026-02-03 00:10:18.692090
WNTR,25.44,25.44,25.64,2227600.0,1508700.0,0,0,0,0,225,2026-02-03 00:10:18.692090
SPNG,24.46,24.55,24.78,2321900.0,2251200.0,0,0,0,0,226,2026-02-03 00:10:19.727341
SMMR,24.07,23.97,24.07,2168700.0,2103300.0,0,0,0,0,226,2026-02-03 00:10:19.727341
ATMN,24.05,24.05,24.49,2230900.0,1984300.0,0,0,0,0,226,2026-02-03 00:10:19.727341
WNTR,25.62,25.44,25.6,2227600.0,1602000.0,0,0,0,0,226,2026-02-03 00:10:19.727341
SPNG,24.55,24.19,24.2,2315500.0,2236600.0,0,0,0,0,227,2026-02-03 00:10:20.764020
SMMR,23.96,23.98,24.07,2150400.0,2103300.0,0,0,0,0,227,2026-02-03 00:10:20.764020
ATMN,23.98,24.48,24.49,2220100.0,1964100.0,0,0,0,0,227,2026-02-03 00:10:20.764020
WNTR,25.63,25.26,25.63,2228800.0,1617500.0,0,0,0,0,227,2026-02-03 00:10:20.764020
SPNG,24.2,24.49,24.6,2284600.0,2244100.0,0,0,0,0,228,2026-02-03 00:10:21.806316
SMMR,23.88,24.0,24.07,2161400.0,2103300.0,0,0,0,0,228,2026-02-03 00:10:21.806316
ATMN,24.05,24.47,24.49,2221300.0,1964100.0,0,0,0,0,228,2026-02-03 00:10:21.806316
WNTR,25.63,25.48,25.63,2211700.0,1793800.0,0,0,0,0,228,2026-02-03 00:10:21.806316
SPNG,24.08,24.45,24.6,2292100.0,2244100.0,0,0,0,0,229,2026-02-03 00:10:22.845262
SMMR,24.08,24.0,24.08,2161400.0,2096900.0,0,0,0,0,229,2026-02-03 00:10:22.845262
ATMN,24.47,24.03,24.43,2216200.0,1971000.0,0,0,0,0,229,2026-02-03 00:10:22.845262
WNTR,25.48,25.48,25.63,2204600.0,1793800.0,0,0,0,0,229,2026-02-03 00:10:22.845262
SPNG,24.08,24.52,24.6,2264500.0,2231800.0,0,0,0,0,230,2026-02-03 00:10:23.883966
SMMR,24.05,24.0,24.05,2160700.0,2119900.0,0,0,0,0,230,2026-02-03 00:10:23.883966
ATMN,24.51,24.21,24.51,2229400.0,1977400.0,0,0,0,0,230,2026-02-03 00:10:23.883966
WNTR,25.63,25.48,25.63,2204600.0,1902200.0,0,0,0,0,230,2026-02-03 00:10:23.883966
SPNG,24.6,24.66,24.77,2276200.0,2199700.0,0,0,0,0,231,2026-02-03 00:10:24.911377
SMMR,24.08,24.05,24.08,2180100.0,2104900.0,0,0,0,0,231,2026-02-03 00:10:24.911377
ATMN,24.42,24.21,24.42,2244700.0,1984900.0,0,0,0,0,231,2026-02-03 00:10:24.911377
WNTR,25.45,25.45,25.58,2200800.0,2022700.0,0,0,0,0,231,2026-02-03 00:10:24.911377
SPNG,24.45,24.45,24.77,2292100.0,2201800.0,0,0,0,0,232,2026-02-03 00:10:25.942668
SMMR,24.08,24.05,24.08,2180100.0,2126200.0,0,0,0,0,232,2026-02-03 00:10:25.942668
ATMN,24.21,24.22,24.25,2230700.0,2003900.0,0,0,0,0,232,2026-02-03 00:10:25.942668
WNTR,25.45,25.45,25.58,2204400.0,2022600.0,0,0,0,0,232,2026-02-03 00:10:25.942668
SPNG,24.45,24.45,24.77,2290700.0,2201800.0,0,0,0,0,233,2026-02-03 00:10:26.472809
SMMR,24.05,23.88,24.02,2142100.0,2126100.0,0,0,0,0,233,2026-02-03 00:10:26.472809
ATMN,24.21,24.22,24.25,2234700.0,2012200.0,0,0,0,0,233,2026-02-03 00:10:26.472809
WNTR,25.58,25.45,25.58,2176300.0,2022600.0,0,0,0,0,233,2026-02-03 00:10:26.472809
SPNG,24.05,24.05,24.77,2346100.0,2201800.0,0,0,0,0,234,2026-02-03 00:10:27.504897
SMMR,24.02,23.88,23.97,2142100.0,2117900.0,0,0,0,0,234,2026-02-03 00:10:27.504897
ATMN,24.42,24.21,24.42,2242400.0,2024800.0,0,0,0,0,234,2026-02-03 00:10:27.504897
WNTR,25.43,25.63,25.64,2202900.0,1881800.0,0,0,0,0,234,2026-02-03 00:10:27.504897
SPNG,24.78,24.55,24.78,2336300.0,2218600.0,0,0,0,0,235,2026-02-03 00:10:28.535304
SMMR,23.97,24.05,24.1,2157900.0,2097600.0,0,0,0,0,235,2026-02-03 00:10:28.535304
ATMN,24.21,24.1,24.12,2238700.0,2034200.0,0,0,0,0,235,2026-02-03 00:10:28.535304
WNTR,25.42,25.42,25.62,2164900.0,1990200.0,0,0,0,0,235,2026-02-03 00:10:28.535304
SPNG,24.55,24.66,24.78,2276700.0,2218600.0,0,0,0,0,236,2026-02-03 00:10:29.574346
SMMR,23.98,23.98,24.07,2156700.0,2140200.0,0,0,0,0,236,2026-02-03 00:10:29.574346
ATMN,24.12,24.19,24.42,2226900.0,2024800.0,0,0,0,0,236,2026-02-03 00:10:29.574346
WNTR,25.42,25.58,25.62,2191200.0,1990200.0,0,0,0,0,236,2026-02-03 00:10:29.574346
SPNG,24.34,24.63,24.78,2279500.0,2218600.0,0,0,0,0,237,2026-02-03 00:10:30.664777
SMMR,24.1,23.98,24.1,2156700.0,2138300.0,0,0,0,0,237,2026-02-03 00:10:30.664777
ATMN,24.3,24.03,24.3,2272200.0,2019800.0,0,0,0,0,237,2026-02-03 00:10:30.664777
WNTR,25.58,25.58,25.6,2191200.0,1960000.0,0,0,0,0,237,2026-02-03 00:10:30.664777
SPNG,24.23,24.23,24.78,2292700.0,2225800.0,0,0,0,0,238,2026-02-03 00:10:31.696630
SMMR,24.11,23.88,24.11,2143900.0,2144100.0,0,0,0,0,238,2026-02-03 00:10:31.696630
ATMN,24.3,24.28,24.3,2235000.0,2037600.0,0,0,0,0,238,2026-02-03 00:10:31.696630
WNTR,25.58,25.42,25.56,2178500.0,1954100.0,0,0,0,0,238,2026-02-03 00:10:31.696630
SPNG,24.37,24.23,24.37,2276400.0,2225800.0,0,0,0,0,239,2026-02-03 00:10:32.732263
SMMR,24.11,24.05,24.11,2138000.0,2164000.0,0,0,0,0,239,2026-02-03 00:10:32.732263
ATMN,24.49,24.28,24.49,2205400.0,2035600.0,0,0,0,0,239,2026-02-03 00:10:32.732263
WNTR,25.6,25.42,25.53,2178500.0,1975200.0,0,0,0,0,239,2026-02-03 00:10:32.732263
SPNG,23.66,23.66,24.21,1125900.0,906000.0,0,0,0,0,240,2026-02-03 00:10:33.768794
SMMR,24.7,24.36,24.66,609200.0,749400.0,0,0,0,0,240,2026-02-03 00:10:33.768794
ATMN,24.42,24.26,24.88,962800.0,802900.0,0,0,0,0,240,2026-02-03 00:10:33.768794
WNTR,25.6,26.61,0.0,200000.0,,0,0,0,0,240,2026-02-03 00:10:33.768794
SPNG,23.02,23.15,24.21,1458300.0,906000.0,0,0,0,0,241,2026-02-03 00:10:34.812228
SMMR,24.69,24.49,24.5,836900.0,979400.0,0,0,0,0,241,2026-02-03 00:10:34.812228
ATMN,24.42,24.26,24.42,962800.0,1140200.0,0,0,0,0,241,2026-02-03 00:10:34.812228
WNTR,26.61,26.24,26.3,1158300.0,817900.0,0,0,0,0,241,2026-02-03 00:10:34.812228
SPNG,23.29,23.29,23.93,1595200.0,1043000.0,0,0,0,0,242,2026-02-03 00:10:35.871549
SMMR,24.69,24.49,24.5,1183500.0,979400.0,0,0,0,0,242,2026-02-03 00:10:35.871549
ATMN,24.42,24.26,24.42,995300.0,1248900.0,0,0,0,0,242,2026-02-03 00:10:35.871549
WNTR,26.3,26.28,26.3,1345900.0,817900.0,0,0,0,0,242,2026-02-03 00:10:35.871549
SPNG,22.49,22.49,23.93,1350900.0,1043000.0,0,0,0,0,243,2026-02-03 00:10:36.900387
SMMR,24.5,24.78,24.81,1383600.0,954700.0,0,0,0,0,243,2026-02-03 00:10:36.900387
ATMN,24.2,24.36,24.42,1204200.0,1248900.0,0,0,0,0,243,2026-02-03 00:10:36.900387
WNTR,26.31,26.47,26.56,1629100.0,820900.0,0,0,0,0,243,2026-02-03 00:10:36.900387
SPNG,22.49,23.74,23.93,1582400.0,1260300.0,0,0,0,0,244,2026-02-03 00:10:37.929067
SMMR,24.74,24.74,24.81,1398800.0,954700.0,0,0,0,0,244,2026-02-03 00:10:37.929067
ATMN,24.36,24.1,24.2,1114900.0,1510400.0,0,0,0,0,244,2026-02-03 00:10:37.929067
WNTR,26.7,26.47,26.5,1629100.0,1013700.0,0,0,0,0,244,2026-02-03 00:10:37.929067
SPNG,22.49,23.74,23.77,1582400.0,1642600.0,0,0,0,0,245,2026-02-03 00:10:38.957510
SMMR,24.82,24.74,24.82,1398800.0,1087700.0,0,0,0,0,245,2026-02-03 00:10:38.957510
ATMN,24.2,24.28,24.42,1344300.0,1529200.0,0,0,0,0,245,2026-02-03 00:10:38.957510
WNTR,26.5,26.66,26.71,1860700.0,1010100.0,0,0,0,0,245,2026-02-03 00:10:38.957510
SPNG,23.09,23.28,23.77,1717700.0,1735000.0,0,0,0,0,246,2026-02-03 00:10:39.978810
SMMR,24.83,24.8,24.83,1271800.0,1087100.0,0,0,0,0,246,2026-02-03 00:10:39.978810
ATMN,24.6,24.28,24.31,1344300.0,1626800.0,0,0,0,0,246,2026-02-03 00:10:39.978810
WNTR,26.5,26.67,26.71,1944500.0,1301800.0,0,0,0,0,246,2026-02-03 00:10:39.978810
SPNG,23.09,23.28,23.77,2017000.0,1847500.0,0,0,0,0,247,2026-02-03 00:10:41.004332
SMMR,24.8,24.64,24.67,1389700.0,1192100.0,0,0,0,0,247,2026-02-03 00:10:41.004332
ATMN,24.31,24.28,24.31,1344300.0,1952800.0,0,0,0,0,247,2026-02-03 00:10:41.004332
WNTR,26.5,26.67,26.7,2051600.0,1493500.0,0,0,0,0,247,2026-02-03 00:10:41.004332
SPNG,23.09,23.44,23.77,2339600.0,1847500.0,0,0,0,0,248,2026-02-03 00:10:42.026578
SMMR,24.67,24.68,24.76,1605800.0,1191300.0,0,0,0,0,248,2026-02-03 00:10:42.026578
ATMN,24.47,24.28,24.47,1344300.0,1957000.0,0,0,0,0,248,2026-02-03 00:10:42.026578
WNTR,26.66,26.66,26.7,1967800.0,1493500.0,0,0,0,0,248,2026-02-03 00:10:42.026578
SPNG,23.79,23.44,23.79,2600300.0,1711000.0,0,0,0,0,249,2026-02-03 00:10:43.054375
SMMR,24.76,24.71,24.76,1703000.0,1191300.0,0,0,0,0,249,2026-02-03 00:10:43.054375
ATMN,24.28,24.1,24.2,1222100.0,2093100.0,0,0,0,0,249,2026-02-03 00:10:43.054375
WNTR,26.71,26.65,26.71,1850400.0,1500600.0,0,0,0,0,249,2026-02-03 00:10:43.054375
SPNG,23.28,23.28,23.79,2365600.0,1808000.0,0,0,0,0,250,2026-02-03 00:10:44.083393
SMMR,24.76,24.71,24.76,1901300.0,1283600.0,0,0,0,0,250,2026-02-03 00:10:44.083393
ATMN,24.2,24.13,24.2,1451300.0,2093100.0,0,0,0,0,250,2026-02-03 00:10:44.083393
WNTR,26.59,26.59,26.64,1736200.0,1673500.0,0,0,0,0,250,2026-02-03 00:10:44.083393
SPNG,23.26,23.26,23.68,2236700.0,1923400.0,0,0,0,0,251,2026-02-03 00:10:44.633617
SMMR,24.83,24.71,24.83,2003800.0,1179400.0,0,0,0,0,251,2026-02-03 00:10:44.633617
ATMN,24.34,24.13,24.34,1571500.0,2056700.0,0,0,0,0,251,2026-02-03 00:10:44.633617
WNTR,26.59,26.59,26.62,1819700.0,1771800.0,0,0,0,0,251,2026-02-03 00:10:44.633617
SPNG,23.68,23.26,23.68,2497400.0,1923400.0,0,0,0,0,252,2026-02-03 00:10:45.664162
SMMR,24.83,24.71,24.78,2099100.0,1421400.0,0,0,0,0,252,2026-02-03 00:10:45.664162
ATMN,24.55,24.13,24.55,1823600.0,1958600.0,0,0,0,0,252,2026-02-03 00:10:45.664162
WNTR,26.48,26.48,26.64,1910400.0,1673500.0,0,0,0,0,252,2026-02-03 00:10:45.664162
SPNG,23.79,23.26,23.38,2497400.0,1888900.0,0,0,0,0,253,2026-02-03 00:10:46.699846
SMMR,24.78,24.71,24.78,2091400.0,1519900.0,0,0,0,0,253,2026-02-03 00:10:46.699846
ATMN,24.13,24.13,24.55,1823600.0,1958600.0,0,0,0,0,253,2026-02-03 00:10:46.699846
WNTR,26.71,26.41,26.71,1798800.0,1583100.0,0,0,0,0,253,2026-02-03 00:10:46.699846
SPNG,23.26,23.81,23.93,2699000.0,1780900.0,0,0,0,0,254,2026-02-03 00:10:47.729101
SMMR,24.78,24.73,24.78,2094500.0,1519900.0,0,0,0,0,254,2026-02-03 00:10:47.729101
ATMN,24.13,24.41,24.55,2065200.0,2050300.0,0,0,0,0,254,2026-02-03 00:10:47.729101
WNTR,26.41,26.3,26.37,1831500.0,1807000.0,0,0,0,0,254,2026-02-03 00:10:47.729101
SPNG,23.26,23.81,23.93,2699000.0,2204100.0,0,0,0,0,255,2026-02-03 00:10:48.762711
SMMR,24.91,24.73,24.8,2108000.0,1302000.0,0,0,0,0,255,2026-02-03 00:10:48.762711
ATMN,24.13,24.13,24.66,2052500.0,1909500.0,0,0,0,0,255,2026-02-03 00:10:48.762711
WNTR,26.41,26.32,26.37,2175800.0,1807000.0,0,0,0,0,255,2026-02-03 00:10:48.762711
SPNG,23.26,23.81,23.89,2699000.0,2266500.0,0,0,0,0,256,2026-02-03 00:10:49.793311
SMMR,24.73,24.73,24.8,2108000.0,1384200.0,0,0,0,0,256,2026-02-03 00:10:49.793311
ATMN,24.66,24.13,24.66,2052500.0,1909500.0,0,0,0,0,256,2026-02-03 00:10:49.793311
WNTR,26.36,26.36,26.47,2169900.0,1688900.0,0,0,0,0,256,2026-02-03 00:10:49.793311
SPNG,23.81,23.51,23.68,2692800.0,2271500.0,0,0,0,0,257,2026-02-03 00:10:50.821335
SMMR,24.71,24.77,24.8,2107300.0,1502500.0,0,0,0,0,257,2026-02-03 00:10:50.821335
ATMN,24.11,24.11,24.58,1929800.0,1996800.0,0,0,0,0,257,2026-02-03 00:10:50.821335
WNTR,26.36,26.43,26.45,2134800.0,1904400.0,0,0,0,0,257,2026-02-03 00:10:50.821335
SPNG,23.81,23.61,23.68,2537800.0,2325900.0,0,0,0,0,258,2026-02-03 00:10:51.853184
SMMR,24.77,24.77,24.8,2108600.0,1502500.0,0,0,0,0,258,2026-02-03 00:10:51.853184
ATMN,24.69,24.6,24.69,2045300.0,1800800.0,0,0,0,0,258,2026-02-03 00:10:51.853184
WNTR,26.32,26.32,26.45,2176500.0,1904400.0,0,0,0,0,258,2026-02-03 00:10:51.853184
SPNG,23.6,23.6,23.68,2617100.0,2381700.0,0,0,0,0,259,2026-02-03 00:10:52.888116
SMMR,24.71,24.71,24.8,2100500.0,1719000.0,0,0,0,0,259,2026-02-03 00:10:52.888116
ATMN,24.6,24.21,24.32,2035500.0,2018600.0,0,0,0,0,259,2026-02-03 00:10:52.888116
WNTR,26.47,26.63,26.71,2157200.0,1687200.0,0,0,0,0,259,2026-02-03 00:10:52.888116
SPNG,23.68,23.69,23.75,2619700.0,2368300.0,0,0,0,0,260,2026-02-03 00:10:53.913249
SMMR,24.68,24.68,24.74,2115900.0,1810800.0,0,0,0,0,260,2026-02-03 00:10:53.913249
ATMN,24.57,24.57,24.69,2271600.0,2009600.0,0,0,0,0,260,2026-02-03 00:10:53.913249
WNTR,26.63,26.38,26.56,2183100.0,2006100.0,0,0,0,0,260,2026-02-03 00:10:53.913249
SPNG,23.69,23.51,23.62,2653400.0,2374200.0,0,0,0,0,261,2026-02-03 00:10:54.941239
SMMR,24.83,24.68,24.72,2115900.0,1792200.0,0,0,0,0,261,2026-02-03 00:10:54.941239
ATMN,24.57,24.57,24.58,2271600.0,2082400.0,0,0,0,0,261,2026-02-03 00:10:54.941239
WNTR,26.5,26.38,26.4,2183100.0,2009300.0,0,0,0,0,261,2026-02-03 00:10:54.941239
SPNG,23.54,23.51,23.52,2500100.0,2352900.0,0,0,0,0,262,2026-02-03 00:10:55.974067
SMMR,24.67,24.67,24.83,2095500.0,1706900.0,0,0,0,0,262,2026-02-03 00:10:55.974067
ATMN,24.58,24.21,24.52,2162900.0,2077200.0,0,0,0,0,262,2026-02-03 00:10:55.974067
WNTR,26.56,26.38,26.53,2188200.0,2004300.0,0,0,0,0,262,2026-02-03 00:10:55.974067
SPNG,23.62,23.57,23.62,2436900.0,2374200.0,0,0,0,0,263,2026-02-03 00:10:57.015123
SMMR,24.64,24.64,24.79,2004300.0,1939900.0,0,0,0,0,263,2026-02-03 00:10:57.015123
ATMN,24.52,24.35,24.52,2372100.0,2049800.0,0,0,0,0,263,2026-02-03 00:10:57.015123
WNTR,26.53,26.53,26.56,2170500.0,2012100.0,0,0,0,0,263,2026-02-03 00:10:57.015123
SPNG,23.4,23.42,23.62,2417100.0,2336600.0,0,0,0,0,264,2026-02-03 00:10:58.044218
SMMR,24.64,24.64,24.73,2126300.0,2053200.0,0,0,0,0,264,2026-02-03 00:10:58.044218
ATMN,24.7,24.43,24.7,2343400.0,2093400.0,0,0,0,0,264,2026-02-03 00:10:58.044218
WNTR,26.4,26.55,26.56,2188200.0,2011500.0,0,0,0,0,264,2026-02-03 00:10:58.044218
SPNG,23.75,23.42,23.75,2417100.0,2332500.0,0,0,0,0,265,2026-02-03 00:10:59.093341
SMMR,24.73,24.71,24.73,2135700.0,2053200.0,0,0,0,0,265,2026-02-03 00:10:59.093341
ATMN,24.35,24.35,24.7,2372100.0,2075700.0,0,0,0,0,265,2026-02-03 00:10:59.093341
WNTR,26.38,26.38,26.52,2192500.0,2011500.0,0,0,0,0,265,2026-02-03 00:10:59.093341
SPNG,23.76,23.4,23.76,2449000.0,2366800.0,0,0,0,0,266,2026-02-03 00:11:00.193146
SMMR,24.73,24.71,24.73,2137300.0,2192200.0,0,0,0,0,266,2026-02-03 00:11:00.193146
ATMN,24.21,24.21,24.62,2260900.0,2129500.0,0,0,0,0,266,2026-02-03 00:11:00.193146
WNTR,26.3,26.3,26.47,2190900.0,2005200.0,0,0,0,0,266,2026-02-03 00:11:00.193146
SPNG,23.89,23.4,23.89,2403400.0,2355900.0,0,0,0,0,267,2026-02-03 00:11:00.762374
SMMR,24.79,24.71,24.79,2137300.0,2135900.0,0,0,0,0,267,2026-02-03 00:11:00.762374
ATMN,24.21,24.29,24.47,2379700.0,2149600.0,0,0,0,0,267,2026-02-03 00:11:00.762374
WNTR,26.3,26.33,26.47,2185400.0,2005200.0,0,0,0,0,267,2026-02-03 00:11:00.762374
SPNG,23.89,23.42,23.77,2390500.0,2291900.0,0,0,0,0,268,2026-02-03 00:11:01.896791
SMMR,24.71,24.71,24.76,2148200.0,2158400.0,0,0,0,0,268,2026-02-03 00:11:01.896791
ATMN,24.62,24.29,24.62,2379700.0,2144600.0,0,0,0,0,268,2026-02-03 00:11:01.896791
WNTR,26.51,26.33,26.51,2181900.0,2026700.0,0,0,0,0,268,2026-02-03 00:11:01.896791
SPNG,23.89,23.42,23.89,2362700.0,2300900.0,0,0,0,0,269,2026-02-03 00:11:02.948491
SMMR,24.7,24.75,24.76,2133600.0,2143900.0,0,0,0,0,269,2026-02-03 00:11:02.948491
ATMN,24.62,24.29,24.54,2379700.0,2124000.0,0,0,0,0,269,2026-02-03 00:11:02.948491
WNTR,26.29,26.29,26.51,2160100.0,2032900.0,0,0,0,0,269,2026-02-03 00:11:02.948491
SPNG,23.93,23.42,23.93,2362700.0,2267400.0,0,0,0,0,270,2026-02-03 00:11:03.981533
SMMR,24.75,24.7,24.72,2121300.0,2105700.0,0,0,0,0,270,2026-02-03 00:11:03.981533
ATMN,24.54,24.29,24.54,2379700.0,2143600.0,0,0,0,0,270,2026-02-03 00:11:03.981533
WNTR,26.29,26.41,26.51,2145000.0,2027500.0,0,0,0,0,270,2026-02-03 00:11:03.981533
SPNG,23.94,23.31,23.94,2406400.0,2284200.0,0,0,0,0,271,2026-02-03 00:11:05.010099
SMMR,24.61,24.61,24.66,2074800.0,2102000.0,0,0,0,0,271,2026-02-03 00:11:05.010099
ATMN,24.66,24.29,24.66,2379700.0,2139800.0,0,0,0,0,271,2026-02-03 00:11:05.010099
WNTR,26.29,26.41,26.51,2145000.0,2061800.0,0,0,0,0,271,2026-02-03 00:11:05.010099
SPNG,23.94,23.57,23.66,2373400.0,2276100.0,0,0,0,0,272,2026-02-03 00:11:06.034895
SMMR,24.76,24.69,24.76,2087300.0,2124000.0,0,0,0,0,272,2026-02-03 00:11:06.034895
ATMN,24.66,24.29,24.37,2309600.0,2165400.0,0,0,0,0,272,2026-02-03 00:11:06.034895
WNTR,26.28,26.28,26.51,2174000.0,2064800.0,0,0,0,0,272,2026-02-03 00:11:06.034895
SPNG,23.66,23.57,23.66,2381500.0,2267300.0,0,0,0,0,273,2026-02-03 00:11:07.072167
SMMR,24.79,24.69,24.79,2100200.0,2138300.0,0,0,0,0,273,2026-02-03 00:11:07.072167
ATMN,24.27,24.27,24.37,2302200.0,2165400.0,0,0,0,0,273,2026-02-03 00:11:07.072167
WNTR,26.28,26.28,26.31,2172900.0,2077100.0,0,0,0,0,273,2026-02-03 00:11:07.072167
SPNG,23.94,23.57,23.94,2381500.0,2265800.0,0,0,0,0,274,2026-02-03 00:11:08.105279
SMMR,24.59,24.59,24.79,2096600.0,2138300.0,0,0,0,0,274,2026-02-03 00:11:08.105279
ATMN,24.37,24.58,24.66,2223700.0,2139800.0,0,0,0,0,274,2026-02-03 00:11:08.105279
WNTR,26.25,26.25,26.31,2178800.0,2077100.0,0,0,0,0,274,2026-02-03 00:11:08.105279
SPNG,23.57,23.57,23.85,2381500.0,2257800.0,0,0,0,0,275,2026-02-03 00:11:09.148336
SMMR,24.8,24.59,24.73,2096600.0,2131500.0,0,0,0,0,275,2026-02-03 00:11:09.148336
ATMN,24.64,24.27,24.52,2237800.0,2163200.0,0,0,0,0,275,2026-02-03 00:11:09.148336
WNTR,26.51,26.25,26.51,2161200.0,2079700.0,0,0,0,0,275,2026-02-03 00:11:09.148336
SPNG,23.68,23.57,23.68,2360700.0,2292300.0,0,0,0,0,276,2026-02-03 00:11:10.171302
SMMR,24.73,24.75,24.82,2079700.0,2142300.0,0,0,0,0,276,2026-02-03 00:11:10.171302
ATMN,24.46,24.46,24.52,2198100.0,2163200.0,0,0,0,0,276,2026-02-03 00:11:10.171302
WNTR,26.24,26.24,26.39,2192900.0,2089700.0,0,0,0,0,276,2026-02-03 00:11:10.171302
SPNG,23.85,23.57,23.67,2371500.0,2261100.0,0,0,0,0,277,2026-02-03 00:11:11.196370
SMMR,24.73,24.75,24.79,2096300.0,2112500.0,0,0,0,0,277,2026-02-03 00:11:11.196370
ATMN,24.46,24.46,24.52,2211800.0,2162100.0,0,0,0,0,277,2026-02-03 00:11:11.196370
WNTR,26.24,26.24,26.51,2193000.0,2079700.0,0,0,0,0,277,2026-02-03 00:11:11.196370
SPNG,23.46,23.56,23.67,2334900.0,2261100.0,0,0,0,0,278,2026-02-03 00:11:12.224263
SMMR,24.79,24.79,24.81,2118600.0,2110400.0,0,0,0,0,278,2026-02-03 00:11:12.224263
ATMN,24.62,24.46,24.62,2211800.0,2161400.0,0,0,0,0,278,2026-02-03 00:11:12.224263
WNTR,26.26,26.31,26.51,2199100.0,2079700.0,0,0,0,0,278,2026-02-03 00:11:12.224263
SPNG,23.67,23.56,23.67,2349700.0,2261100.0,0,0,0,0,279,2026-02-03 00:11:13.254422
SMMR,24.77,24.8,24.81,2127200.0,2110400.0,0,0,0,0,279,2026-02-03 00:11:13.254422
ATMN,24.18,24.18,24.62,2256300.0,2135200.0,0,0,0,0,279,2026-02-03 00:11:13.254422
WNTR,26.31,26.31,26.45,2185300.0,2101000.0,0,0,0,0,279,2026-02-03 00:11:13.254422
SPNG,23.94,23.92,23.94,2322900.0,2283100.0,0,0,0,0,280,2026-02-03 00:11:14.280212
SMMR,24.81,24.55,24.81,2121900.0,2110400.0,0,0,0,0,280,2026-02-03 00:11:14.280212
ATMN,24.18,24.18,24.26,2227900.0,2152700.0,0,0,0,0,280,2026-02-03 00:11:14.280212
WNTR,26.31,26.31,26.32,2152200.0,2122200.0,0,0,0,0,280,2026-02-03 00:11:14.280212
SPNG,23.92,23.92,23.94,2322900.0,2283100.0,0,0,0,0,281,2026-02-03 00:11:14.817074
SMMR,24.81,24.55,24.81,2137400.0,2110400.0,0,0,0,0,281,2026-02-03 00:11:14.817074
ATMN,24.18,24.18,24.26,2210400.0,2152700.0,0,0,0,0,281,2026-02-03 00:11:14.817074
WNTR,26.32,26.31,26.32,2135500.0,2122200.0,0,0,0,0,281,2026-02-03 00:11:14.817074
SPNG,23.4,23.4,23.94,2374100.0,2283100.0,0,0,0,0,282,2026-02-03 00:11:15.852587
SMMR,24.81,24.62,24.81,2127600.0,2101200.0,0,0,0,0,282,2026-02-03 00:11:15.852587
ATMN,24.7,24.18,24.7,2191400.0,2107200.0,0,0,0,0,282,2026-02-03 00:11:15.852587
WNTR,26.37,26.31,26.37,2152800.0,2105200.0,0,0,0,0,282,2026-02-03 00:11:15.852587
SPNG,23.34,23.31,23.34,2335900.0,2297800.0,0,0,0,0,283,2026-02-03 00:11:16.913452
SMMR,24.82,24.72,24.82,2156700.0,2125800.0,0,0,0,0,283,2026-02-03 00:11:16.913452
ATMN,24.7,24.55,24.7,2169500.0,2127600.0,0,0,0,0,283,2026-02-03 00:11:16.913452
WNTR,26.37,26.42,26.45,2155400.0,2100600.0,0,0,0,0,283,2026-02-03 00:11:16.913452
SPNG,23.94,23.31,23.74,2335900.0,2295400.0,0,0,0,0,284,2026-02-03 00:11:17.963186
SMMR,24.72,24.66,24.72,2140300.0,2141900.0,0,0,0,0,284,2026-02-03 00:11:17.963186
ATMN,24.55,24.55,24.7,2169500.0,2153700.0,0,0,0,0,284,2026-02-03 00:11:17.963186
WNTR,26.46,26.42,26.43,2155400.0,2095400.0,0,0,0,0,284,2026-02-03 00:11:17.963186
SPNG,23.31,23.31,23.74,2369700.0,2295400.0,0,0,0,0,285,2026-02-03 00:11:18.987586
SMMR,24.83,24.66,24.83,2123600.0,2126300.0,0,0,0,0,285,2026-02-03 00:11:18.987586
ATMN,24.7,24.18,24.7,2191400.0,2153700.0,0,0,0,0,285,2026-02-03 00:11:18.987586
WNTR,26.51,26.41,26.51,2129900.0,2058600.0,0,0,0,0,285,2026-02-03 00:11:18.987586
SPNG,23.6,23.6,23.74,2346000.0,2287600.0,0,0,0,0,286,2026-02-03 00:11:20.016875
SMMR,24.83,24.81,24.83,2121000.0,2155900.0,0,0,0,0,286,2026-02-03 00:11:20.016875
ATMN,24.7,24.72,24.74,2181500.0,2131800.0,0,0,0,0,286,2026-02-03 00:11:20.016875
WNTR,26.31,26.31,26.46,2147300.0,2042300.0,0,0,0,0,286,2026-02-03 00:11:20.016875
SPNG,23.95,23.6,23.95,2346000.0,2293400.0,0,0,0,0,287,2026-02-03 00:11:21.050386
SMMR,24.81,24.66,24.79,2131300.0,2133400.0,0,0,0,0,287,2026-02-03 00:11:21.050386
ATMN,24.49,24.54,24.74,2155700.0,2159600.0,0,0,0,0,287,2026-02-03 00:11:21.050386
WNTR,26.31,26.43,26.46,2145700.0,2068900.0,0,0,0,0,287,2026-02-03 00:11:21.050386
SPNG,23.27,23.27,23.98,2368600.0,2281400.0,0,0,0,0,288,2026-02-03 00:11:22.087456
SMMR,24.81,24.72,24.79,2098300.0,2133400.0,0,0,0,0,288,2026-02-03 00:11:22.087456
ATMN,24.54,24.18,24.26,2191400.0,2150400.0,0,0,0,0,288,2026-02-03 00:11:22.087456
WNTR,26.49,26.43,26.49,2160700.0,2053500.0,0,0,0,0,288,2026-02-03 00:11:22.087456
SPNG,23.98,23.27,23.98,2338400.0,2264700.0,0,0,0,0,289,2026-02-03 00:11:23.123540
SMMR,24.72,24.75,24.79,2095100.0,2115400.0,0,0,0,0,289,2026-02-03 00:11:23.123540
ATMN,24.4,24.4,24.74,2196400.0,2150400.0,0,0,0,0,289,2026-02-03 00:11:23.123540
WNTR,26.43,26.35,26.38,2158700.0,2067800.0,0,0,0,0,289,2026-02-03 00:11:23.123540
SPNG,23.27,23.71,24.02,2329600.0,2249100.0,0,0,0,0,290,2026-02-03 00:11:24.158862
SMMR,24.83,24.75,24.83,2095100.0,2113900.0,0,0,0,0,290,2026-02-03 00:11:24.158862
ATMN,24.1,24.1,24.74,2193600.0,2150400.0,0,0,0,0,290,2026-02-03 00:11:24.158862
WNTR,26.31,26.31,26.49,2130900.0,2085500.0,0,0,0,0,290,2026-02-03 00:11:24.158862
SPNG,23.62,23.94,24.02,2348500.0,2258500.0,0,0,0,0,291,2026-02-03 00:11:25.191154
SMMR,24.71,24.71,24.83,2072900.0,2114300.0,0,0,0,0,291,2026-02-03 00:11:25.191154
ATMN,24.46,24.46,24.74,2171300.0,2155700.0,0,0,0,0,291,2026-02-03 00:11:25.191154
WNTR,26.52,26.38,26.52,2138600.0,2058900.0,0,0,0,0,291,2026-02-03 00:11:25.191154
SPNG,23.94,23.27,23.44,2353400.0,2309300.0,0,0,0,0,292,2026-02-03 00:11:26.234963
SMMR,24.85,24.79,24.82,2071500.0,2087300.0,0,0,0,0,292,2026-02-03 00:11:26.234963
ATMN,24.14,24.17,24.74,2169400.0,2155700.0,0,0,0,0,292,2026-02-03 00:11:26.234963
WNTR,26.52,26.43,26.52,2113400.0,2031400.0,0,0,0,0,292,2026-02-03 00:11:26.234963
SPNG,23.44,23.58,23.93,2283500.0,2283600.0,0,0,0,0,293,2026-02-03 00:11:27.264834
SMMR,24.79,24.79,24.82,2071500.0,2096500.0,0,0,0,0,293,2026-02-03 00:11:27.264834
ATMN,24.09,24.51,24.74,2187100.0,2155700.0,0,0,0,0,293,2026-02-03 00:11:27.264834
WNTR,26.41,26.44,26.52,2119500.0,2031400.0,0,0,0,0,293,2026-02-03 00:11:27.264834
SPNG,23.37,23.37,23.93,2327800.0,2279300.0,0,0,0,0,294,2026-02-03 00:11:28.290396
SMMR,24.67,24.67,24.82,2072700.0,2074400.0,0,0,0,0,294,2026-02-03 00:11:28.290396
ATMN,24.09,24.09,24.74,2212200.0,2167000.0,0,0,0,0,294,2026-02-03 00:11:28.290396
WNTR,26.41,26.41,26.5,2131700.0,2043000.0,0,0,0,0,294,2026-02-03 00:11:28.290396
SPNG,24.02,23.74,24.02,2342300.0,2282200.0,0,0,0,0,295,2026-02-03 00:11:29.314559
SMMR,24.78,24.77,24.78,2083600.0,2102800.0,0,0,0,0,295,2026-02-03 00:11:29.314559
ATMN,24.08,24.08,24.54,2224000.0,2147700.0,0,0,0,0,295,2026-02-03 00:11:29.314559
WNTR,26.41,26.41,26.45,2136700.0,2106900.0,0,0,0,0,295,2026-02-03 00:11:29.314559
SPNG,23.85,23.27,23.8,2354800.0,2278600.0,0,0,0,0,296,2026-02-03 00:11:30.343021
SMMR,24.66,24.66,24.77,2091100.0,2101900.0,0,0,0,0,296,2026-02-03 00:11:30.343021
ATMN,24.49,24.49,24.54,2212200.0,2123000.0,0,0,0,0,296,2026-02-03 00:11:30.343021
WNTR,26.45,26.41,26.45,2103400.0,2106900.0,0,0,0,0,296,2026-02-03 00:11:30.343021
SPNG,23.85,23.72,23.8,2317300.0,2284000.0,0,0,0,0,297,2026-02-03 00:11:31.371538
SMMR,24.66,24.69,24.77,2092900.0,2102100.0,0,0,0,0,297,2026-02-03 00:11:31.371538
ATMN,24.49,24.08,24.25,2202500.0,2114800.0,0,0,0,0,297,2026-02-03 00:11:31.371538
WNTR,26.49,26.41,26.49,2103400.0,2097800.0,0,0,0,0,297,2026-02-03 00:11:31.371538
SPNG,23.26,23.26,23.88,2353000.0,2284300.0,0,0,0,0,298,2026-02-03 00:11:32.399967
SMMR,24.66,24.69,24.77,2101400.0,2103200.0,0,0,0,0,298,2026-02-03 00:11:32.399967
ATMN,24.25,24.08,24.25,2182400.0,2114800.0,0,0,0,0,298,2026-02-03 00:11:32.399967
WNTR,26.53,26.46,26.53,2083900.0,2077300.0,0,0,0,0,298,2026-02-03 00:11:32.399967
SPNG,23.26,23.74,23.88,2312200.0,2284300.0,0,0,0,0,299,2026-02-03 00:11:32.933834
SMMR,24.66,24.69,24.75,2101400.0,2069900.0,0,0,0,0,299,2026-02-03 00:11:32.933834
ATMN,24.54,24.08,24.54,2202000.0,2123000.0,0,0,0,0,299,2026-02-03 00:11:32.933834
WNTR,26.41,26.41,26.53,2103400.0,2077300.0,0,0,0,0,299,2026-02-03 00:11:32.933834
