ticker,last_price,bid_price,ask_price,SELL_ANON,BUY_ANON,tick,timestamp
NG,0.0,0.0,0.0,0,0,0,2026-02-04 12:20:28.466387
ELEC-day2,0.0,0.0,0.0,0,0,0,2026-02-04 12:20:28.466387
ELEC-day3,0.0,0.0,0.0,0,0,0,2026-02-04 12:20:28.466387
ELEC-day4,0.0,0.0,0.0,0,0,0,2026-02-04 12:20:28.466387
ELEC-day5,0.0,0.0,0.0,0,0,0,2026-02-04 12:20:28.466387
ELEC-day6,0.0,0.0,0.0,0,0,0,2026-02-04 12:20:28.466387
ELEC-F,0.0,0.0,0.0,0,0,0,2026-02-04 12:20:28.466387
NG,2.2,0.0,0.0,800000.0,800000.0,1,2026-02-04 12:20:29.151572,3.0,1.0,1.0,,You are logged in as a PRODUCER,
ELEC-day2,0.0,0.0,0.0,,,1,2026-02-04 12:20:29.151572,2.0,1.0,1.0,,FINES,"The fine for open positions of ELEC-dayX at the end of the day is $20,000/contract."
ELEC-day3,0.0,0.0,0.0,,,1,2026-02-04 12:20:29.151572,1.0,1.0,1.0,,Welcome to the RITC2026 GBE Energy Electricity Trading Case - practice server,
ELEC-day4,0.0,0.0,0.0,,,1,2026-02-04 12:20:29.151572,,,,,,
ELEC-day5,0.0,0.0,0.0,,,1,2026-02-04 12:20:29.151572,,,,,,
ELEC-day6,0.0,0.0,0.0,,,1,2026-02-04 12:20:29.151572,,,,,,
ELEC-F,0.0,0.0,0.0,,,1,2026-02-04 12:20:29.151572,,,,,,
NG,2.21,2.19,2.23,800000.0,800000.0,2,2026-02-04 12:20:30.284104,4.0,1.0,1.0,,SUNLIGHT Forecast for DAY 2,The weather forecasts call for between 12 and 20 hours of sunlight tomorrow.
ELEC-day2,0.0,0.0,0.0,,,2,2026-02-04 12:20:30.284104,,,,,,
ELEC-day3,0.0,0.0,0.0,,,2,2026-02-04 12:20:30.284104,,,,,,
ELEC-day4,0.0,0.0,0.0,,,2,2026-02-04 12:20:30.284104,,,,,,
ELEC-day5,0.0,0.0,0.0,,,2,2026-02-04 12:20:30.284104,,,,,,
ELEC-day6,0.0,0.0,0.0,,,2,2026-02-04 12:20:30.284104,,,,,,
ELEC-F,0.0,0.0,0.0,,,2,2026-02-04 12:20:30.284104,,,,,,
NG,2.2,2.18,2.22,800000.0,800000.0,3,2026-02-04 12:20:31.359212
ELEC-day2,0.0,0.0,0.0,,,3,2026-02-04 12:20:31.359212
ELEC-day3,0.0,0.0,0.0,,,3,2026-02-04 12:20:31.359212
ELEC-day4,0.0,0.0,0.0,,,3,2026-02-04 12:20:31.359212
ELEC-day5,0.0,0.0,0.0,,,3,2026-02-04 12:20:31.359212
ELEC-day6,0.0,0.0,0.0,,,3,2026-02-04 12:20:31.359212
ELEC-F,0.0,0.0,0.0,,,3,2026-02-04 12:20:31.359212
NG,2.2,2.18,2.22,800000.0,800000.0,4,2026-02-04 12:20:32.392806
ELEC-day2,0.0,0.0,0.0,,,4,2026-02-04 12:20:32.392806
ELEC-day3,0.0,0.0,0.0,,,4,2026-02-04 12:20:32.392806
ELEC-day4,0.0,0.0,0.0,,,4,2026-02-04 12:20:32.392806
ELEC-day5,0.0,0.0,0.0,,,4,2026-02-04 12:20:32.392806
ELEC-day6,0.0,0.0,0.0,,,4,2026-02-04 12:20:32.392806
ELEC-F,0.0,0.0,0.0,,,4,2026-02-04 12:20:32.392806
NG,2.19,2.17,2.21,800000.0,800000.0,5,2026-02-04 12:20:33.430277
ELEC-day2,0.0,0.0,0.0,,,5,2026-02-04 12:20:33.430277
ELEC-day3,0.0,0.0,0.0,,,5,2026-02-04 12:20:33.430277
ELEC-day4,0.0,0.0,0.0,,,5,2026-02-04 12:20:33.430277
ELEC-day5,0.0,0.0,0.0,,,5,2026-02-04 12:20:33.430277
ELEC-day6,0.0,0.0,0.0,,,5,2026-02-04 12:20:33.430277
ELEC-F,0.0,0.0,0.0,,,5,2026-02-04 12:20:33.430277
NG,2.2,2.18,2.22,800000.0,800000.0,6,2026-02-04 12:20:34.471126
ELEC-day2,0.0,0.0,0.0,,,6,2026-02-04 12:20:34.471126
ELEC-day3,0.0,0.0,0.0,,,6,2026-02-04 12:20:34.471126
ELEC-day4,0.0,0.0,0.0,,,6,2026-02-04 12:20:34.471126
ELEC-day5,0.0,0.0,0.0,,,6,2026-02-04 12:20:34.471126
ELEC-day6,0.0,0.0,0.0,,,6,2026-02-04 12:20:34.471126
ELEC-F,0.0,0.0,0.0,,,6,2026-02-04 12:20:34.471126
NG,2.19,2.17,2.21,800000.0,800000.0,7,2026-02-04 12:20:35.082662
ELEC-day2,0.0,0.0,0.0,,,7,2026-02-04 12:20:35.082662
ELEC-day3,0.0,0.0,0.0,,,7,2026-02-04 12:20:35.082662
ELEC-day4,0.0,0.0,0.0,,,7,2026-02-04 12:20:35.082662
ELEC-day5,0.0,0.0,0.0,,,7,2026-02-04 12:20:35.082662
ELEC-day6,0.0,0.0,0.0,,,7,2026-02-04 12:20:35.082662
ELEC-F,0.0,0.0,0.0,,,7,2026-02-04 12:20:35.082662
NG,2.19,2.17,2.21,800000.0,800000.0,8,2026-02-04 12:20:36.206662
ELEC-day2,0.0,0.0,0.0,,,8,2026-02-04 12:20:36.206662
ELEC-day3,0.0,0.0,0.0,,,8,2026-02-04 12:20:36.206662
ELEC-day4,0.0,0.0,0.0,,,8,2026-02-04 12:20:36.206662
ELEC-day5,0.0,0.0,0.0,,,8,2026-02-04 12:20:36.206662
ELEC-day6,0.0,0.0,0.0,,,8,2026-02-04 12:20:36.206662
ELEC-F,0.0,0.0,0.0,,,8,2026-02-04 12:20:36.206662
NG,2.19,2.17,2.21,800000.0,800000.0,9,2026-02-04 12:20:37.240981
ELEC-day2,0.0,0.0,0.0,,,9,2026-02-04 12:20:37.240981
ELEC-day3,0.0,0.0,0.0,,,9,2026-02-04 12:20:37.240981
ELEC-day4,0.0,0.0,0.0,,,9,2026-02-04 12:20:37.240981
ELEC-day5,0.0,0.0,0.0,,,9,2026-02-04 12:20:37.240981
ELEC-day6,0.0,0.0,0.0,,,9,2026-02-04 12:20:37.240981
ELEC-F,0.0,0.0,0.0,,,9,2026-02-04 12:20:37.240981
NG,2.18,2.16,2.2,800000.0,800000.0,10,2026-02-04 12:20:38.280240
ELEC-day2,0.0,0.0,0.0,,,10,2026-02-04 12:20:38.280240
ELEC-day3,0.0,0.0,0.0,,,10,2026-02-04 12:20:38.280240
ELEC-day4,0.0,0.0,0.0,,,10,2026-02-04 12:20:38.280240
ELEC-day5,0.0,0.0,0.0,,,10,2026-02-04 12:20:38.280240
ELEC-day6,0.0,0.0,0.0,,,10,2026-02-04 12:20:38.280240
ELEC-F,0.0,0.0,0.0,,,10,2026-02-04 12:20:38.280240
NG,2.18,2.16,2.2,800000.0,800000.0,11,2026-02-04 12:20:39.322135
ELEC-day2,0.0,0.0,0.0,,,11,2026-02-04 12:20:39.322135
ELEC-day3,0.0,0.0,0.0,,,11,2026-02-04 12:20:39.322135
ELEC-day4,0.0,0.0,0.0,,,11,2026-02-04 12:20:39.322135
ELEC-day5,0.0,0.0,0.0,,,11,2026-02-04 12:20:39.322135
ELEC-day6,0.0,0.0,0.0,,,11,2026-02-04 12:20:39.322135
ELEC-F,0.0,0.0,0.0,,,11,2026-02-04 12:20:39.322135
NG,2.17,2.15,2.19,800000.0,800000.0,12,2026-02-04 12:20:40.358241
ELEC-day2,0.0,0.0,0.0,,,12,2026-02-04 12:20:40.358241
ELEC-day3,0.0,0.0,0.0,,,12,2026-02-04 12:20:40.358241
ELEC-day4,0.0,0.0,0.0,,,12,2026-02-04 12:20:40.358241
ELEC-day5,0.0,0.0,0.0,,,12,2026-02-04 12:20:40.358241
ELEC-day6,0.0,0.0,0.0,,,12,2026-02-04 12:20:40.358241
ELEC-F,0.0,0.0,0.0,,,12,2026-02-04 12:20:40.358241
NG,2.17,2.15,2.19,800000.0,800000.0,13,2026-02-04 12:20:41.396514
ELEC-day2,0.0,0.0,0.0,,,13,2026-02-04 12:20:41.396514
ELEC-day3,0.0,0.0,0.0,,,13,2026-02-04 12:20:41.396514
ELEC-day4,0.0,0.0,0.0,,,13,2026-02-04 12:20:41.396514
ELEC-day5,0.0,0.0,0.0,,,13,2026-02-04 12:20:41.396514
ELEC-day6,0.0,0.0,0.0,,,13,2026-02-04 12:20:41.396514
ELEC-F,0.0,0.0,0.0,,,13,2026-02-04 12:20:41.396514
NG,2.17,2.15,2.19,800000.0,800000.0,14,2026-02-04 12:20:42.443882
ELEC-day2,0.0,0.0,0.0,,,14,2026-02-04 12:20:42.443882
ELEC-day3,0.0,0.0,0.0,,,14,2026-02-04 12:20:42.443882
ELEC-day4,0.0,0.0,0.0,,,14,2026-02-04 12:20:42.443882
ELEC-day5,0.0,0.0,0.0,,,14,2026-02-04 12:20:42.443882
ELEC-day6,0.0,0.0,0.0,,,14,2026-02-04 12:20:42.443882
ELEC-F,0.0,0.0,0.0,,,14,2026-02-04 12:20:42.443882
NG,2.17,2.15,2.19,800000.0,800000.0,15,2026-02-04 12:20:43.480381
ELEC-day2,0.0,0.0,0.0,,,15,2026-02-04 12:20:43.480381
ELEC-day3,0.0,0.0,0.0,,,15,2026-02-04 12:20:43.480381
ELEC-day4,0.0,0.0,0.0,,,15,2026-02-04 12:20:43.480381
ELEC-day5,0.0,0.0,0.0,,,15,2026-02-04 12:20:43.480381
ELEC-day6,0.0,0.0,0.0,,,15,2026-02-04 12:20:43.480381
ELEC-F,0.0,0.0,0.0,,,15,2026-02-04 12:20:43.480381
NG,2.18,2.16,2.2,800000.0,800000.0,16,2026-02-04 12:20:44.520375
ELEC-day2,0.0,0.0,0.0,,,16,2026-02-04 12:20:44.520375
ELEC-day3,0.0,0.0,0.0,,,16,2026-02-04 12:20:44.520375
ELEC-day4,0.0,0.0,0.0,,,16,2026-02-04 12:20:44.520375
ELEC-day5,0.0,0.0,0.0,,,16,2026-02-04 12:20:44.520375
ELEC-day6,0.0,0.0,0.0,,,16,2026-02-04 12:20:44.520375
ELEC-F,0.0,0.0,0.0,,,16,2026-02-04 12:20:44.520375
NG,2.17,2.15,2.19,800000.0,800000.0,17,2026-02-04 12:20:45.653898
ELEC-day2,0.0,0.0,0.0,,,17,2026-02-04 12:20:45.653898
ELEC-day3,0.0,0.0,0.0,,,17,2026-02-04 12:20:45.653898
ELEC-day4,0.0,0.0,0.0,,,17,2026-02-04 12:20:45.653898
ELEC-day5,0.0,0.0,0.0,,,17,2026-02-04 12:20:45.653898
ELEC-day6,0.0,0.0,0.0,,,17,2026-02-04 12:20:45.653898
ELEC-F,0.0,0.0,0.0,,,17,2026-02-04 12:20:45.653898
NG,2.18,2.16,2.2,800000.0,800000.0,18,2026-02-04 12:20:46.239134
ELEC-day2,0.0,0.0,0.0,,,18,2026-02-04 12:20:46.239134
ELEC-day3,0.0,0.0,0.0,,,18,2026-02-04 12:20:46.239134
ELEC-day4,0.0,0.0,0.0,,,18,2026-02-04 12:20:46.239134
ELEC-day5,0.0,0.0,0.0,,,18,2026-02-04 12:20:46.239134
ELEC-day6,0.0,0.0,0.0,,,18,2026-02-04 12:20:46.239134
ELEC-F,0.0,0.0,0.0,,,18,2026-02-04 12:20:46.239134
NG,2.18,2.16,2.2,800000.0,800000.0,19,2026-02-04 12:20:47.292651
ELEC-day2,0.0,0.0,0.0,,,19,2026-02-04 12:20:47.292651
ELEC-day3,0.0,0.0,0.0,,,19,2026-02-04 12:20:47.292651
ELEC-day4,0.0,0.0,0.0,,,19,2026-02-04 12:20:47.292651
ELEC-day5,0.0,0.0,0.0,,,19,2026-02-04 12:20:47.292651
ELEC-day6,0.0,0.0,0.0,,,19,2026-02-04 12:20:47.292651
ELEC-F,0.0,0.0,0.0,,,19,2026-02-04 12:20:47.292651
NG,2.18,2.16,2.2,800000.0,800000.0,20,2026-02-04 12:20:48.360969
ELEC-day2,0.0,0.0,0.0,,,20,2026-02-04 12:20:48.360969
ELEC-day3,0.0,0.0,0.0,,,20,2026-02-04 12:20:48.360969
ELEC-day4,0.0,0.0,0.0,,,20,2026-02-04 12:20:48.360969
ELEC-day5,0.0,0.0,0.0,,,20,2026-02-04 12:20:48.360969
ELEC-day6,0.0,0.0,0.0,,,20,2026-02-04 12:20:48.360969
ELEC-F,0.0,0.0,0.0,,,20,2026-02-04 12:20:48.360969
NG,2.18,2.16,2.2,800000.0,800000.0,21,2026-02-04 12:20:49.399606
ELEC-day2,0.0,0.0,0.0,,,21,2026-02-04 12:20:49.399606
ELEC-day3,0.0,0.0,0.0,,,21,2026-02-04 12:20:49.399606
ELEC-day4,0.0,0.0,0.0,,,21,2026-02-04 12:20:49.399606
ELEC-day5,0.0,0.0,0.0,,,21,2026-02-04 12:20:49.399606
ELEC-day6,0.0,0.0,0.0,,,21,2026-02-04 12:20:49.399606
ELEC-F,0.0,0.0,0.0,,,21,2026-02-04 12:20:49.399606
NG,2.19,2.17,2.21,800000.0,800000.0,22,2026-02-04 12:20:50.440602
ELEC-day2,0.0,0.0,0.0,,,22,2026-02-04 12:20:50.440602
ELEC-day3,0.0,0.0,0.0,,,22,2026-02-04 12:20:50.440602
ELEC-day4,0.0,0.0,0.0,,,22,2026-02-04 12:20:50.440602
ELEC-day5,0.0,0.0,0.0,,,22,2026-02-04 12:20:50.440602
ELEC-day6,0.0,0.0,0.0,,,22,2026-02-04 12:20:50.440602
ELEC-F,0.0,0.0,0.0,,,22,2026-02-04 12:20:50.440602
NG,2.19,2.17,2.21,800000.0,800000.0,23,2026-02-04 12:20:51.477996
ELEC-day2,0.0,0.0,0.0,,,23,2026-02-04 12:20:51.477996
ELEC-day3,0.0,0.0,0.0,,,23,2026-02-04 12:20:51.477996
ELEC-day4,0.0,0.0,0.0,,,23,2026-02-04 12:20:51.477996
ELEC-day5,0.0,0.0,0.0,,,23,2026-02-04 12:20:51.477996
ELEC-day6,0.0,0.0,0.0,,,23,2026-02-04 12:20:51.477996
ELEC-F,0.0,0.0,0.0,,,23,2026-02-04 12:20:51.477996
NG,2.18,2.16,2.2,800000.0,800000.0,24,2026-02-04 12:20:52.505300
ELEC-day2,0.0,0.0,0.0,,,24,2026-02-04 12:20:52.505300
ELEC-day3,0.0,0.0,0.0,,,24,2026-02-04 12:20:52.505300
ELEC-day4,0.0,0.0,0.0,,,24,2026-02-04 12:20:52.505300
ELEC-day5,0.0,0.0,0.0,,,24,2026-02-04 12:20:52.505300
ELEC-day6,0.0,0.0,0.0,,,24,2026-02-04 12:20:52.505300
ELEC-F,0.0,0.0,0.0,,,24,2026-02-04 12:20:52.505300
NG,2.19,2.17,2.21,800000.0,800000.0,25,2026-02-04 12:20:53.544857
ELEC-day2,0.0,0.0,0.0,,,25,2026-02-04 12:20:53.544857
ELEC-day3,0.0,0.0,0.0,,,25,2026-02-04 12:20:53.544857
ELEC-day4,0.0,0.0,0.0,,,25,2026-02-04 12:20:53.544857
ELEC-day5,0.0,0.0,0.0,,,25,2026-02-04 12:20:53.544857
ELEC-day6,0.0,0.0,0.0,,,25,2026-02-04 12:20:53.544857
ELEC-F,0.0,0.0,0.0,,,25,2026-02-04 12:20:53.544857
NG,2.19,2.17,2.21,800000.0,800000.0,26,2026-02-04 12:20:54.593813
ELEC-day2,0.0,0.0,0.0,,,26,2026-02-04 12:20:54.593813
ELEC-day3,0.0,0.0,0.0,,,26,2026-02-04 12:20:54.593813
ELEC-day4,0.0,0.0,0.0,,,26,2026-02-04 12:20:54.593813
ELEC-day5,0.0,0.0,0.0,,,26,2026-02-04 12:20:54.593813
ELEC-day6,0.0,0.0,0.0,,,26,2026-02-04 12:20:54.593813
ELEC-F,0.0,0.0,0.0,,,26,2026-02-04 12:20:54.593813
NG,2.18,2.16,2.2,800000.0,800000.0,27,2026-02-04 12:20:55.188913
ELEC-day2,0.0,0.0,0.0,,,27,2026-02-04 12:20:55.188913
ELEC-day3,0.0,0.0,0.0,,,27,2026-02-04 12:20:55.188913
ELEC-day4,0.0,0.0,0.0,,,27,2026-02-04 12:20:55.188913
ELEC-day5,0.0,0.0,0.0,,,27,2026-02-04 12:20:55.188913
ELEC-day6,0.0,0.0,0.0,,,27,2026-02-04 12:20:55.188913
ELEC-F,0.0,0.0,0.0,,,27,2026-02-04 12:20:55.188913
NG,2.18,2.16,2.2,800000.0,800000.0,28,2026-02-04 12:20:56.296055
ELEC-day2,0.0,0.0,0.0,,,28,2026-02-04 12:20:56.296055
ELEC-day3,0.0,0.0,0.0,,,28,2026-02-04 12:20:56.296055
ELEC-day4,0.0,0.0,0.0,,,28,2026-02-04 12:20:56.296055
ELEC-day5,0.0,0.0,0.0,,,28,2026-02-04 12:20:56.296055
ELEC-day6,0.0,0.0,0.0,,,28,2026-02-04 12:20:56.296055
ELEC-F,0.0,0.0,0.0,,,28,2026-02-04 12:20:56.296055
NG,2.18,2.16,2.2,800000.0,800000.0,29,2026-02-04 12:20:57.327707
ELEC-day2,0.0,0.0,0.0,,,29,2026-02-04 12:20:57.327707
ELEC-day3,0.0,0.0,0.0,,,29,2026-02-04 12:20:57.327707
ELEC-day4,0.0,0.0,0.0,,,29,2026-02-04 12:20:57.327707
ELEC-day5,0.0,0.0,0.0,,,29,2026-02-04 12:20:57.327707
ELEC-day6,0.0,0.0,0.0,,,29,2026-02-04 12:20:57.327707
ELEC-F,0.0,0.0,0.0,,,29,2026-02-04 12:20:57.327707
NG,2.18,2.16,2.2,800000.0,800000.0,30,2026-02-04 12:20:58.371878
ELEC-day2,0.0,0.0,0.0,,,30,2026-02-04 12:20:58.371878
ELEC-day3,0.0,0.0,0.0,,,30,2026-02-04 12:20:58.371878
ELEC-day4,0.0,0.0,0.0,,,30,2026-02-04 12:20:58.371878
ELEC-day5,0.0,0.0,0.0,,,30,2026-02-04 12:20:58.371878
ELEC-day6,0.0,0.0,0.0,,,30,2026-02-04 12:20:58.371878
ELEC-F,0.0,0.0,0.0,,,30,2026-02-04 12:20:58.371878
NG,2.19,2.17,2.21,800000.0,800000.0,31,2026-02-04 12:20:59.416589
ELEC-day2,0.0,0.0,0.0,,,31,2026-02-04 12:20:59.416589
ELEC-day3,0.0,0.0,0.0,,,31,2026-02-04 12:20:59.416589
ELEC-day4,0.0,0.0,0.0,,,31,2026-02-04 12:20:59.416589
ELEC-day5,0.0,0.0,0.0,,,31,2026-02-04 12:20:59.416589
ELEC-day6,0.0,0.0,0.0,,,31,2026-02-04 12:20:59.416589
ELEC-F,0.0,0.0,0.0,,,31,2026-02-04 12:20:59.416589
NG,2.19,2.17,2.21,800000.0,800000.0,32,2026-02-04 12:21:00.461914
ELEC-day2,0.0,0.0,0.0,,,32,2026-02-04 12:21:00.461914
ELEC-day3,0.0,0.0,0.0,,,32,2026-02-04 12:21:00.461914
ELEC-day4,0.0,0.0,0.0,,,32,2026-02-04 12:21:00.461914
ELEC-day5,0.0,0.0,0.0,,,32,2026-02-04 12:21:00.461914
ELEC-day6,0.0,0.0,0.0,,,32,2026-02-04 12:21:00.461914
ELEC-F,0.0,0.0,0.0,,,32,2026-02-04 12:21:00.461914
NG,2.19,2.17,2.21,800000.0,800000.0,33,2026-02-04 12:21:01.487987
ELEC-day2,0.0,0.0,0.0,,,33,2026-02-04 12:21:01.487987
ELEC-day3,0.0,0.0,0.0,,,33,2026-02-04 12:21:01.487987
ELEC-day4,0.0,0.0,0.0,,,33,2026-02-04 12:21:01.487987
ELEC-day5,0.0,0.0,0.0,,,33,2026-02-04 12:21:01.487987
ELEC-day6,0.0,0.0,0.0,,,33,2026-02-04 12:21:01.487987
ELEC-F,0.0,0.0,0.0,,,33,2026-02-04 12:21:01.487987
NG,2.18,2.16,2.2,800000.0,800000.0,34,2026-02-04 12:21:02.518237
ELEC-day2,0.0,0.0,0.0,,,34,2026-02-04 12:21:02.518237
ELEC-day3,0.0,0.0,0.0,,,34,2026-02-04 12:21:02.518237
ELEC-day4,0.0,0.0,0.0,,,34,2026-02-04 12:21:02.518237
ELEC-day5,0.0,0.0,0.0,,,34,2026-02-04 12:21:02.518237
ELEC-day6,0.0,0.0,0.0,,,34,2026-02-04 12:21:02.518237
ELEC-F,0.0,0.0,0.0,,,34,2026-02-04 12:21:02.518237
NG,2.17,2.15,2.19,800000.0,800000.0,35,2026-02-04 12:21:03.617075
ELEC-day2,0.0,0.0,0.0,,,35,2026-02-04 12:21:03.617075
ELEC-day3,0.0,0.0,0.0,,,35,2026-02-04 12:21:03.617075
ELEC-day4,0.0,0.0,0.0,,,35,2026-02-04 12:21:03.617075
ELEC-day5,0.0,0.0,0.0,,,35,2026-02-04 12:21:03.617075
ELEC-day6,0.0,0.0,0.0,,,35,2026-02-04 12:21:03.617075
ELEC-F,0.0,0.0,0.0,,,35,2026-02-04 12:21:03.617075
NG,2.16,2.14,2.18,800000.0,800000.0,36,2026-02-04 12:21:04.267021
ELEC-day2,0.0,0.0,0.0,,,36,2026-02-04 12:21:04.267021
ELEC-day3,0.0,0.0,0.0,,,36,2026-02-04 12:21:04.267021
ELEC-day4,0.0,0.0,0.0,,,36,2026-02-04 12:21:04.267021
ELEC-day5,0.0,0.0,0.0,,,36,2026-02-04 12:21:04.267021
ELEC-day6,0.0,0.0,0.0,,,36,2026-02-04 12:21:04.267021
ELEC-F,0.0,0.0,0.0,,,36,2026-02-04 12:21:04.267021
NG,2.16,2.14,2.18,800000.0,800000.0,37,2026-02-04 12:21:05.479625
ELEC-day2,0.0,0.0,0.0,,,37,2026-02-04 12:21:05.479625
ELEC-day3,0.0,0.0,0.0,,,37,2026-02-04 12:21:05.479625
ELEC-day4,0.0,0.0,0.0,,,37,2026-02-04 12:21:05.479625
ELEC-day5,0.0,0.0,0.0,,,37,2026-02-04 12:21:05.479625
ELEC-day6,0.0,0.0,0.0,,,37,2026-02-04 12:21:05.479625
ELEC-F,0.0,0.0,0.0,,,37,2026-02-04 12:21:05.479625
NG,2.15,2.13,2.17,800000.0,800000.0,38,2026-02-04 12:21:06.520728
ELEC-day2,0.0,0.0,0.0,,,38,2026-02-04 12:21:06.520728
ELEC-day3,0.0,0.0,0.0,,,38,2026-02-04 12:21:06.520728
ELEC-day4,0.0,0.0,0.0,,,38,2026-02-04 12:21:06.520728
ELEC-day5,0.0,0.0,0.0,,,38,2026-02-04 12:21:06.520728
ELEC-day6,0.0,0.0,0.0,,,38,2026-02-04 12:21:06.520728
ELEC-F,0.0,0.0,0.0,,,38,2026-02-04 12:21:06.520728
NG,2.16,2.14,2.18,800000.0,800000.0,39,2026-02-04 12:21:07.557045
ELEC-day2,0.0,0.0,0.0,,,39,2026-02-04 12:21:07.557045
ELEC-day3,0.0,0.0,0.0,,,39,2026-02-04 12:21:07.557045
ELEC-day4,0.0,0.0,0.0,,,39,2026-02-04 12:21:07.557045
ELEC-day5,0.0,0.0,0.0,,,39,2026-02-04 12:21:07.557045
ELEC-day6,0.0,0.0,0.0,,,39,2026-02-04 12:21:07.557045
ELEC-F,0.0,0.0,0.0,,,39,2026-02-04 12:21:07.557045
NG,2.17,2.15,2.19,800000.0,800000.0,40,2026-02-04 12:21:08.604558
ELEC-day2,0.0,0.0,0.0,,,40,2026-02-04 12:21:08.604558
ELEC-day3,0.0,0.0,0.0,,,40,2026-02-04 12:21:08.604558
ELEC-day4,0.0,0.0,0.0,,,40,2026-02-04 12:21:08.604558
ELEC-day5,0.0,0.0,0.0,,,40,2026-02-04 12:21:08.604558
ELEC-day6,0.0,0.0,0.0,,,40,2026-02-04 12:21:08.604558
ELEC-F,0.0,0.0,0.0,,,40,2026-02-04 12:21:08.604558
NG,2.16,2.14,2.18,800000.0,800000.0,41,2026-02-04 12:21:09.653379
ELEC-day2,0.0,0.0,0.0,,,41,2026-02-04 12:21:09.653379
ELEC-day3,0.0,0.0,0.0,,,41,2026-02-04 12:21:09.653379
ELEC-day4,0.0,0.0,0.0,,,41,2026-02-04 12:21:09.653379
ELEC-day5,0.0,0.0,0.0,,,41,2026-02-04 12:21:09.653379
ELEC-day6,0.0,0.0,0.0,,,41,2026-02-04 12:21:09.653379
ELEC-F,0.0,0.0,0.0,,,41,2026-02-04 12:21:09.653379
NG,2.17,2.15,2.19,800000.0,800000.0,42,2026-02-04 12:21:10.680474
ELEC-day2,0.0,0.0,0.0,,,42,2026-02-04 12:21:10.680474
ELEC-day3,0.0,0.0,0.0,,,42,2026-02-04 12:21:10.680474
ELEC-day4,0.0,0.0,0.0,,,42,2026-02-04 12:21:10.680474
ELEC-day5,0.0,0.0,0.0,,,42,2026-02-04 12:21:10.680474
ELEC-day6,0.0,0.0,0.0,,,42,2026-02-04 12:21:10.680474
ELEC-F,0.0,0.0,0.0,,,42,2026-02-04 12:21:10.680474
NG,2.16,2.14,2.18,800000.0,800000.0,43,2026-02-04 12:21:11.316421
ELEC-day2,0.0,0.0,0.0,,,43,2026-02-04 12:21:11.316421
ELEC-day3,0.0,0.0,0.0,,,43,2026-02-04 12:21:11.316421
ELEC-day4,0.0,0.0,0.0,,,43,2026-02-04 12:21:11.316421
ELEC-day5,0.0,0.0,0.0,,,43,2026-02-04 12:21:11.316421
ELEC-day6,0.0,0.0,0.0,,,43,2026-02-04 12:21:11.316421
ELEC-F,0.0,0.0,0.0,,,43,2026-02-04 12:21:11.316421
NG,2.17,2.15,2.19,800000.0,800000.0,44,2026-02-04 12:21:12.448683
ELEC-day2,0.0,0.0,0.0,,,44,2026-02-04 12:21:12.448683
ELEC-day3,0.0,0.0,0.0,,,44,2026-02-04 12:21:12.448683
ELEC-day4,0.0,0.0,0.0,,,44,2026-02-04 12:21:12.448683
ELEC-day5,0.0,0.0,0.0,,,44,2026-02-04 12:21:12.448683
ELEC-day6,0.0,0.0,0.0,,,44,2026-02-04 12:21:12.448683
ELEC-F,0.0,0.0,0.0,,,44,2026-02-04 12:21:12.448683
NG,2.19,2.17,2.21,800000.0,800000.0,45,2026-02-04 12:21:13.478031
ELEC-day2,0.0,0.0,0.0,,,45,2026-02-04 12:21:13.478031
ELEC-day3,0.0,0.0,0.0,,,45,2026-02-04 12:21:13.478031
ELEC-day4,0.0,0.0,0.0,,,45,2026-02-04 12:21:13.478031
ELEC-day5,0.0,0.0,0.0,,,45,2026-02-04 12:21:13.478031
ELEC-day6,0.0,0.0,0.0,,,45,2026-02-04 12:21:13.478031
ELEC-F,0.0,0.0,0.0,,,45,2026-02-04 12:21:13.478031
NG,2.18,2.16,2.2,800000.0,800000.0,46,2026-02-04 12:21:14.514305
ELEC-day2,0.0,0.0,0.0,,,46,2026-02-04 12:21:14.514305
ELEC-day3,0.0,0.0,0.0,,,46,2026-02-04 12:21:14.514305
ELEC-day4,0.0,0.0,0.0,,,46,2026-02-04 12:21:14.514305
ELEC-day5,0.0,0.0,0.0,,,46,2026-02-04 12:21:14.514305
ELEC-day6,0.0,0.0,0.0,,,46,2026-02-04 12:21:14.514305
ELEC-F,0.0,0.0,0.0,,,46,2026-02-04 12:21:14.514305
NG,2.19,2.17,2.21,800000.0,800000.0,47,2026-02-04 12:21:15.556063
ELEC-day2,0.0,0.0,0.0,,,47,2026-02-04 12:21:15.556063
ELEC-day3,0.0,0.0,0.0,,,47,2026-02-04 12:21:15.556063
ELEC-day4,0.0,0.0,0.0,,,47,2026-02-04 12:21:15.556063
ELEC-day5,0.0,0.0,0.0,,,47,2026-02-04 12:21:15.556063
ELEC-day6,0.0,0.0,0.0,,,47,2026-02-04 12:21:15.556063
ELEC-F,0.0,0.0,0.0,,,47,2026-02-04 12:21:15.556063
NG,2.19,2.17,2.21,800000.0,800000.0,48,2026-02-04 12:21:16.593379
ELEC-day2,0.0,0.0,0.0,,,48,2026-02-04 12:21:16.593379
ELEC-day3,0.0,0.0,0.0,,,48,2026-02-04 12:21:16.593379
ELEC-day4,0.0,0.0,0.0,,,48,2026-02-04 12:21:16.593379
ELEC-day5,0.0,0.0,0.0,,,48,2026-02-04 12:21:16.593379
ELEC-day6,0.0,0.0,0.0,,,48,2026-02-04 12:21:16.593379
ELEC-F,0.0,0.0,0.0,,,48,2026-02-04 12:21:16.593379
NG,2.19,2.17,2.21,800000.0,800000.0,49,2026-02-04 12:21:17.632700
ELEC-day2,0.0,0.0,0.0,,,49,2026-02-04 12:21:17.632700
ELEC-day3,0.0,0.0,0.0,,,49,2026-02-04 12:21:17.632700
ELEC-day4,0.0,0.0,0.0,,,49,2026-02-04 12:21:17.632700
ELEC-day5,0.0,0.0,0.0,,,49,2026-02-04 12:21:17.632700
ELEC-day6,0.0,0.0,0.0,,,49,2026-02-04 12:21:17.632700
ELEC-F,0.0,0.0,0.0,,,49,2026-02-04 12:21:17.632700
NG,2.2,2.18,2.22,800000.0,800000.0,50,2026-02-04 12:21:18.665853
ELEC-day2,0.0,0.0,0.0,,,50,2026-02-04 12:21:18.665853
ELEC-day3,0.0,0.0,0.0,,,50,2026-02-04 12:21:18.665853
ELEC-day4,0.0,0.0,0.0,,,50,2026-02-04 12:21:18.665853
ELEC-day5,0.0,0.0,0.0,,,50,2026-02-04 12:21:18.665853
ELEC-day6,0.0,0.0,0.0,,,50,2026-02-04 12:21:18.665853
ELEC-F,0.0,0.0,0.0,,,50,2026-02-04 12:21:18.665853
NG,2.21,2.19,2.23,800000.0,800000.0,51,2026-02-04 12:21:19.693728
ELEC-day2,0.0,0.0,0.0,,,51,2026-02-04 12:21:19.693728
ELEC-day3,0.0,0.0,0.0,,,51,2026-02-04 12:21:19.693728
ELEC-day4,0.0,0.0,0.0,,,51,2026-02-04 12:21:19.693728
ELEC-day5,0.0,0.0,0.0,,,51,2026-02-04 12:21:19.693728
ELEC-day6,0.0,0.0,0.0,,,51,2026-02-04 12:21:19.693728
ELEC-F,0.0,0.0,0.0,,,51,2026-02-04 12:21:19.693728
NG,2.21,2.19,2.23,800000.0,800000.0,52,2026-02-04 12:21:20.724567
ELEC-day2,0.0,0.0,0.0,,,52,2026-02-04 12:21:20.724567
ELEC-day3,0.0,0.0,0.0,,,52,2026-02-04 12:21:20.724567
ELEC-day4,0.0,0.0,0.0,,,52,2026-02-04 12:21:20.724567
ELEC-day5,0.0,0.0,0.0,,,52,2026-02-04 12:21:20.724567
ELEC-day6,0.0,0.0,0.0,,,52,2026-02-04 12:21:20.724567
ELEC-F,0.0,0.0,0.0,,,52,2026-02-04 12:21:20.724567
NG,2.2,2.18,2.22,800000.0,800000.0,53,2026-02-04 12:21:21.752007
ELEC-day2,0.0,0.0,0.0,,,53,2026-02-04 12:21:21.752007
ELEC-day3,0.0,0.0,0.0,,,53,2026-02-04 12:21:21.752007
ELEC-day4,0.0,0.0,0.0,,,53,2026-02-04 12:21:21.752007
ELEC-day5,0.0,0.0,0.0,,,53,2026-02-04 12:21:21.752007
ELEC-day6,0.0,0.0,0.0,,,53,2026-02-04 12:21:21.752007
ELEC-F,0.0,0.0,0.0,,,53,2026-02-04 12:21:21.752007
NG,2.21,2.19,2.23,800000.0,800000.0,54,2026-02-04 12:21:22.345381
ELEC-day2,0.0,0.0,0.0,,,54,2026-02-04 12:21:22.345381
ELEC-day3,0.0,0.0,0.0,,,54,2026-02-04 12:21:22.345381
ELEC-day4,0.0,0.0,0.0,,,54,2026-02-04 12:21:22.345381
ELEC-day5,0.0,0.0,0.0,,,54,2026-02-04 12:21:22.345381
ELEC-day6,0.0,0.0,0.0,,,54,2026-02-04 12:21:22.345381
ELEC-F,0.0,0.0,0.0,,,54,2026-02-04 12:21:22.345381
NG,2.21,2.19,2.23,800000.0,800000.0,55,2026-02-04 12:21:23.498378
ELEC-day2,0.0,0.0,0.0,,,55,2026-02-04 12:21:23.498378
ELEC-day3,0.0,0.0,0.0,,,55,2026-02-04 12:21:23.498378
ELEC-day4,0.0,0.0,0.0,,,55,2026-02-04 12:21:23.498378
ELEC-day5,0.0,0.0,0.0,,,55,2026-02-04 12:21:23.498378
ELEC-day6,0.0,0.0,0.0,,,55,2026-02-04 12:21:23.498378
ELEC-F,0.0,0.0,0.0,,,55,2026-02-04 12:21:23.498378
NG,2.2,2.18,2.22,800000.0,800000.0,56,2026-02-04 12:21:24.553116
ELEC-day2,0.0,0.0,0.0,,,56,2026-02-04 12:21:24.553116
ELEC-day3,0.0,0.0,0.0,,,56,2026-02-04 12:21:24.553116
ELEC-day4,0.0,0.0,0.0,,,56,2026-02-04 12:21:24.553116
ELEC-day5,0.0,0.0,0.0,,,56,2026-02-04 12:21:24.553116
ELEC-day6,0.0,0.0,0.0,,,56,2026-02-04 12:21:24.553116
ELEC-F,0.0,0.0,0.0,,,56,2026-02-04 12:21:24.553116
NG,2.2,2.18,2.22,800000.0,800000.0,57,2026-02-04 12:21:25.590756
ELEC-day2,0.0,0.0,0.0,,,57,2026-02-04 12:21:25.590756
ELEC-day3,0.0,0.0,0.0,,,57,2026-02-04 12:21:25.590756
ELEC-day4,0.0,0.0,0.0,,,57,2026-02-04 12:21:25.590756
ELEC-day5,0.0,0.0,0.0,,,57,2026-02-04 12:21:25.590756
ELEC-day6,0.0,0.0,0.0,,,57,2026-02-04 12:21:25.590756
ELEC-F,0.0,0.0,0.0,,,57,2026-02-04 12:21:25.590756
NG,2.2,2.18,2.22,800000.0,800000.0,58,2026-02-04 12:21:26.625555
ELEC-day2,0.0,0.0,0.0,,,58,2026-02-04 12:21:26.625555
ELEC-day3,0.0,0.0,0.0,,,58,2026-02-04 12:21:26.625555
ELEC-day4,0.0,0.0,0.0,,,58,2026-02-04 12:21:26.625555
ELEC-day5,0.0,0.0,0.0,,,58,2026-02-04 12:21:26.625555
ELEC-day6,0.0,0.0,0.0,,,58,2026-02-04 12:21:26.625555
ELEC-F,0.0,0.0,0.0,,,58,2026-02-04 12:21:26.625555
NG,2.2,2.18,2.22,800000.0,800000.0,59,2026-02-04 12:21:27.659160
ELEC-day2,0.0,0.0,0.0,,,59,2026-02-04 12:21:27.659160
ELEC-day3,0.0,0.0,0.0,,,59,2026-02-04 12:21:27.659160
ELEC-day4,0.0,0.0,0.0,,,59,2026-02-04 12:21:27.659160
ELEC-day5,0.0,0.0,0.0,,,59,2026-02-04 12:21:27.659160
ELEC-day6,0.0,0.0,0.0,,,59,2026-02-04 12:21:27.659160
ELEC-F,0.0,0.0,0.0,,,59,2026-02-04 12:21:27.659160
NG,2.2,2.18,2.22,800000.0,800000.0,60,2026-02-04 12:21:28.697244
ELEC-day2,0.0,0.0,0.0,,,60,2026-02-04 12:21:28.697244
ELEC-day3,0.0,0.0,0.0,,,60,2026-02-04 12:21:28.697244
ELEC-day4,0.0,0.0,0.0,,,60,2026-02-04 12:21:28.697244
ELEC-day5,0.0,0.0,0.0,,,60,2026-02-04 12:21:28.697244
ELEC-day6,0.0,0.0,0.0,,,60,2026-02-04 12:21:28.697244
ELEC-F,0.0,0.0,0.0,,,60,2026-02-04 12:21:28.697244
NG,2.2,2.18,2.22,800000.0,800000.0,61,2026-02-04 12:21:29.734690
ELEC-day2,0.0,0.0,0.0,,,61,2026-02-04 12:21:29.734690
ELEC-day3,0.0,0.0,0.0,,,61,2026-02-04 12:21:29.734690
ELEC-day4,0.0,0.0,0.0,,,61,2026-02-04 12:21:29.734690
ELEC-day5,0.0,0.0,0.0,,,61,2026-02-04 12:21:29.734690
ELEC-day6,0.0,0.0,0.0,,,61,2026-02-04 12:21:29.734690
ELEC-F,0.0,0.0,0.0,,,61,2026-02-04 12:21:29.734690
NG,2.21,2.19,2.23,800000.0,800000.0,62,2026-02-04 12:21:30.762678
ELEC-day2,0.0,0.0,0.0,,,62,2026-02-04 12:21:30.762678
ELEC-day3,0.0,0.0,0.0,,,62,2026-02-04 12:21:30.762678
ELEC-day4,0.0,0.0,0.0,,,62,2026-02-04 12:21:30.762678
ELEC-day5,0.0,0.0,0.0,,,62,2026-02-04 12:21:30.762678
ELEC-day6,0.0,0.0,0.0,,,62,2026-02-04 12:21:30.762678
ELEC-F,0.0,0.0,0.0,,,62,2026-02-04 12:21:30.762678
NG,2.21,2.19,2.23,800000.0,800000.0,63,2026-02-04 12:21:31.870782
ELEC-day2,0.0,0.0,0.0,,,63,2026-02-04 12:21:31.870782
ELEC-day3,0.0,0.0,0.0,,,63,2026-02-04 12:21:31.870782
ELEC-day4,0.0,0.0,0.0,,,63,2026-02-04 12:21:31.870782
ELEC-day5,0.0,0.0,0.0,,,63,2026-02-04 12:21:31.870782
ELEC-day6,0.0,0.0,0.0,,,63,2026-02-04 12:21:31.870782
ELEC-F,0.0,0.0,0.0,,,63,2026-02-04 12:21:31.870782
NG,2.21,2.19,2.23,800000.0,800000.0,64,2026-02-04 12:21:32.458841
ELEC-day2,0.0,0.0,0.0,,,64,2026-02-04 12:21:32.458841
ELEC-day3,0.0,0.0,0.0,,,64,2026-02-04 12:21:32.458841
ELEC-day4,0.0,0.0,0.0,,,64,2026-02-04 12:21:32.458841
ELEC-day5,0.0,0.0,0.0,,,64,2026-02-04 12:21:32.458841
ELEC-day6,0.0,0.0,0.0,,,64,2026-02-04 12:21:32.458841
ELEC-F,0.0,0.0,0.0,,,64,2026-02-04 12:21:32.458841
NG,2.22,2.2,2.24,800000.0,800000.0,65,2026-02-04 12:21:33.508464
ELEC-day2,0.0,0.0,0.0,,,65,2026-02-04 12:21:33.508464
ELEC-day3,0.0,0.0,0.0,,,65,2026-02-04 12:21:33.508464
ELEC-day4,0.0,0.0,0.0,,,65,2026-02-04 12:21:33.508464
ELEC-day5,0.0,0.0,0.0,,,65,2026-02-04 12:21:33.508464
ELEC-day6,0.0,0.0,0.0,,,65,2026-02-04 12:21:33.508464
ELEC-F,0.0,0.0,0.0,,,65,2026-02-04 12:21:33.508464
NG,2.22,2.2,2.24,800000.0,800000.0,66,2026-02-04 12:21:34.550159
ELEC-day2,0.0,0.0,0.0,,,66,2026-02-04 12:21:34.550159
ELEC-day3,0.0,0.0,0.0,,,66,2026-02-04 12:21:34.550159
ELEC-day4,0.0,0.0,0.0,,,66,2026-02-04 12:21:34.550159
ELEC-day5,0.0,0.0,0.0,,,66,2026-02-04 12:21:34.550159
ELEC-day6,0.0,0.0,0.0,,,66,2026-02-04 12:21:34.550159
ELEC-F,0.0,0.0,0.0,,,66,2026-02-04 12:21:34.550159
NG,2.21,2.19,2.23,800000.0,800000.0,67,2026-02-04 12:21:35.584103
ELEC-day2,0.0,0.0,0.0,,,67,2026-02-04 12:21:35.584103
ELEC-day3,0.0,0.0,0.0,,,67,2026-02-04 12:21:35.584103
ELEC-day4,0.0,0.0,0.0,,,67,2026-02-04 12:21:35.584103
ELEC-day5,0.0,0.0,0.0,,,67,2026-02-04 12:21:35.584103
ELEC-day6,0.0,0.0,0.0,,,67,2026-02-04 12:21:35.584103
ELEC-F,0.0,0.0,0.0,,,67,2026-02-04 12:21:35.584103
NG,2.21,2.19,2.23,800000.0,800000.0,68,2026-02-04 12:21:36.610273
ELEC-day2,0.0,0.0,0.0,,,68,2026-02-04 12:21:36.610273
ELEC-day3,0.0,0.0,0.0,,,68,2026-02-04 12:21:36.610273
ELEC-day4,0.0,0.0,0.0,,,68,2026-02-04 12:21:36.610273
ELEC-day5,0.0,0.0,0.0,,,68,2026-02-04 12:21:36.610273
ELEC-day6,0.0,0.0,0.0,,,68,2026-02-04 12:21:36.610273
ELEC-F,0.0,0.0,0.0,,,68,2026-02-04 12:21:36.610273
NG,2.2,2.18,2.22,800000.0,800000.0,69,2026-02-04 12:21:37.642610
ELEC-day2,0.0,0.0,0.0,,,69,2026-02-04 12:21:37.642610
ELEC-day3,0.0,0.0,0.0,,,69,2026-02-04 12:21:37.642610
ELEC-day4,0.0,0.0,0.0,,,69,2026-02-04 12:21:37.642610
ELEC-day5,0.0,0.0,0.0,,,69,2026-02-04 12:21:37.642610
ELEC-day6,0.0,0.0,0.0,,,69,2026-02-04 12:21:37.642610
ELEC-F,0.0,0.0,0.0,,,69,2026-02-04 12:21:37.642610
NG,2.2,2.18,2.22,800000.0,800000.0,70,2026-02-04 12:21:38.686379
ELEC-day2,0.0,0.0,0.0,,,70,2026-02-04 12:21:38.686379
ELEC-day3,0.0,0.0,0.0,,,70,2026-02-04 12:21:38.686379
ELEC-day4,0.0,0.0,0.0,,,70,2026-02-04 12:21:38.686379
ELEC-day5,0.0,0.0,0.0,,,70,2026-02-04 12:21:38.686379
ELEC-day6,0.0,0.0,0.0,,,70,2026-02-04 12:21:38.686379
ELEC-F,0.0,0.0,0.0,,,70,2026-02-04 12:21:38.686379
NG,2.2,2.18,2.22,800000.0,800000.0,71,2026-02-04 12:21:39.725491
ELEC-day2,0.0,0.0,0.0,,,71,2026-02-04 12:21:39.725491
ELEC-day3,0.0,0.0,0.0,,,71,2026-02-04 12:21:39.725491
ELEC-day4,0.0,0.0,0.0,,,71,2026-02-04 12:21:39.725491
ELEC-day5,0.0,0.0,0.0,,,71,2026-02-04 12:21:39.725491
ELEC-day6,0.0,0.0,0.0,,,71,2026-02-04 12:21:39.725491
ELEC-F,0.0,0.0,0.0,,,71,2026-02-04 12:21:39.725491
NG,2.2,2.18,2.22,800000.0,800000.0,72,2026-02-04 12:21:40.751457
ELEC-day2,0.0,0.0,0.0,,,72,2026-02-04 12:21:40.751457
ELEC-day3,0.0,0.0,0.0,,,72,2026-02-04 12:21:40.751457
ELEC-day4,0.0,0.0,0.0,,,72,2026-02-04 12:21:40.751457
ELEC-day5,0.0,0.0,0.0,,,72,2026-02-04 12:21:40.751457
ELEC-day6,0.0,0.0,0.0,,,72,2026-02-04 12:21:40.751457
ELEC-F,0.0,0.0,0.0,,,72,2026-02-04 12:21:40.751457
NG,2.2,2.18,2.22,800000.0,800000.0,73,2026-02-04 12:21:41.781051
ELEC-day2,0.0,0.0,0.0,,,73,2026-02-04 12:21:41.781051
ELEC-day3,0.0,0.0,0.0,,,73,2026-02-04 12:21:41.781051
ELEC-day4,0.0,0.0,0.0,,,73,2026-02-04 12:21:41.781051
ELEC-day5,0.0,0.0,0.0,,,73,2026-02-04 12:21:41.781051
ELEC-day6,0.0,0.0,0.0,,,73,2026-02-04 12:21:41.781051
ELEC-F,0.0,0.0,0.0,,,73,2026-02-04 12:21:41.781051
NG,2.2,2.18,2.22,800000.0,800000.0,74,2026-02-04 12:21:42.811892
ELEC-day2,0.0,0.0,0.0,,,74,2026-02-04 12:21:42.811892
ELEC-day3,0.0,0.0,0.0,,,74,2026-02-04 12:21:42.811892
ELEC-day4,0.0,0.0,0.0,,,74,2026-02-04 12:21:42.811892
ELEC-day5,0.0,0.0,0.0,,,74,2026-02-04 12:21:42.811892
ELEC-day6,0.0,0.0,0.0,,,74,2026-02-04 12:21:42.811892
ELEC-F,0.0,0.0,0.0,,,74,2026-02-04 12:21:42.811892
NG,2.21,2.19,2.23,800000.0,800000.0,75,2026-02-04 12:21:43.851005
ELEC-day2,0.0,0.0,0.0,,,75,2026-02-04 12:21:43.851005
ELEC-day3,0.0,0.0,0.0,,,75,2026-02-04 12:21:43.851005
ELEC-day4,0.0,0.0,0.0,,,75,2026-02-04 12:21:43.851005
ELEC-day5,0.0,0.0,0.0,,,75,2026-02-04 12:21:43.851005
ELEC-day6,0.0,0.0,0.0,,,75,2026-02-04 12:21:43.851005
ELEC-F,0.0,0.0,0.0,,,75,2026-02-04 12:21:43.851005
NG,2.21,2.19,2.23,800000.0,800000.0,76,2026-02-04 12:21:44.431986
ELEC-day2,0.0,0.0,0.0,,,76,2026-02-04 12:21:44.431986
ELEC-day3,0.0,0.0,0.0,,,76,2026-02-04 12:21:44.431986
ELEC-day4,0.0,0.0,0.0,,,76,2026-02-04 12:21:44.431986
ELEC-day5,0.0,0.0,0.0,,,76,2026-02-04 12:21:44.431986
ELEC-day6,0.0,0.0,0.0,,,76,2026-02-04 12:21:44.431986
ELEC-F,0.0,0.0,0.0,,,76,2026-02-04 12:21:44.431986
NG,2.2,2.18,2.22,800000.0,800000.0,77,2026-02-04 12:21:45.549959
ELEC-day2,0.0,0.0,0.0,,,77,2026-02-04 12:21:45.549959
ELEC-day3,0.0,0.0,0.0,,,77,2026-02-04 12:21:45.549959
ELEC-day4,0.0,0.0,0.0,,,77,2026-02-04 12:21:45.549959
ELEC-day5,0.0,0.0,0.0,,,77,2026-02-04 12:21:45.549959
ELEC-day6,0.0,0.0,0.0,,,77,2026-02-04 12:21:45.549959
ELEC-F,0.0,0.0,0.0,,,77,2026-02-04 12:21:45.549959
NG,2.21,2.19,2.23,800000.0,800000.0,78,2026-02-04 12:21:46.594135
ELEC-day2,0.0,0.0,0.0,,,78,2026-02-04 12:21:46.594135
ELEC-day3,0.0,0.0,0.0,,,78,2026-02-04 12:21:46.594135
ELEC-day4,0.0,0.0,0.0,,,78,2026-02-04 12:21:46.594135
ELEC-day5,0.0,0.0,0.0,,,78,2026-02-04 12:21:46.594135
ELEC-day6,0.0,0.0,0.0,,,78,2026-02-04 12:21:46.594135
ELEC-F,0.0,0.0,0.0,,,78,2026-02-04 12:21:46.594135
NG,2.21,2.19,2.23,800000.0,800000.0,79,2026-02-04 12:21:47.641469
ELEC-day2,0.0,0.0,0.0,,,79,2026-02-04 12:21:47.641469
ELEC-day3,0.0,0.0,0.0,,,79,2026-02-04 12:21:47.641469
ELEC-day4,0.0,0.0,0.0,,,79,2026-02-04 12:21:47.641469
ELEC-day5,0.0,0.0,0.0,,,79,2026-02-04 12:21:47.641469
ELEC-day6,0.0,0.0,0.0,,,79,2026-02-04 12:21:47.641469
ELEC-F,0.0,0.0,0.0,,,79,2026-02-04 12:21:47.641469
NG,2.2,2.18,2.22,800000.0,800000.0,80,2026-02-04 12:21:48.679978
ELEC-day2,0.0,0.0,0.0,,,80,2026-02-04 12:21:48.679978
ELEC-day3,0.0,0.0,0.0,,,80,2026-02-04 12:21:48.679978
ELEC-day4,0.0,0.0,0.0,,,80,2026-02-04 12:21:48.679978
ELEC-day5,0.0,0.0,0.0,,,80,2026-02-04 12:21:48.679978
ELEC-day6,0.0,0.0,0.0,,,80,2026-02-04 12:21:48.679978
ELEC-F,0.0,0.0,0.0,,,80,2026-02-04 12:21:48.679978
NG,2.2,2.18,2.22,800000.0,800000.0,81,2026-02-04 12:21:49.713478
ELEC-day2,0.0,0.0,0.0,,,81,2026-02-04 12:21:49.713478
ELEC-day3,0.0,0.0,0.0,,,81,2026-02-04 12:21:49.713478
ELEC-day4,0.0,0.0,0.0,,,81,2026-02-04 12:21:49.713478
ELEC-day5,0.0,0.0,0.0,,,81,2026-02-04 12:21:49.713478
ELEC-day6,0.0,0.0,0.0,,,81,2026-02-04 12:21:49.713478
ELEC-F,0.0,0.0,0.0,,,81,2026-02-04 12:21:49.713478
NG,2.2,2.18,2.22,800000.0,800000.0,82,2026-02-04 12:21:50.752696
ELEC-day2,0.0,0.0,0.0,,,82,2026-02-04 12:21:50.752696
ELEC-day3,0.0,0.0,0.0,,,82,2026-02-04 12:21:50.752696
ELEC-day4,0.0,0.0,0.0,,,82,2026-02-04 12:21:50.752696
ELEC-day5,0.0,0.0,0.0,,,82,2026-02-04 12:21:50.752696
ELEC-day6,0.0,0.0,0.0,,,82,2026-02-04 12:21:50.752696
ELEC-F,0.0,0.0,0.0,,,82,2026-02-04 12:21:50.752696
NG,2.2,2.18,2.22,800000.0,800000.0,83,2026-02-04 12:21:51.802097
ELEC-day2,0.0,0.0,0.0,,,83,2026-02-04 12:21:51.802097
ELEC-day3,0.0,0.0,0.0,,,83,2026-02-04 12:21:51.802097
ELEC-day4,0.0,0.0,0.0,,,83,2026-02-04 12:21:51.802097
ELEC-day5,0.0,0.0,0.0,,,83,2026-02-04 12:21:51.802097
ELEC-day6,0.0,0.0,0.0,,,83,2026-02-04 12:21:51.802097
ELEC-F,0.0,0.0,0.0,,,83,2026-02-04 12:21:51.802097
NG,2.2,2.18,2.22,800000.0,800000.0,84,2026-02-04 12:21:52.464011
ELEC-day2,0.0,0.0,0.0,,,84,2026-02-04 12:21:52.464011
ELEC-day3,0.0,0.0,0.0,,,84,2026-02-04 12:21:52.464011
ELEC-day4,0.0,0.0,0.0,,,84,2026-02-04 12:21:52.464011
ELEC-day5,0.0,0.0,0.0,,,84,2026-02-04 12:21:52.464011
ELEC-day6,0.0,0.0,0.0,,,84,2026-02-04 12:21:52.464011
ELEC-F,0.0,0.0,0.0,,,84,2026-02-04 12:21:52.464011
NG,2.21,2.19,2.23,800000.0,800000.0,85,2026-02-04 12:21:53.556270
ELEC-day2,0.0,0.0,0.0,,,85,2026-02-04 12:21:53.556270
ELEC-day3,0.0,0.0,0.0,,,85,2026-02-04 12:21:53.556270
ELEC-day4,0.0,0.0,0.0,,,85,2026-02-04 12:21:53.556270
ELEC-day5,0.0,0.0,0.0,,,85,2026-02-04 12:21:53.556270
ELEC-day6,0.0,0.0,0.0,,,85,2026-02-04 12:21:53.556270
ELEC-F,0.0,0.0,0.0,,,85,2026-02-04 12:21:53.556270
NG,2.22,2.2,2.24,800000.0,800000.0,86,2026-02-04 12:21:54.614871
ELEC-day2,0.0,0.0,0.0,,,86,2026-02-04 12:21:54.614871
ELEC-day3,0.0,0.0,0.0,,,86,2026-02-04 12:21:54.614871
ELEC-day4,0.0,0.0,0.0,,,86,2026-02-04 12:21:54.614871
ELEC-day5,0.0,0.0,0.0,,,86,2026-02-04 12:21:54.614871
ELEC-day6,0.0,0.0,0.0,,,86,2026-02-04 12:21:54.614871
ELEC-F,0.0,0.0,0.0,,,86,2026-02-04 12:21:54.614871
NG,2.24,2.22,2.26,800000.0,800000.0,87,2026-02-04 12:21:55.661534
ELEC-day2,0.0,0.0,0.0,,,87,2026-02-04 12:21:55.661534
ELEC-day3,0.0,0.0,0.0,,,87,2026-02-04 12:21:55.661534
ELEC-day4,0.0,0.0,0.0,,,87,2026-02-04 12:21:55.661534
ELEC-day5,0.0,0.0,0.0,,,87,2026-02-04 12:21:55.661534
ELEC-day6,0.0,0.0,0.0,,,87,2026-02-04 12:21:55.661534
ELEC-F,0.0,0.0,0.0,,,87,2026-02-04 12:21:55.661534
NG,2.24,2.22,2.26,800000.0,800000.0,88,2026-02-04 12:21:56.712430
ELEC-day2,0.0,0.0,0.0,,,88,2026-02-04 12:21:56.712430
ELEC-day3,0.0,0.0,0.0,,,88,2026-02-04 12:21:56.712430
ELEC-day4,0.0,0.0,0.0,,,88,2026-02-04 12:21:56.712430
ELEC-day5,0.0,0.0,0.0,,,88,2026-02-04 12:21:56.712430
ELEC-day6,0.0,0.0,0.0,,,88,2026-02-04 12:21:56.712430
ELEC-F,0.0,0.0,0.0,,,88,2026-02-04 12:21:56.712430
NG,2.24,2.22,2.26,800000.0,800000.0,89,2026-02-04 12:21:57.756653
ELEC-day2,0.0,0.0,0.0,,,89,2026-02-04 12:21:57.756653
ELEC-day3,0.0,0.0,0.0,,,89,2026-02-04 12:21:57.756653
ELEC-day4,0.0,0.0,0.0,,,89,2026-02-04 12:21:57.756653
ELEC-day5,0.0,0.0,0.0,,,89,2026-02-04 12:21:57.756653
ELEC-day6,0.0,0.0,0.0,,,89,2026-02-04 12:21:57.756653
ELEC-F,0.0,0.0,0.0,,,89,2026-02-04 12:21:57.756653
NG,2.24,2.22,2.26,800000.0,800000.0,90,2026-02-04 12:21:58.793815,5.0,1.0,89.0,,SUNLIGHT Forecast for DAY 2,The weather forecasts call for between 11 and 15 hours of sunlight tomorrow.
ELEC-day2,0.0,0.0,0.0,,,90,2026-02-04 12:21:58.793815,,,,,,
ELEC-day3,0.0,0.0,0.0,,,90,2026-02-04 12:21:58.793815,,,,,,
ELEC-day4,0.0,0.0,0.0,,,90,2026-02-04 12:21:58.793815,,,,,,
ELEC-day5,0.0,0.0,0.0,,,90,2026-02-04 12:21:58.793815,,,,,,
ELEC-day6,0.0,0.0,0.0,,,90,2026-02-04 12:21:58.793815,,,,,,
ELEC-F,0.0,0.0,0.0,,,90,2026-02-04 12:21:58.793815,,,,,,
NG,2.24,2.22,2.26,800000.0,800000.0,91,2026-02-04 12:21:59.839773
ELEC-day2,0.0,0.0,0.0,,,91,2026-02-04 12:21:59.839773
ELEC-day3,0.0,0.0,0.0,,,91,2026-02-04 12:21:59.839773
ELEC-day4,0.0,0.0,0.0,,,91,2026-02-04 12:21:59.839773
ELEC-day5,0.0,0.0,0.0,,,91,2026-02-04 12:21:59.839773
ELEC-day6,0.0,0.0,0.0,,,91,2026-02-04 12:21:59.839773
ELEC-F,0.0,0.0,0.0,,,91,2026-02-04 12:21:59.839773
NG,2.24,2.22,2.26,800000.0,800000.0,92,2026-02-04 12:22:00.888143
ELEC-day2,0.0,0.0,0.0,,,92,2026-02-04 12:22:00.888143
ELEC-day3,0.0,0.0,0.0,,,92,2026-02-04 12:22:00.888143
ELEC-day4,0.0,0.0,0.0,,,92,2026-02-04 12:22:00.888143
ELEC-day5,0.0,0.0,0.0,,,92,2026-02-04 12:22:00.888143
ELEC-day6,0.0,0.0,0.0,,,92,2026-02-04 12:22:00.888143
ELEC-F,0.0,0.0,0.0,,,92,2026-02-04 12:22:00.888143
NG,2.23,2.21,2.25,800000.0,800000.0,93,2026-02-04 12:22:01.922387
ELEC-day2,0.0,0.0,0.0,,,93,2026-02-04 12:22:01.922387
ELEC-day3,0.0,0.0,0.0,,,93,2026-02-04 12:22:01.922387
ELEC-day4,0.0,0.0,0.0,,,93,2026-02-04 12:22:01.922387
ELEC-day5,0.0,0.0,0.0,,,93,2026-02-04 12:22:01.922387
ELEC-day6,0.0,0.0,0.0,,,93,2026-02-04 12:22:01.922387
ELEC-F,0.0,0.0,0.0,,,93,2026-02-04 12:22:01.922387
NG,2.24,2.22,2.26,800000.0,800000.0,94,2026-02-04 12:22:02.512742
ELEC-day2,0.0,0.0,0.0,,,94,2026-02-04 12:22:02.512742
ELEC-day3,0.0,0.0,0.0,,,94,2026-02-04 12:22:02.512742
ELEC-day4,0.0,0.0,0.0,,,94,2026-02-04 12:22:02.512742
ELEC-day5,0.0,0.0,0.0,,,94,2026-02-04 12:22:02.512742
ELEC-day6,0.0,0.0,0.0,,,94,2026-02-04 12:22:02.512742
ELEC-F,0.0,0.0,0.0,,,94,2026-02-04 12:22:02.512742
NG,2.24,2.22,2.26,800000.0,800000.0,95,2026-02-04 12:22:03.657884
ELEC-day2,0.0,0.0,0.0,,,95,2026-02-04 12:22:03.657884
ELEC-day3,0.0,0.0,0.0,,,95,2026-02-04 12:22:03.657884
ELEC-day4,0.0,0.0,0.0,,,95,2026-02-04 12:22:03.657884
ELEC-day5,0.0,0.0,0.0,,,95,2026-02-04 12:22:03.657884
ELEC-day6,0.0,0.0,0.0,,,95,2026-02-04 12:22:03.657884
ELEC-F,0.0,0.0,0.0,,,95,2026-02-04 12:22:03.657884
NG,2.24,2.22,2.26,800000.0,800000.0,96,2026-02-04 12:22:04.698409
ELEC-day2,0.0,0.0,0.0,,,96,2026-02-04 12:22:04.698409
ELEC-day3,0.0,0.0,0.0,,,96,2026-02-04 12:22:04.698409
ELEC-day4,0.0,0.0,0.0,,,96,2026-02-04 12:22:04.698409
ELEC-day5,0.0,0.0,0.0,,,96,2026-02-04 12:22:04.698409
ELEC-day6,0.0,0.0,0.0,,,96,2026-02-04 12:22:04.698409
ELEC-F,0.0,0.0,0.0,,,96,2026-02-04 12:22:04.698409
NG,2.24,2.22,2.26,800000.0,800000.0,97,2026-02-04 12:22:05.729740
ELEC-day2,0.0,0.0,0.0,,,97,2026-02-04 12:22:05.729740
ELEC-day3,0.0,0.0,0.0,,,97,2026-02-04 12:22:05.729740
ELEC-day4,0.0,0.0,0.0,,,97,2026-02-04 12:22:05.729740
ELEC-day5,0.0,0.0,0.0,,,97,2026-02-04 12:22:05.729740
ELEC-day6,0.0,0.0,0.0,,,97,2026-02-04 12:22:05.729740
ELEC-F,0.0,0.0,0.0,,,97,2026-02-04 12:22:05.729740
NG,2.25,2.23,2.27,800000.0,800000.0,98,2026-02-04 12:22:06.784135
ELEC-day2,0.0,0.0,0.0,,,98,2026-02-04 12:22:06.784135
ELEC-day3,0.0,0.0,0.0,,,98,2026-02-04 12:22:06.784135
ELEC-day4,0.0,0.0,0.0,,,98,2026-02-04 12:22:06.784135
ELEC-day5,0.0,0.0,0.0,,,98,2026-02-04 12:22:06.784135
ELEC-day6,0.0,0.0,0.0,,,98,2026-02-04 12:22:06.784135
ELEC-F,0.0,0.0,0.0,,,98,2026-02-04 12:22:06.784135
NG,2.26,2.24,2.28,800000.0,800000.0,99,2026-02-04 12:22:07.824398
ELEC-day2,0.0,0.0,0.0,,,99,2026-02-04 12:22:07.824398
ELEC-day3,0.0,0.0,0.0,,,99,2026-02-04 12:22:07.824398
ELEC-day4,0.0,0.0,0.0,,,99,2026-02-04 12:22:07.824398
ELEC-day5,0.0,0.0,0.0,,,99,2026-02-04 12:22:07.824398
ELEC-day6,0.0,0.0,0.0,,,99,2026-02-04 12:22:07.824398
ELEC-F,0.0,0.0,0.0,,,99,2026-02-04 12:22:07.824398
NG,2.25,2.23,2.27,800000.0,800000.0,100,2026-02-04 12:22:08.863632
ELEC-day2,0.0,0.0,0.0,,,100,2026-02-04 12:22:08.863632
ELEC-day3,0.0,0.0,0.0,,,100,2026-02-04 12:22:08.863632
ELEC-day4,0.0,0.0,0.0,,,100,2026-02-04 12:22:08.863632
ELEC-day5,0.0,0.0,0.0,,,100,2026-02-04 12:22:08.863632
ELEC-day6,0.0,0.0,0.0,,,100,2026-02-04 12:22:08.863632
ELEC-F,0.0,0.0,0.0,,,100,2026-02-04 12:22:08.863632
NG,2.26,2.24,2.28,800000.0,800000.0,101,2026-02-04 12:22:09.902180
ELEC-day2,0.0,0.0,0.0,,,101,2026-02-04 12:22:09.902180
ELEC-day3,0.0,0.0,0.0,,,101,2026-02-04 12:22:09.902180
ELEC-day4,0.0,0.0,0.0,,,101,2026-02-04 12:22:09.902180
ELEC-day5,0.0,0.0,0.0,,,101,2026-02-04 12:22:09.902180
ELEC-day6,0.0,0.0,0.0,,,101,2026-02-04 12:22:09.902180
ELEC-F,0.0,0.0,0.0,,,101,2026-02-04 12:22:09.902180
NG,2.25,2.23,2.27,800000.0,800000.0,102,2026-02-04 12:22:10.933703
ELEC-day2,0.0,0.0,0.0,,,102,2026-02-04 12:22:10.933703
ELEC-day3,0.0,0.0,0.0,,,102,2026-02-04 12:22:10.933703
ELEC-day4,0.0,0.0,0.0,,,102,2026-02-04 12:22:10.933703
ELEC-day5,0.0,0.0,0.0,,,102,2026-02-04 12:22:10.933703
ELEC-day6,0.0,0.0,0.0,,,102,2026-02-04 12:22:10.933703
ELEC-F,0.0,0.0,0.0,,,102,2026-02-04 12:22:10.933703
NG,2.24,2.22,2.26,800000.0,800000.0,103,2026-02-04 12:22:11.607514
ELEC-day2,0.0,0.0,0.0,,,103,2026-02-04 12:22:11.607514
ELEC-day3,0.0,0.0,0.0,,,103,2026-02-04 12:22:11.607514
ELEC-day4,0.0,0.0,0.0,,,103,2026-02-04 12:22:11.607514
ELEC-day5,0.0,0.0,0.0,,,103,2026-02-04 12:22:11.607514
ELEC-day6,0.0,0.0,0.0,,,103,2026-02-04 12:22:11.607514
ELEC-F,0.0,0.0,0.0,,,103,2026-02-04 12:22:11.607514
NG,2.24,2.22,2.26,800000.0,800000.0,104,2026-02-04 12:22:12.809609
ELEC-day2,0.0,0.0,0.0,,,104,2026-02-04 12:22:12.809609
ELEC-day3,0.0,0.0,0.0,,,104,2026-02-04 12:22:12.809609
ELEC-day4,0.0,0.0,0.0,,,104,2026-02-04 12:22:12.809609
ELEC-day5,0.0,0.0,0.0,,,104,2026-02-04 12:22:12.809609
ELEC-day6,0.0,0.0,0.0,,,104,2026-02-04 12:22:12.809609
ELEC-F,0.0,0.0,0.0,,,104,2026-02-04 12:22:12.809609
NG,2.25,2.23,2.27,800000.0,800000.0,105,2026-02-04 12:22:13.853443
ELEC-day2,0.0,0.0,0.0,,,105,2026-02-04 12:22:13.853443
ELEC-day3,0.0,0.0,0.0,,,105,2026-02-04 12:22:13.853443
ELEC-day4,0.0,0.0,0.0,,,105,2026-02-04 12:22:13.853443
ELEC-day5,0.0,0.0,0.0,,,105,2026-02-04 12:22:13.853443
ELEC-day6,0.0,0.0,0.0,,,105,2026-02-04 12:22:13.853443
ELEC-F,0.0,0.0,0.0,,,105,2026-02-04 12:22:13.853443
NG,2.25,2.23,2.27,800000.0,800000.0,106,2026-02-04 12:22:14.893897
ELEC-day2,0.0,0.0,0.0,,,106,2026-02-04 12:22:14.893897
ELEC-day3,0.0,0.0,0.0,,,106,2026-02-04 12:22:14.893897
ELEC-day4,0.0,0.0,0.0,,,106,2026-02-04 12:22:14.893897
ELEC-day5,0.0,0.0,0.0,,,106,2026-02-04 12:22:14.893897
ELEC-day6,0.0,0.0,0.0,,,106,2026-02-04 12:22:14.893897
ELEC-F,0.0,0.0,0.0,,,106,2026-02-04 12:22:14.893897
NG,2.26,2.24,2.28,800000.0,800000.0,107,2026-02-04 12:22:15.942088
ELEC-day2,0.0,0.0,0.0,,,107,2026-02-04 12:22:15.942088
ELEC-day3,0.0,0.0,0.0,,,107,2026-02-04 12:22:15.942088
ELEC-day4,0.0,0.0,0.0,,,107,2026-02-04 12:22:15.942088
ELEC-day5,0.0,0.0,0.0,,,107,2026-02-04 12:22:15.942088
ELEC-day6,0.0,0.0,0.0,,,107,2026-02-04 12:22:15.942088
ELEC-F,0.0,0.0,0.0,,,107,2026-02-04 12:22:15.942088
NG,2.26,2.24,2.28,800000.0,800000.0,108,2026-02-04 12:22:16.978632
ELEC-day2,0.0,0.0,0.0,,,108,2026-02-04 12:22:16.978632
ELEC-day3,0.0,0.0,0.0,,,108,2026-02-04 12:22:16.978632
ELEC-day4,0.0,0.0,0.0,,,108,2026-02-04 12:22:16.978632
ELEC-day5,0.0,0.0,0.0,,,108,2026-02-04 12:22:16.978632
ELEC-day6,0.0,0.0,0.0,,,108,2026-02-04 12:22:16.978632
ELEC-F,0.0,0.0,0.0,,,108,2026-02-04 12:22:16.978632
NG,2.25,2.23,2.27,800000.0,800000.0,109,2026-02-04 12:22:18.020772
ELEC-day2,0.0,0.0,0.0,,,109,2026-02-04 12:22:18.020772
ELEC-day3,0.0,0.0,0.0,,,109,2026-02-04 12:22:18.020772
ELEC-day4,0.0,0.0,0.0,,,109,2026-02-04 12:22:18.020772
ELEC-day5,0.0,0.0,0.0,,,109,2026-02-04 12:22:18.020772
ELEC-day6,0.0,0.0,0.0,,,109,2026-02-04 12:22:18.020772
ELEC-F,0.0,0.0,0.0,,,109,2026-02-04 12:22:18.020772
NG,2.25,2.23,2.27,800000.0,800000.0,110,2026-02-04 12:22:18.628132
ELEC-day2,0.0,0.0,0.0,,,110,2026-02-04 12:22:18.628132
ELEC-day3,0.0,0.0,0.0,,,110,2026-02-04 12:22:18.628132
ELEC-day4,0.0,0.0,0.0,,,110,2026-02-04 12:22:18.628132
ELEC-day5,0.0,0.0,0.0,,,110,2026-02-04 12:22:18.628132
ELEC-day6,0.0,0.0,0.0,,,110,2026-02-04 12:22:18.628132
ELEC-F,0.0,0.0,0.0,,,110,2026-02-04 12:22:18.628132
NG,2.26,2.24,2.28,800000.0,800000.0,111,2026-02-04 12:22:19.788781
ELEC-day2,0.0,0.0,0.0,,,111,2026-02-04 12:22:19.788781
ELEC-day3,0.0,0.0,0.0,,,111,2026-02-04 12:22:19.788781
ELEC-day4,0.0,0.0,0.0,,,111,2026-02-04 12:22:19.788781
ELEC-day5,0.0,0.0,0.0,,,111,2026-02-04 12:22:19.788781
ELEC-day6,0.0,0.0,0.0,,,111,2026-02-04 12:22:19.788781
ELEC-F,0.0,0.0,0.0,,,111,2026-02-04 12:22:19.788781
NG,2.26,2.24,2.28,800000.0,800000.0,112,2026-02-04 12:22:20.871012
ELEC-day2,0.0,0.0,0.0,,,112,2026-02-04 12:22:20.871012
ELEC-day3,0.0,0.0,0.0,,,112,2026-02-04 12:22:20.871012
ELEC-day4,0.0,0.0,0.0,,,112,2026-02-04 12:22:20.871012
ELEC-day5,0.0,0.0,0.0,,,112,2026-02-04 12:22:20.871012
ELEC-day6,0.0,0.0,0.0,,,112,2026-02-04 12:22:20.871012
ELEC-F,0.0,0.0,0.0,,,112,2026-02-04 12:22:20.871012
NG,2.28,2.26,2.3,800000.0,800000.0,113,2026-02-04 12:22:21.921725
ELEC-day2,0.0,0.0,0.0,,,113,2026-02-04 12:22:21.921725
ELEC-day3,0.0,0.0,0.0,,,113,2026-02-04 12:22:21.921725
ELEC-day4,0.0,0.0,0.0,,,113,2026-02-04 12:22:21.921725
ELEC-day5,0.0,0.0,0.0,,,113,2026-02-04 12:22:21.921725
ELEC-day6,0.0,0.0,0.0,,,113,2026-02-04 12:22:21.921725
ELEC-F,0.0,0.0,0.0,,,113,2026-02-04 12:22:21.921725
NG,2.27,2.25,2.29,800000.0,800000.0,114,2026-02-04 12:22:22.956802
ELEC-day2,0.0,0.0,0.0,,,114,2026-02-04 12:22:22.956802
ELEC-day3,0.0,0.0,0.0,,,114,2026-02-04 12:22:22.956802
ELEC-day4,0.0,0.0,0.0,,,114,2026-02-04 12:22:22.956802
ELEC-day5,0.0,0.0,0.0,,,114,2026-02-04 12:22:22.956802
ELEC-day6,0.0,0.0,0.0,,,114,2026-02-04 12:22:22.956802
ELEC-F,0.0,0.0,0.0,,,114,2026-02-04 12:22:22.956802
NG,2.26,2.24,2.28,800000.0,800000.0,115,2026-02-04 12:22:23.998011
ELEC-day2,0.0,0.0,0.0,,,115,2026-02-04 12:22:23.998011
ELEC-day3,0.0,0.0,0.0,,,115,2026-02-04 12:22:23.998011
ELEC-day4,0.0,0.0,0.0,,,115,2026-02-04 12:22:23.998011
ELEC-day5,0.0,0.0,0.0,,,115,2026-02-04 12:22:23.998011
ELEC-day6,0.0,0.0,0.0,,,115,2026-02-04 12:22:23.998011
ELEC-F,0.0,0.0,0.0,,,115,2026-02-04 12:22:23.998011
NG,2.26,2.24,2.28,800000.0,800000.0,116,2026-02-04 12:22:24.652246
ELEC-day2,0.0,0.0,0.0,,,116,2026-02-04 12:22:24.652246
ELEC-day3,0.0,0.0,0.0,,,116,2026-02-04 12:22:24.652246
ELEC-day4,0.0,0.0,0.0,,,116,2026-02-04 12:22:24.652246
ELEC-day5,0.0,0.0,0.0,,,116,2026-02-04 12:22:24.652246
ELEC-day6,0.0,0.0,0.0,,,116,2026-02-04 12:22:24.652246
ELEC-F,0.0,0.0,0.0,,,116,2026-02-04 12:22:24.652246
NG,2.27,2.25,2.29,800000.0,800000.0,117,2026-02-04 12:22:25.798556
ELEC-day2,0.0,0.0,0.0,,,117,2026-02-04 12:22:25.798556
ELEC-day3,0.0,0.0,0.0,,,117,2026-02-04 12:22:25.798556
ELEC-day4,0.0,0.0,0.0,,,117,2026-02-04 12:22:25.798556
ELEC-day5,0.0,0.0,0.0,,,117,2026-02-04 12:22:25.798556
ELEC-day6,0.0,0.0,0.0,,,117,2026-02-04 12:22:25.798556
ELEC-F,0.0,0.0,0.0,,,117,2026-02-04 12:22:25.798556
NG,2.27,2.25,2.29,800000.0,800000.0,118,2026-02-04 12:22:26.839010
ELEC-day2,0.0,0.0,0.0,,,118,2026-02-04 12:22:26.839010
ELEC-day3,0.0,0.0,0.0,,,118,2026-02-04 12:22:26.839010
ELEC-day4,0.0,0.0,0.0,,,118,2026-02-04 12:22:26.839010
ELEC-day5,0.0,0.0,0.0,,,118,2026-02-04 12:22:26.839010
ELEC-day6,0.0,0.0,0.0,,,118,2026-02-04 12:22:26.839010
ELEC-F,0.0,0.0,0.0,,,118,2026-02-04 12:22:26.839010
NG,2.27,2.25,2.29,800000.0,800000.0,119,2026-02-04 12:22:27.874527
ELEC-day2,0.0,0.0,0.0,,,119,2026-02-04 12:22:27.874527
ELEC-day3,0.0,0.0,0.0,,,119,2026-02-04 12:22:27.874527
ELEC-day4,0.0,0.0,0.0,,,119,2026-02-04 12:22:27.874527
ELEC-day5,0.0,0.0,0.0,,,119,2026-02-04 12:22:27.874527
ELEC-day6,0.0,0.0,0.0,,,119,2026-02-04 12:22:27.874527
ELEC-F,0.0,0.0,0.0,,,119,2026-02-04 12:22:27.874527
NG,2.26,2.24,2.28,800000.0,800000.0,120,2026-02-04 12:22:28.914465
ELEC-day2,0.0,0.0,0.0,,,120,2026-02-04 12:22:28.914465
ELEC-day3,0.0,0.0,0.0,,,120,2026-02-04 12:22:28.914465
ELEC-day4,0.0,0.0,0.0,,,120,2026-02-04 12:22:28.914465
ELEC-day5,0.0,0.0,0.0,,,120,2026-02-04 12:22:28.914465
ELEC-day6,0.0,0.0,0.0,,,120,2026-02-04 12:22:28.914465
ELEC-F,0.0,0.0,0.0,,,120,2026-02-04 12:22:28.914465
NG,2.26,2.24,2.28,800000.0,800000.0,121,2026-02-04 12:22:29.946289
ELEC-day2,0.0,0.0,0.0,,,121,2026-02-04 12:22:29.946289
ELEC-day3,0.0,0.0,0.0,,,121,2026-02-04 12:22:29.946289
ELEC-day4,0.0,0.0,0.0,,,121,2026-02-04 12:22:29.946289
ELEC-day5,0.0,0.0,0.0,,,121,2026-02-04 12:22:29.946289
ELEC-day6,0.0,0.0,0.0,,,121,2026-02-04 12:22:29.946289
ELEC-F,0.0,0.0,0.0,,,121,2026-02-04 12:22:29.946289
NG,2.25,2.23,2.27,800000.0,800000.0,122,2026-02-04 12:22:30.978677
ELEC-day2,0.0,0.0,0.0,,,122,2026-02-04 12:22:30.978677
ELEC-day3,0.0,0.0,0.0,,,122,2026-02-04 12:22:30.978677
ELEC-day4,0.0,0.0,0.0,,,122,2026-02-04 12:22:30.978677
ELEC-day5,0.0,0.0,0.0,,,122,2026-02-04 12:22:30.978677
ELEC-day6,0.0,0.0,0.0,,,122,2026-02-04 12:22:30.978677
ELEC-F,0.0,0.0,0.0,,,122,2026-02-04 12:22:30.978677
NG,2.25,2.23,2.27,800000.0,800000.0,123,2026-02-04 12:22:32.009790
ELEC-day2,0.0,0.0,0.0,,,123,2026-02-04 12:22:32.009790
ELEC-day3,0.0,0.0,0.0,,,123,2026-02-04 12:22:32.009790
ELEC-day4,0.0,0.0,0.0,,,123,2026-02-04 12:22:32.009790
ELEC-day5,0.0,0.0,0.0,,,123,2026-02-04 12:22:32.009790
ELEC-day6,0.0,0.0,0.0,,,123,2026-02-04 12:22:32.009790
ELEC-F,0.0,0.0,0.0,,,123,2026-02-04 12:22:32.009790
NG,2.25,2.23,2.27,800000.0,800000.0,124,2026-02-04 12:22:33.085340
ELEC-day2,0.0,0.0,0.0,,,124,2026-02-04 12:22:33.085340
ELEC-day3,0.0,0.0,0.0,,,124,2026-02-04 12:22:33.085340
ELEC-day4,0.0,0.0,0.0,,,124,2026-02-04 12:22:33.085340
ELEC-day5,0.0,0.0,0.0,,,124,2026-02-04 12:22:33.085340
ELEC-day6,0.0,0.0,0.0,,,124,2026-02-04 12:22:33.085340
ELEC-F,0.0,0.0,0.0,,,124,2026-02-04 12:22:33.085340
NG,2.25,2.23,2.27,800000.0,800000.0,125,2026-02-04 12:22:33.693953
ELEC-day2,0.0,0.0,0.0,,,125,2026-02-04 12:22:33.693953
ELEC-day3,0.0,0.0,0.0,,,125,2026-02-04 12:22:33.693953
ELEC-day4,0.0,0.0,0.0,,,125,2026-02-04 12:22:33.693953
ELEC-day5,0.0,0.0,0.0,,,125,2026-02-04 12:22:33.693953
ELEC-day6,0.0,0.0,0.0,,,125,2026-02-04 12:22:33.693953
ELEC-F,0.0,0.0,0.0,,,125,2026-02-04 12:22:33.693953
NG,2.25,2.23,2.27,800000.0,800000.0,126,2026-02-04 12:22:34.832334
ELEC-day2,0.0,0.0,0.0,,,126,2026-02-04 12:22:34.832334
ELEC-day3,0.0,0.0,0.0,,,126,2026-02-04 12:22:34.832334
ELEC-day4,0.0,0.0,0.0,,,126,2026-02-04 12:22:34.832334
ELEC-day5,0.0,0.0,0.0,,,126,2026-02-04 12:22:34.832334
ELEC-day6,0.0,0.0,0.0,,,126,2026-02-04 12:22:34.832334
ELEC-F,0.0,0.0,0.0,,,126,2026-02-04 12:22:34.832334
NG,2.25,2.23,2.27,800000.0,800000.0,127,2026-02-04 12:22:35.871481
ELEC-day2,0.0,0.0,0.0,,,127,2026-02-04 12:22:35.871481
ELEC-day3,0.0,0.0,0.0,,,127,2026-02-04 12:22:35.871481
ELEC-day4,0.0,0.0,0.0,,,127,2026-02-04 12:22:35.871481
ELEC-day5,0.0,0.0,0.0,,,127,2026-02-04 12:22:35.871481
ELEC-day6,0.0,0.0,0.0,,,127,2026-02-04 12:22:35.871481
ELEC-F,0.0,0.0,0.0,,,127,2026-02-04 12:22:35.871481
NG,2.25,2.23,2.27,800000.0,800000.0,128,2026-02-04 12:22:36.919551
ELEC-day2,0.0,0.0,0.0,,,128,2026-02-04 12:22:36.919551
ELEC-day3,0.0,0.0,0.0,,,128,2026-02-04 12:22:36.919551
ELEC-day4,0.0,0.0,0.0,,,128,2026-02-04 12:22:36.919551
ELEC-day5,0.0,0.0,0.0,,,128,2026-02-04 12:22:36.919551
ELEC-day6,0.0,0.0,0.0,,,128,2026-02-04 12:22:36.919551
ELEC-F,0.0,0.0,0.0,,,128,2026-02-04 12:22:36.919551
NG,2.23,2.21,2.25,800000.0,800000.0,129,2026-02-04 12:22:37.964730
ELEC-day2,0.0,0.0,0.0,,,129,2026-02-04 12:22:37.964730
ELEC-day3,0.0,0.0,0.0,,,129,2026-02-04 12:22:37.964730
ELEC-day4,0.0,0.0,0.0,,,129,2026-02-04 12:22:37.964730
ELEC-day5,0.0,0.0,0.0,,,129,2026-02-04 12:22:37.964730
ELEC-day6,0.0,0.0,0.0,,,129,2026-02-04 12:22:37.964730
ELEC-F,0.0,0.0,0.0,,,129,2026-02-04 12:22:37.964730
NG,2.23,2.21,2.25,800000.0,800000.0,130,2026-02-04 12:22:39.014044
ELEC-day2,0.0,0.0,0.0,,,130,2026-02-04 12:22:39.014044
ELEC-day3,0.0,0.0,0.0,,,130,2026-02-04 12:22:39.014044
ELEC-day4,0.0,0.0,0.0,,,130,2026-02-04 12:22:39.014044
ELEC-day5,0.0,0.0,0.0,,,130,2026-02-04 12:22:39.014044
ELEC-day6,0.0,0.0,0.0,,,130,2026-02-04 12:22:39.014044
ELEC-F,0.0,0.0,0.0,,,130,2026-02-04 12:22:39.014044
NG,2.23,2.21,2.25,800000.0,800000.0,131,2026-02-04 12:22:40.073556
ELEC-day2,0.0,0.0,0.0,,,131,2026-02-04 12:22:40.073556
ELEC-day3,0.0,0.0,0.0,,,131,2026-02-04 12:22:40.073556
ELEC-day4,0.0,0.0,0.0,,,131,2026-02-04 12:22:40.073556
ELEC-day5,0.0,0.0,0.0,,,131,2026-02-04 12:22:40.073556
ELEC-day6,0.0,0.0,0.0,,,131,2026-02-04 12:22:40.073556
ELEC-F,0.0,0.0,0.0,,,131,2026-02-04 12:22:40.073556
NG,2.22,2.2,2.24,800000.0,800000.0,132,2026-02-04 12:22:41.113540
ELEC-day2,0.0,0.0,0.0,,,132,2026-02-04 12:22:41.113540
ELEC-day3,0.0,0.0,0.0,,,132,2026-02-04 12:22:41.113540
ELEC-day4,0.0,0.0,0.0,,,132,2026-02-04 12:22:41.113540
ELEC-day5,0.0,0.0,0.0,,,132,2026-02-04 12:22:41.113540
ELEC-day6,0.0,0.0,0.0,,,132,2026-02-04 12:22:41.113540
ELEC-F,0.0,0.0,0.0,,,132,2026-02-04 12:22:41.113540
NG,2.22,2.2,2.24,800000.0,800000.0,133,2026-02-04 12:22:42.151927
ELEC-day2,0.0,0.0,0.0,,,133,2026-02-04 12:22:42.151927
ELEC-day3,0.0,0.0,0.0,,,133,2026-02-04 12:22:42.151927
ELEC-day4,0.0,0.0,0.0,,,133,2026-02-04 12:22:42.151927
ELEC-day5,0.0,0.0,0.0,,,133,2026-02-04 12:22:42.151927
ELEC-day6,0.0,0.0,0.0,,,133,2026-02-04 12:22:42.151927
ELEC-F,0.0,0.0,0.0,,,133,2026-02-04 12:22:42.151927
NG,2.22,2.2,2.24,800000.0,800000.0,134,2026-02-04 12:22:42.757030
ELEC-day2,0.0,0.0,0.0,,,134,2026-02-04 12:22:42.757030
ELEC-day3,0.0,0.0,0.0,,,134,2026-02-04 12:22:42.757030
ELEC-day4,0.0,0.0,0.0,,,134,2026-02-04 12:22:42.757030
ELEC-day5,0.0,0.0,0.0,,,134,2026-02-04 12:22:42.757030
ELEC-day6,0.0,0.0,0.0,,,134,2026-02-04 12:22:42.757030
ELEC-F,0.0,0.0,0.0,,,134,2026-02-04 12:22:42.757030
NG,2.21,2.19,2.23,800000.0,800000.0,135,2026-02-04 12:22:43.875250
ELEC-day2,0.0,0.0,0.0,,,135,2026-02-04 12:22:43.875250
ELEC-day3,0.0,0.0,0.0,,,135,2026-02-04 12:22:43.875250
ELEC-day4,0.0,0.0,0.0,,,135,2026-02-04 12:22:43.875250
ELEC-day5,0.0,0.0,0.0,,,135,2026-02-04 12:22:43.875250
ELEC-day6,0.0,0.0,0.0,,,135,2026-02-04 12:22:43.875250
ELEC-F,0.0,0.0,0.0,,,135,2026-02-04 12:22:43.875250
NG,2.2,2.18,2.22,800000.0,800000.0,136,2026-02-04 12:22:44.925373
ELEC-day2,0.0,0.0,0.0,,,136,2026-02-04 12:22:44.925373
ELEC-day3,0.0,0.0,0.0,,,136,2026-02-04 12:22:44.925373
ELEC-day4,0.0,0.0,0.0,,,136,2026-02-04 12:22:44.925373
ELEC-day5,0.0,0.0,0.0,,,136,2026-02-04 12:22:44.925373
ELEC-day6,0.0,0.0,0.0,,,136,2026-02-04 12:22:44.925373
ELEC-F,0.0,0.0,0.0,,,136,2026-02-04 12:22:44.925373
NG,2.21,2.19,2.23,800000.0,800000.0,137,2026-02-04 12:22:45.964118
ELEC-day2,0.0,0.0,0.0,,,137,2026-02-04 12:22:45.964118
ELEC-day3,0.0,0.0,0.0,,,137,2026-02-04 12:22:45.964118
ELEC-day4,0.0,0.0,0.0,,,137,2026-02-04 12:22:45.964118
ELEC-day5,0.0,0.0,0.0,,,137,2026-02-04 12:22:45.964118
ELEC-day6,0.0,0.0,0.0,,,137,2026-02-04 12:22:45.964118
ELEC-F,0.0,0.0,0.0,,,137,2026-02-04 12:22:45.964118
NG,2.21,2.19,2.23,800000.0,800000.0,138,2026-02-04 12:22:47.004665
ELEC-day2,0.0,0.0,0.0,,,138,2026-02-04 12:22:47.004665
ELEC-day3,0.0,0.0,0.0,,,138,2026-02-04 12:22:47.004665
ELEC-day4,0.0,0.0,0.0,,,138,2026-02-04 12:22:47.004665
ELEC-day5,0.0,0.0,0.0,,,138,2026-02-04 12:22:47.004665
ELEC-day6,0.0,0.0,0.0,,,138,2026-02-04 12:22:47.004665
ELEC-F,0.0,0.0,0.0,,,138,2026-02-04 12:22:47.004665
NG,2.21,2.19,2.23,800000.0,800000.0,139,2026-02-04 12:22:48.047909
ELEC-day2,0.0,0.0,0.0,,,139,2026-02-04 12:22:48.047909
ELEC-day3,0.0,0.0,0.0,,,139,2026-02-04 12:22:48.047909
ELEC-day4,0.0,0.0,0.0,,,139,2026-02-04 12:22:48.047909
ELEC-day5,0.0,0.0,0.0,,,139,2026-02-04 12:22:48.047909
ELEC-day6,0.0,0.0,0.0,,,139,2026-02-04 12:22:48.047909
ELEC-F,0.0,0.0,0.0,,,139,2026-02-04 12:22:48.047909
NG,2.2,2.18,2.22,800000.0,800000.0,140,2026-02-04 12:22:49.080021
ELEC-day2,0.0,0.0,0.0,,,140,2026-02-04 12:22:49.080021
ELEC-day3,0.0,0.0,0.0,,,140,2026-02-04 12:22:49.080021
ELEC-day4,0.0,0.0,0.0,,,140,2026-02-04 12:22:49.080021
ELEC-day5,0.0,0.0,0.0,,,140,2026-02-04 12:22:49.080021
ELEC-day6,0.0,0.0,0.0,,,140,2026-02-04 12:22:49.080021
ELEC-F,0.0,0.0,0.0,,,140,2026-02-04 12:22:49.080021
NG,2.21,2.19,2.23,800000.0,800000.0,141,2026-02-04 12:22:50.118075
ELEC-day2,0.0,0.0,0.0,,,141,2026-02-04 12:22:50.118075
ELEC-day3,0.0,0.0,0.0,,,141,2026-02-04 12:22:50.118075
ELEC-day4,0.0,0.0,0.0,,,141,2026-02-04 12:22:50.118075
ELEC-day5,0.0,0.0,0.0,,,141,2026-02-04 12:22:50.118075
ELEC-day6,0.0,0.0,0.0,,,141,2026-02-04 12:22:50.118075
ELEC-F,0.0,0.0,0.0,,,141,2026-02-04 12:22:50.118075
NG,2.21,2.19,2.23,800000.0,800000.0,142,2026-02-04 12:22:51.155518
ELEC-day2,0.0,0.0,0.0,,,142,2026-02-04 12:22:51.155518
ELEC-day3,0.0,0.0,0.0,,,142,2026-02-04 12:22:51.155518
ELEC-day4,0.0,0.0,0.0,,,142,2026-02-04 12:22:51.155518
ELEC-day5,0.0,0.0,0.0,,,142,2026-02-04 12:22:51.155518
ELEC-day6,0.0,0.0,0.0,,,142,2026-02-04 12:22:51.155518
ELEC-F,0.0,0.0,0.0,,,142,2026-02-04 12:22:51.155518
NG,2.22,2.2,2.24,800000.0,800000.0,143,2026-02-04 12:22:52.190328
ELEC-day2,0.0,0.0,0.0,,,143,2026-02-04 12:22:52.190328
ELEC-day3,0.0,0.0,0.0,,,143,2026-02-04 12:22:52.190328
ELEC-day4,0.0,0.0,0.0,,,143,2026-02-04 12:22:52.190328
ELEC-day5,0.0,0.0,0.0,,,143,2026-02-04 12:22:52.190328
ELEC-day6,0.0,0.0,0.0,,,143,2026-02-04 12:22:52.190328
ELEC-F,0.0,0.0,0.0,,,143,2026-02-04 12:22:52.190328
NG,2.22,2.2,2.24,800000.0,800000.0,144,2026-02-04 12:22:53.304362
ELEC-day2,0.0,0.0,0.0,,,144,2026-02-04 12:22:53.304362
ELEC-day3,0.0,0.0,0.0,,,144,2026-02-04 12:22:53.304362
ELEC-day4,0.0,0.0,0.0,,,144,2026-02-04 12:22:53.304362
ELEC-day5,0.0,0.0,0.0,,,144,2026-02-04 12:22:53.304362
ELEC-day6,0.0,0.0,0.0,,,144,2026-02-04 12:22:53.304362
ELEC-F,0.0,0.0,0.0,,,144,2026-02-04 12:22:53.304362
NG,2.22,2.2,2.24,800000.0,800000.0,145,2026-02-04 12:22:53.830042
ELEC-day2,0.0,0.0,0.0,,,145,2026-02-04 12:22:53.830042
ELEC-day3,0.0,0.0,0.0,,,145,2026-02-04 12:22:53.830042
ELEC-day4,0.0,0.0,0.0,,,145,2026-02-04 12:22:53.830042
ELEC-day5,0.0,0.0,0.0,,,145,2026-02-04 12:22:53.830042
ELEC-day6,0.0,0.0,0.0,,,145,2026-02-04 12:22:53.830042
ELEC-F,0.0,0.0,0.0,,,145,2026-02-04 12:22:53.830042
NG,2.23,2.21,2.25,800000.0,800000.0,146,2026-02-04 12:22:54.932046
ELEC-day2,0.0,0.0,0.0,,,146,2026-02-04 12:22:54.932046
ELEC-day3,0.0,0.0,0.0,,,146,2026-02-04 12:22:54.932046
ELEC-day4,0.0,0.0,0.0,,,146,2026-02-04 12:22:54.932046
ELEC-day5,0.0,0.0,0.0,,,146,2026-02-04 12:22:54.932046
ELEC-day6,0.0,0.0,0.0,,,146,2026-02-04 12:22:54.932046
ELEC-F,0.0,0.0,0.0,,,146,2026-02-04 12:22:54.932046
NG,2.22,2.2,2.24,800000.0,800000.0,147,2026-02-04 12:22:55.961172
ELEC-day2,0.0,0.0,0.0,,,147,2026-02-04 12:22:55.961172
ELEC-day3,0.0,0.0,0.0,,,147,2026-02-04 12:22:55.961172
ELEC-day4,0.0,0.0,0.0,,,147,2026-02-04 12:22:55.961172
ELEC-day5,0.0,0.0,0.0,,,147,2026-02-04 12:22:55.961172
ELEC-day6,0.0,0.0,0.0,,,147,2026-02-04 12:22:55.961172
ELEC-F,0.0,0.0,0.0,,,147,2026-02-04 12:22:55.961172
NG,2.22,2.2,2.24,800000.0,800000.0,148,2026-02-04 12:22:57.009997
ELEC-day2,0.0,0.0,0.0,,,148,2026-02-04 12:22:57.009997
ELEC-day3,0.0,0.0,0.0,,,148,2026-02-04 12:22:57.009997
ELEC-day4,0.0,0.0,0.0,,,148,2026-02-04 12:22:57.009997
ELEC-day5,0.0,0.0,0.0,,,148,2026-02-04 12:22:57.009997
ELEC-day6,0.0,0.0,0.0,,,148,2026-02-04 12:22:57.009997
ELEC-F,0.0,0.0,0.0,,,148,2026-02-04 12:22:57.009997
NG,2.21,2.19,2.23,800000.0,800000.0,149,2026-02-04 12:22:58.052092
ELEC-day2,0.0,0.0,0.0,,,149,2026-02-04 12:22:58.052092
ELEC-day3,0.0,0.0,0.0,,,149,2026-02-04 12:22:58.052092
ELEC-day4,0.0,0.0,0.0,,,149,2026-02-04 12:22:58.052092
ELEC-day5,0.0,0.0,0.0,,,149,2026-02-04 12:22:58.052092
ELEC-day6,0.0,0.0,0.0,,,149,2026-02-04 12:22:58.052092
ELEC-F,0.0,0.0,0.0,,,149,2026-02-04 12:22:58.052092
NG,2.22,2.2,2.24,800000.0,800000.0,150,2026-02-04 12:22:59.087003,7.0,1.0,149.0,,PRICE AND VOLUME BULLETIN,"Given the expected supply and demand in the market, the Regulatory Authority for Electricity board expects that the price for tomorrow will be between $13.46 and $23.46.<br><br>There will be 728 contracts available in the entire ELEC market, 364 contracts for buying and 364 contracts for selling. There are a total of 19 Producers, 19 Distributors and 38 Traders in the market.<br><br>Please note that the RAE will charge a bid-ask spread of 1 cent"
ELEC-day2,0.0,0.0,0.0,,,150,2026-02-04 12:22:59.087003,6.0,1.0,149.0,,SUNLIGHT Forecast for DAY 2,There will be 13 hours of sunlight tomorrow.
ELEC-day3,0.0,0.0,0.0,,,150,2026-02-04 12:22:59.087003,,,,,,
ELEC-day4,0.0,0.0,0.0,,,150,2026-02-04 12:22:59.087003,,,,,,
ELEC-day5,0.0,0.0,0.0,,,150,2026-02-04 12:22:59.087003,,,,,,
ELEC-day6,0.0,0.0,0.0,,,150,2026-02-04 12:22:59.087003,,,,,,
ELEC-F,0.0,0.0,0.0,,,150,2026-02-04 12:22:59.087003,,,,,,
NG,2.21,2.19,2.23,800000.0,800000.0,151,2026-02-04 12:23:00.129559
ELEC-day2,0.0,0.0,0.0,,,151,2026-02-04 12:23:00.129559
ELEC-day3,0.0,0.0,0.0,,,151,2026-02-04 12:23:00.129559
ELEC-day4,0.0,0.0,0.0,,,151,2026-02-04 12:23:00.129559
ELEC-day5,0.0,0.0,0.0,,,151,2026-02-04 12:23:00.129559
ELEC-day6,0.0,0.0,0.0,,,151,2026-02-04 12:23:00.129559
ELEC-F,0.0,0.0,0.0,,,151,2026-02-04 12:23:00.129559
NG,2.21,2.19,2.23,800000.0,800000.0,152,2026-02-04 12:23:01.167657
ELEC-day2,0.0,0.0,0.0,,,152,2026-02-04 12:23:01.167657
ELEC-day3,0.0,0.0,0.0,,,152,2026-02-04 12:23:01.167657
ELEC-day4,0.0,0.0,0.0,,,152,2026-02-04 12:23:01.167657
ELEC-day5,0.0,0.0,0.0,,,152,2026-02-04 12:23:01.167657
ELEC-day6,0.0,0.0,0.0,,,152,2026-02-04 12:23:01.167657
ELEC-F,0.0,0.0,0.0,,,152,2026-02-04 12:23:01.167657
NG,2.21,2.19,2.23,800000.0,800000.0,153,2026-02-04 12:23:02.214387
ELEC-day2,0.0,0.0,0.0,,,153,2026-02-04 12:23:02.214387
ELEC-day3,0.0,0.0,0.0,,,153,2026-02-04 12:23:02.214387
ELEC-day4,0.0,0.0,0.0,,,153,2026-02-04 12:23:02.214387
ELEC-day5,0.0,0.0,0.0,,,153,2026-02-04 12:23:02.214387
ELEC-day6,0.0,0.0,0.0,,,153,2026-02-04 12:23:02.214387
ELEC-F,0.0,0.0,0.0,,,153,2026-02-04 12:23:02.214387
NG,2.21,2.19,2.23,800000.0,800000.0,154,2026-02-04 12:23:03.251077
ELEC-day2,0.0,0.0,0.0,,,154,2026-02-04 12:23:03.251077
ELEC-day3,0.0,0.0,0.0,,,154,2026-02-04 12:23:03.251077
ELEC-day4,0.0,0.0,0.0,,,154,2026-02-04 12:23:03.251077
ELEC-day5,0.0,0.0,0.0,,,154,2026-02-04 12:23:03.251077
ELEC-day6,0.0,0.0,0.0,,,154,2026-02-04 12:23:03.251077
ELEC-F,0.0,0.0,0.0,,,154,2026-02-04 12:23:03.251077
NG,2.21,2.19,2.23,800000.0,800000.0,155,2026-02-04 12:23:03.840531
ELEC-day2,0.0,0.0,0.0,,,155,2026-02-04 12:23:03.840531
ELEC-day3,0.0,0.0,0.0,,,155,2026-02-04 12:23:03.840531
ELEC-day4,0.0,0.0,0.0,,,155,2026-02-04 12:23:03.840531
ELEC-day5,0.0,0.0,0.0,,,155,2026-02-04 12:23:03.840531
ELEC-day6,0.0,0.0,0.0,,,155,2026-02-04 12:23:03.840531
ELEC-F,0.0,0.0,0.0,,,155,2026-02-04 12:23:03.840531
NG,2.22,2.2,2.24,800000.0,800000.0,156,2026-02-04 12:23:04.945039
ELEC-day2,0.0,0.0,0.0,,,156,2026-02-04 12:23:04.945039
ELEC-day3,0.0,0.0,0.0,,,156,2026-02-04 12:23:04.945039
ELEC-day4,0.0,0.0,0.0,,,156,2026-02-04 12:23:04.945039
ELEC-day5,0.0,0.0,0.0,,,156,2026-02-04 12:23:04.945039
ELEC-day6,0.0,0.0,0.0,,,156,2026-02-04 12:23:04.945039
ELEC-F,0.0,0.0,0.0,,,156,2026-02-04 12:23:04.945039
NG,2.22,2.2,2.24,800000.0,800000.0,157,2026-02-04 12:23:05.991457
ELEC-day2,0.0,0.0,0.0,,,157,2026-02-04 12:23:05.991457
ELEC-day3,0.0,0.0,0.0,,,157,2026-02-04 12:23:05.991457
ELEC-day4,0.0,0.0,0.0,,,157,2026-02-04 12:23:05.991457
ELEC-day5,0.0,0.0,0.0,,,157,2026-02-04 12:23:05.991457
ELEC-day6,0.0,0.0,0.0,,,157,2026-02-04 12:23:05.991457
ELEC-F,0.0,0.0,0.0,,,157,2026-02-04 12:23:05.991457
NG,2.22,2.2,2.24,800000.0,800000.0,158,2026-02-04 12:23:07.046729
ELEC-day2,0.0,0.0,0.0,,,158,2026-02-04 12:23:07.046729
ELEC-day3,0.0,0.0,0.0,,,158,2026-02-04 12:23:07.046729
ELEC-day4,0.0,0.0,0.0,,,158,2026-02-04 12:23:07.046729
ELEC-day5,0.0,0.0,0.0,,,158,2026-02-04 12:23:07.046729
ELEC-day6,0.0,0.0,0.0,,,158,2026-02-04 12:23:07.046729
ELEC-F,0.0,0.0,0.0,,,158,2026-02-04 12:23:07.046729
NG,2.22,2.2,2.24,800000.0,800000.0,159,2026-02-04 12:23:08.098019
ELEC-day2,0.0,0.0,0.0,,,159,2026-02-04 12:23:08.098019
ELEC-day3,0.0,0.0,0.0,,,159,2026-02-04 12:23:08.098019
ELEC-day4,0.0,0.0,0.0,,,159,2026-02-04 12:23:08.098019
ELEC-day5,0.0,0.0,0.0,,,159,2026-02-04 12:23:08.098019
ELEC-day6,0.0,0.0,0.0,,,159,2026-02-04 12:23:08.098019
ELEC-F,0.0,0.0,0.0,,,159,2026-02-04 12:23:08.098019
NG,2.23,2.21,2.25,800000.0,800000.0,160,2026-02-04 12:23:09.129647
ELEC-day2,0.0,0.0,0.0,,,160,2026-02-04 12:23:09.129647
ELEC-day3,0.0,0.0,0.0,,,160,2026-02-04 12:23:09.129647
ELEC-day4,0.0,0.0,0.0,,,160,2026-02-04 12:23:09.129647
ELEC-day5,0.0,0.0,0.0,,,160,2026-02-04 12:23:09.129647
ELEC-day6,0.0,0.0,0.0,,,160,2026-02-04 12:23:09.129647
ELEC-F,0.0,0.0,0.0,,,160,2026-02-04 12:23:09.129647
NG,2.22,2.2,2.24,800000.0,800000.0,161,2026-02-04 12:23:10.166079
ELEC-day2,0.0,0.0,0.0,,,161,2026-02-04 12:23:10.166079
ELEC-day3,0.0,0.0,0.0,,,161,2026-02-04 12:23:10.166079
ELEC-day4,0.0,0.0,0.0,,,161,2026-02-04 12:23:10.166079
ELEC-day5,0.0,0.0,0.0,,,161,2026-02-04 12:23:10.166079
ELEC-day6,0.0,0.0,0.0,,,161,2026-02-04 12:23:10.166079
ELEC-F,0.0,0.0,0.0,,,161,2026-02-04 12:23:10.166079
NG,2.2,2.18,2.22,800000.0,800000.0,162,2026-02-04 12:23:11.208150
ELEC-day2,0.0,0.0,0.0,,,162,2026-02-04 12:23:11.208150
ELEC-day3,0.0,0.0,0.0,,,162,2026-02-04 12:23:11.208150
ELEC-day4,0.0,0.0,0.0,,,162,2026-02-04 12:23:11.208150
ELEC-day5,0.0,0.0,0.0,,,162,2026-02-04 12:23:11.208150
ELEC-day6,0.0,0.0,0.0,,,162,2026-02-04 12:23:11.208150
ELEC-F,0.0,0.0,0.0,,,162,2026-02-04 12:23:11.208150
NG,2.2,2.18,2.22,800000.0,800000.0,163,2026-02-04 12:23:12.237507
ELEC-day2,0.0,0.0,0.0,,,163,2026-02-04 12:23:12.237507
ELEC-day3,0.0,0.0,0.0,,,163,2026-02-04 12:23:12.237507
ELEC-day4,0.0,0.0,0.0,,,163,2026-02-04 12:23:12.237507
ELEC-day5,0.0,0.0,0.0,,,163,2026-02-04 12:23:12.237507
ELEC-day6,0.0,0.0,0.0,,,163,2026-02-04 12:23:12.237507
ELEC-F,0.0,0.0,0.0,,,163,2026-02-04 12:23:12.237507
NG,2.21,2.19,2.23,800000.0,800000.0,164,2026-02-04 12:23:13.285393
ELEC-day2,0.0,0.0,0.0,,,164,2026-02-04 12:23:13.285393
ELEC-day3,0.0,0.0,0.0,,,164,2026-02-04 12:23:13.285393
ELEC-day4,0.0,0.0,0.0,,,164,2026-02-04 12:23:13.285393
ELEC-day5,0.0,0.0,0.0,,,164,2026-02-04 12:23:13.285393
ELEC-day6,0.0,0.0,0.0,,,164,2026-02-04 12:23:13.285393
ELEC-F,0.0,0.0,0.0,,,164,2026-02-04 12:23:13.285393
NG,2.21,2.19,2.23,800000.0,800000.0,165,2026-02-04 12:23:14.423198
ELEC-day2,0.0,0.0,0.0,,,165,2026-02-04 12:23:14.423198
ELEC-day3,0.0,0.0,0.0,,,165,2026-02-04 12:23:14.423198
ELEC-day4,0.0,0.0,0.0,,,165,2026-02-04 12:23:14.423198
ELEC-day5,0.0,0.0,0.0,,,165,2026-02-04 12:23:14.423198
ELEC-day6,0.0,0.0,0.0,,,165,2026-02-04 12:23:14.423198
ELEC-F,0.0,0.0,0.0,,,165,2026-02-04 12:23:14.423198
NG,2.21,2.19,2.23,800000.0,800000.0,166,2026-02-04 12:23:14.992238
ELEC-day2,0.0,0.0,0.0,,,166,2026-02-04 12:23:14.992238
ELEC-day3,0.0,0.0,0.0,,,166,2026-02-04 12:23:14.992238
ELEC-day4,0.0,0.0,0.0,,,166,2026-02-04 12:23:14.992238
ELEC-day5,0.0,0.0,0.0,,,166,2026-02-04 12:23:14.992238
ELEC-day6,0.0,0.0,0.0,,,166,2026-02-04 12:23:14.992238
ELEC-F,0.0,0.0,0.0,,,166,2026-02-04 12:23:14.992238
NG,2.21,2.19,2.23,800000.0,800000.0,167,2026-02-04 12:23:16.063216
ELEC-day2,0.0,0.0,0.0,,,167,2026-02-04 12:23:16.063216
ELEC-day3,0.0,0.0,0.0,,,167,2026-02-04 12:23:16.063216
ELEC-day4,0.0,0.0,0.0,,,167,2026-02-04 12:23:16.063216
ELEC-day5,0.0,0.0,0.0,,,167,2026-02-04 12:23:16.063216
ELEC-day6,0.0,0.0,0.0,,,167,2026-02-04 12:23:16.063216
ELEC-F,0.0,0.0,0.0,,,167,2026-02-04 12:23:16.063216
NG,2.22,2.2,2.24,800000.0,800000.0,168,2026-02-04 12:23:17.102103
ELEC-day2,0.0,0.0,0.0,,,168,2026-02-04 12:23:17.102103
ELEC-day3,0.0,0.0,0.0,,,168,2026-02-04 12:23:17.102103
ELEC-day4,0.0,0.0,0.0,,,168,2026-02-04 12:23:17.102103
ELEC-day5,0.0,0.0,0.0,,,168,2026-02-04 12:23:17.102103
ELEC-day6,0.0,0.0,0.0,,,168,2026-02-04 12:23:17.102103
ELEC-F,0.0,0.0,0.0,,,168,2026-02-04 12:23:17.102103
NG,2.21,2.19,2.23,800000.0,800000.0,169,2026-02-04 12:23:18.137662
ELEC-day2,0.0,0.0,0.0,,,169,2026-02-04 12:23:18.137662
ELEC-day3,0.0,0.0,0.0,,,169,2026-02-04 12:23:18.137662
ELEC-day4,0.0,0.0,0.0,,,169,2026-02-04 12:23:18.137662
ELEC-day5,0.0,0.0,0.0,,,169,2026-02-04 12:23:18.137662
ELEC-day6,0.0,0.0,0.0,,,169,2026-02-04 12:23:18.137662
ELEC-F,0.0,0.0,0.0,,,169,2026-02-04 12:23:18.137662
NG,2.22,2.2,2.24,800000.0,800000.0,170,2026-02-04 12:23:19.180321
ELEC-day2,0.0,0.0,0.0,,,170,2026-02-04 12:23:19.180321
ELEC-day3,0.0,0.0,0.0,,,170,2026-02-04 12:23:19.180321
ELEC-day4,0.0,0.0,0.0,,,170,2026-02-04 12:23:19.180321
ELEC-day5,0.0,0.0,0.0,,,170,2026-02-04 12:23:19.180321
ELEC-day6,0.0,0.0,0.0,,,170,2026-02-04 12:23:19.180321
ELEC-F,0.0,0.0,0.0,,,170,2026-02-04 12:23:19.180321
NG,2.22,2.2,2.24,800000.0,800000.0,171,2026-02-04 12:23:20.228926
ELEC-day2,0.0,0.0,0.0,,,171,2026-02-04 12:23:20.228926
ELEC-day3,0.0,0.0,0.0,,,171,2026-02-04 12:23:20.228926
ELEC-day4,0.0,0.0,0.0,,,171,2026-02-04 12:23:20.228926
ELEC-day5,0.0,0.0,0.0,,,171,2026-02-04 12:23:20.228926
ELEC-day6,0.0,0.0,0.0,,,171,2026-02-04 12:23:20.228926
ELEC-F,0.0,0.0,0.0,,,171,2026-02-04 12:23:20.228926
NG,2.2,2.18,2.22,800000.0,800000.0,172,2026-02-04 12:23:21.264285
ELEC-day2,0.0,0.0,0.0,,,172,2026-02-04 12:23:21.264285
ELEC-day3,0.0,0.0,0.0,,,172,2026-02-04 12:23:21.264285
ELEC-day4,0.0,0.0,0.0,,,172,2026-02-04 12:23:21.264285
ELEC-day5,0.0,0.0,0.0,,,172,2026-02-04 12:23:21.264285
ELEC-day6,0.0,0.0,0.0,,,172,2026-02-04 12:23:21.264285
ELEC-F,0.0,0.0,0.0,,,172,2026-02-04 12:23:21.264285
NG,2.2,2.18,2.22,800000.0,800000.0,173,2026-02-04 12:23:22.304072
ELEC-day2,0.0,0.0,0.0,,,173,2026-02-04 12:23:22.304072
ELEC-day3,0.0,0.0,0.0,,,173,2026-02-04 12:23:22.304072
ELEC-day4,0.0,0.0,0.0,,,173,2026-02-04 12:23:22.304072
ELEC-day5,0.0,0.0,0.0,,,173,2026-02-04 12:23:22.304072
ELEC-day6,0.0,0.0,0.0,,,173,2026-02-04 12:23:22.304072
ELEC-F,0.0,0.0,0.0,,,173,2026-02-04 12:23:22.304072
NG,2.2,2.18,2.22,800000.0,800000.0,174,2026-02-04 12:23:23.363669
ELEC-day2,0.0,0.0,0.0,,,174,2026-02-04 12:23:23.363669
ELEC-day3,0.0,0.0,0.0,,,174,2026-02-04 12:23:23.363669
ELEC-day4,0.0,0.0,0.0,,,174,2026-02-04 12:23:23.363669
ELEC-day5,0.0,0.0,0.0,,,174,2026-02-04 12:23:23.363669
ELEC-day6,0.0,0.0,0.0,,,174,2026-02-04 12:23:23.363669
ELEC-F,0.0,0.0,0.0,,,174,2026-02-04 12:23:23.363669
NG,2.2,2.18,2.22,800000.0,800000.0,175,2026-02-04 12:23:24.391299
ELEC-day2,0.0,0.0,0.0,,,175,2026-02-04 12:23:24.391299
ELEC-day3,0.0,0.0,0.0,,,175,2026-02-04 12:23:24.391299
ELEC-day4,0.0,0.0,0.0,,,175,2026-02-04 12:23:24.391299
ELEC-day5,0.0,0.0,0.0,,,175,2026-02-04 12:23:24.391299
ELEC-day6,0.0,0.0,0.0,,,175,2026-02-04 12:23:24.391299
ELEC-F,0.0,0.0,0.0,,,175,2026-02-04 12:23:24.391299
NG,2.21,2.19,2.23,800000.0,800000.0,176,2026-02-04 12:23:24.989478
ELEC-day2,0.0,0.0,0.0,,,176,2026-02-04 12:23:24.989478
ELEC-day3,0.0,0.0,0.0,,,176,2026-02-04 12:23:24.989478
ELEC-day4,0.0,0.0,0.0,,,176,2026-02-04 12:23:24.989478
ELEC-day5,0.0,0.0,0.0,,,176,2026-02-04 12:23:24.989478
ELEC-day6,0.0,0.0,0.0,,,176,2026-02-04 12:23:24.989478
ELEC-F,0.0,0.0,0.0,,,176,2026-02-04 12:23:24.989478
NG,2.21,2.19,2.23,800000.0,800000.0,177,2026-02-04 12:23:26.121440
ELEC-day2,0.0,0.0,0.0,,,177,2026-02-04 12:23:26.121440
ELEC-day3,0.0,0.0,0.0,,,177,2026-02-04 12:23:26.121440
ELEC-day4,0.0,0.0,0.0,,,177,2026-02-04 12:23:26.121440
ELEC-day5,0.0,0.0,0.0,,,177,2026-02-04 12:23:26.121440
ELEC-day6,0.0,0.0,0.0,,,177,2026-02-04 12:23:26.121440
ELEC-F,0.0,0.0,0.0,,,177,2026-02-04 12:23:26.121440
NG,2.21,2.19,2.23,800000.0,800000.0,178,2026-02-04 12:23:27.198526
ELEC-day2,0.0,0.0,0.0,,,178,2026-02-04 12:23:27.198526
ELEC-day3,0.0,0.0,0.0,,,178,2026-02-04 12:23:27.198526
ELEC-day4,0.0,0.0,0.0,,,178,2026-02-04 12:23:27.198526
ELEC-day5,0.0,0.0,0.0,,,178,2026-02-04 12:23:27.198526
ELEC-day6,0.0,0.0,0.0,,,178,2026-02-04 12:23:27.198526
ELEC-F,0.0,0.0,0.0,,,178,2026-02-04 12:23:27.198526
NG,2.21,2.19,2.23,800000.0,800000.0,179,2026-02-04 12:23:28.234772
ELEC-day2,0.0,0.0,0.0,,,179,2026-02-04 12:23:28.234772
ELEC-day3,0.0,0.0,0.0,,,179,2026-02-04 12:23:28.234772
ELEC-day4,0.0,0.0,0.0,,,179,2026-02-04 12:23:28.234772
ELEC-day5,0.0,0.0,0.0,,,179,2026-02-04 12:23:28.234772
ELEC-day6,0.0,0.0,0.0,,,179,2026-02-04 12:23:28.234772
ELEC-F,0.0,0.0,0.0,,,179,2026-02-04 12:23:28.234772
NG,2.22,2.2,2.24,800000.0,800000.0,180,2026-02-04 12:23:29.262881
ELEC-day2,0.0,0.0,0.0,,,180,2026-02-04 12:23:29.262881
ELEC-day3,0.0,0.0,0.0,,,180,2026-02-04 12:23:29.262881
ELEC-day4,0.0,0.0,0.0,,,180,2026-02-04 12:23:29.262881
ELEC-day5,0.0,0.0,0.0,,,180,2026-02-04 12:23:29.262881
ELEC-day6,0.0,0.0,0.0,,,180,2026-02-04 12:23:29.262881
ELEC-F,0.0,0.0,0.0,,,180,2026-02-04 12:23:29.262881
NG,2.21,2.19,2.23,800000.0,800000.0,0,2026-02-04 12:23:30.346759,8.0,1.0,180.0,,SPOT PRICE AND VOLUMES FOR DAY 2,The Regulatory Authority for Electricity board decided that on day 2 the following prices and volumes will be enforced:<br><br>364 contracts are available for market participants to buy at a price of $20.77<br><br>364 contracts are available for market participants to sell at a price of $20.76
ELEC-day2,0.0,0.0,0.0,,,0,2026-02-04 12:23:30.346759,,,,,,
ELEC-day3,0.0,0.0,0.0,,,0,2026-02-04 12:23:30.346759,,,,,,
ELEC-day4,0.0,0.0,0.0,,,0,2026-02-04 12:23:30.346759,,,,,,
ELEC-day5,0.0,0.0,0.0,,,0,2026-02-04 12:23:30.346759,,,,,,
ELEC-day6,0.0,0.0,0.0,,,0,2026-02-04 12:23:30.346759,,,,,,
ELEC-F,0.0,0.0,0.0,,,0,2026-02-04 12:23:30.346759,,,,,,
NG,2.22,2.2,2.24,800000.0,800000.0,1,2026-02-04 12:23:31.406276
ELEC-day2,0.0,20.76,20.77,364.0,364.0,1,2026-02-04 12:23:31.406276
ELEC-day3,0.0,0.0,0.0,,,1,2026-02-04 12:23:31.406276
ELEC-day4,0.0,0.0,0.0,,,1,2026-02-04 12:23:31.406276
ELEC-day5,0.0,0.0,0.0,,,1,2026-02-04 12:23:31.406276
ELEC-day6,0.0,0.0,0.0,,,1,2026-02-04 12:23:31.406276
ELEC-F,0.0,0.0,0.0,,,1,2026-02-04 12:23:31.406276
NG,2.22,2.2,2.24,800000.0,800000.0,2,2026-02-04 12:23:32.444085,9.0,2.0,1.0,,SUNLIGHT Forecast for DAY 3,The weather forecasts call for between 1 and 8 hours of sunlight tomorrow.
ELEC-day2,0.0,20.76,20.77,364.0,364.0,2,2026-02-04 12:23:32.444085,,,,,,
ELEC-day3,0.0,0.0,0.0,,,2,2026-02-04 12:23:32.444085,,,,,,
ELEC-day4,0.0,0.0,0.0,,,2,2026-02-04 12:23:32.444085,,,,,,
ELEC-day5,0.0,0.0,0.0,,,2,2026-02-04 12:23:32.444085,,,,,,
ELEC-day6,0.0,0.0,0.0,,,2,2026-02-04 12:23:32.444085,,,,,,
ELEC-F,0.0,0.0,0.0,,,2,2026-02-04 12:23:32.444085,,,,,,
NG,2.21,2.19,2.23,800000.0,800000.0,3,2026-02-04 12:23:33.484556
ELEC-day2,0.0,20.76,20.77,364.0,364.0,3,2026-02-04 12:23:33.484556
ELEC-day3,0.0,0.0,0.0,,,3,2026-02-04 12:23:33.484556
ELEC-day4,0.0,0.0,0.0,,,3,2026-02-04 12:23:33.484556
ELEC-day5,0.0,0.0,0.0,,,3,2026-02-04 12:23:33.484556
ELEC-day6,0.0,0.0,0.0,,,3,2026-02-04 12:23:33.484556
ELEC-F,0.0,0.0,0.0,,,3,2026-02-04 12:23:33.484556
NG,2.22,2.2,2.24,800000.0,800000.0,4,2026-02-04 12:23:34.517530
ELEC-day2,0.0,20.76,20.77,364.0,364.0,4,2026-02-04 12:23:34.517530
ELEC-day3,0.0,0.0,0.0,,,4,2026-02-04 12:23:34.517530
ELEC-day4,0.0,0.0,0.0,,,4,2026-02-04 12:23:34.517530
ELEC-day5,0.0,0.0,0.0,,,4,2026-02-04 12:23:34.517530
ELEC-day6,0.0,0.0,0.0,,,4,2026-02-04 12:23:34.517530
ELEC-F,0.0,0.0,0.0,,,4,2026-02-04 12:23:34.517530
NG,2.22,2.2,2.24,800000.0,800000.0,5,2026-02-04 12:23:35.629858
ELEC-day2,0.0,20.76,20.77,364.0,364.0,5,2026-02-04 12:23:35.629858
ELEC-day3,0.0,0.0,0.0,,,5,2026-02-04 12:23:35.629858
ELEC-day4,0.0,0.0,0.0,,,5,2026-02-04 12:23:35.629858
ELEC-day5,0.0,0.0,0.0,,,5,2026-02-04 12:23:35.629858
ELEC-day6,0.0,0.0,0.0,,,5,2026-02-04 12:23:35.629858
ELEC-F,0.0,0.0,0.0,,,5,2026-02-04 12:23:35.629858
NG,2.22,2.2,2.24,800000.0,800000.0,6,2026-02-04 12:23:36.160314
ELEC-day2,0.0,20.76,20.77,364.0,364.0,6,2026-02-04 12:23:36.160314
ELEC-day3,0.0,0.0,0.0,,,6,2026-02-04 12:23:36.160314
ELEC-day4,0.0,0.0,0.0,,,6,2026-02-04 12:23:36.160314
ELEC-day5,0.0,0.0,0.0,,,6,2026-02-04 12:23:36.160314
ELEC-day6,0.0,0.0,0.0,,,6,2026-02-04 12:23:36.160314
ELEC-F,0.0,0.0,0.0,,,6,2026-02-04 12:23:36.160314
NG,2.22,2.2,2.24,800000.0,800000.0,7,2026-02-04 12:23:37.307509
ELEC-day2,0.0,20.76,20.77,364.0,364.0,7,2026-02-04 12:23:37.307509
ELEC-day3,0.0,0.0,0.0,,,7,2026-02-04 12:23:37.307509
ELEC-day4,0.0,0.0,0.0,,,7,2026-02-04 12:23:37.307509
ELEC-day5,0.0,0.0,0.0,,,7,2026-02-04 12:23:37.307509
ELEC-day6,0.0,0.0,0.0,,,7,2026-02-04 12:23:37.307509
ELEC-F,0.0,0.0,0.0,,,7,2026-02-04 12:23:37.307509
NG,2.23,2.21,2.25,800000.0,800000.0,8,2026-02-04 12:23:38.343621
ELEC-day2,0.0,20.76,20.77,364.0,364.0,8,2026-02-04 12:23:38.343621
ELEC-day3,0.0,0.0,0.0,,,8,2026-02-04 12:23:38.343621
ELEC-day4,0.0,0.0,0.0,,,8,2026-02-04 12:23:38.343621
ELEC-day5,0.0,0.0,0.0,,,8,2026-02-04 12:23:38.343621
ELEC-day6,0.0,0.0,0.0,,,8,2026-02-04 12:23:38.343621
ELEC-F,0.0,0.0,0.0,,,8,2026-02-04 12:23:38.343621
NG,2.24,2.22,2.26,800000.0,800000.0,9,2026-02-04 12:23:39.374415
ELEC-day2,0.0,20.76,20.77,364.0,364.0,9,2026-02-04 12:23:39.374415
ELEC-day3,0.0,0.0,0.0,,,9,2026-02-04 12:23:39.374415
ELEC-day4,0.0,0.0,0.0,,,9,2026-02-04 12:23:39.374415
ELEC-day5,0.0,0.0,0.0,,,9,2026-02-04 12:23:39.374415
ELEC-day6,0.0,0.0,0.0,,,9,2026-02-04 12:23:39.374415
ELEC-F,0.0,0.0,0.0,,,9,2026-02-04 12:23:39.374415
NG,2.24,2.22,2.26,800000.0,800000.0,10,2026-02-04 12:23:40.414194
ELEC-day2,0.0,20.76,20.77,364.0,364.0,10,2026-02-04 12:23:40.414194
ELEC-day3,0.0,0.0,0.0,,,10,2026-02-04 12:23:40.414194
ELEC-day4,0.0,0.0,0.0,,,10,2026-02-04 12:23:40.414194
ELEC-day5,0.0,0.0,0.0,,,10,2026-02-04 12:23:40.414194
ELEC-day6,0.0,0.0,0.0,,,10,2026-02-04 12:23:40.414194
ELEC-F,0.0,0.0,0.0,,,10,2026-02-04 12:23:40.414194
NG,2.25,2.23,2.27,800000.0,800000.0,11,2026-02-04 12:23:41.447197
ELEC-day2,0.0,20.76,20.77,364.0,364.0,11,2026-02-04 12:23:41.447197
ELEC-day3,0.0,0.0,0.0,,,11,2026-02-04 12:23:41.447197
ELEC-day4,0.0,0.0,0.0,,,11,2026-02-04 12:23:41.447197
ELEC-day5,0.0,0.0,0.0,,,11,2026-02-04 12:23:41.447197
ELEC-day6,0.0,0.0,0.0,,,11,2026-02-04 12:23:41.447197
ELEC-F,0.0,0.0,0.0,,,11,2026-02-04 12:23:41.447197
NG,2.25,2.23,2.27,800000.0,800000.0,12,2026-02-04 12:23:42.485594
ELEC-day2,0.0,20.76,20.77,364.0,364.0,12,2026-02-04 12:23:42.485594
ELEC-day3,0.0,0.0,0.0,,,12,2026-02-04 12:23:42.485594
ELEC-day4,0.0,0.0,0.0,,,12,2026-02-04 12:23:42.485594
ELEC-day5,0.0,0.0,0.0,,,12,2026-02-04 12:23:42.485594
ELEC-day6,0.0,0.0,0.0,,,12,2026-02-04 12:23:42.485594
ELEC-F,0.0,0.0,0.0,,,12,2026-02-04 12:23:42.485594
NG,2.24,2.22,2.26,800000.0,800000.0,13,2026-02-04 12:23:43.520105
ELEC-day2,0.0,20.76,20.77,364.0,364.0,13,2026-02-04 12:23:43.520105
ELEC-day3,0.0,0.0,0.0,,,13,2026-02-04 12:23:43.520105
ELEC-day4,0.0,0.0,0.0,,,13,2026-02-04 12:23:43.520105
ELEC-day5,0.0,0.0,0.0,,,13,2026-02-04 12:23:43.520105
ELEC-day6,0.0,0.0,0.0,,,13,2026-02-04 12:23:43.520105
ELEC-F,0.0,0.0,0.0,,,13,2026-02-04 12:23:43.520105
NG,2.24,2.22,2.26,800000.0,800000.0,14,2026-02-04 12:23:44.560666
ELEC-day2,0.0,20.76,20.77,364.0,364.0,14,2026-02-04 12:23:44.560666
ELEC-day3,0.0,0.0,0.0,,,14,2026-02-04 12:23:44.560666
ELEC-day4,0.0,0.0,0.0,,,14,2026-02-04 12:23:44.560666
ELEC-day5,0.0,0.0,0.0,,,14,2026-02-04 12:23:44.560666
ELEC-day6,0.0,0.0,0.0,,,14,2026-02-04 12:23:44.560666
ELEC-F,0.0,0.0,0.0,,,14,2026-02-04 12:23:44.560666
NG,2.25,2.23,2.27,800000.0,800000.0,15,2026-02-04 12:23:45.596448
ELEC-day2,0.0,20.76,20.77,364.0,364.0,15,2026-02-04 12:23:45.596448
ELEC-day3,0.0,0.0,0.0,,,15,2026-02-04 12:23:45.596448
ELEC-day4,0.0,0.0,0.0,,,15,2026-02-04 12:23:45.596448
ELEC-day5,0.0,0.0,0.0,,,15,2026-02-04 12:23:45.596448
ELEC-day6,0.0,0.0,0.0,,,15,2026-02-04 12:23:45.596448
ELEC-F,0.0,0.0,0.0,,,15,2026-02-04 12:23:45.596448
NG,2.24,2.22,2.26,800000.0,800000.0,16,2026-02-04 12:23:46.676979
ELEC-day2,0.0,20.76,20.77,364.0,364.0,16,2026-02-04 12:23:46.676979
ELEC-day3,0.0,0.0,0.0,,,16,2026-02-04 12:23:46.676979
ELEC-day4,0.0,0.0,0.0,,,16,2026-02-04 12:23:46.676979
ELEC-day5,0.0,0.0,0.0,,,16,2026-02-04 12:23:46.676979
ELEC-day6,0.0,0.0,0.0,,,16,2026-02-04 12:23:46.676979
ELEC-F,0.0,0.0,0.0,,,16,2026-02-04 12:23:46.676979
NG,2.25,2.23,2.27,800000.0,800000.0,17,2026-02-04 12:23:47.211875
ELEC-day2,0.0,20.76,20.77,364.0,364.0,17,2026-02-04 12:23:47.211875
ELEC-day3,0.0,0.0,0.0,,,17,2026-02-04 12:23:47.211875
ELEC-day4,0.0,0.0,0.0,,,17,2026-02-04 12:23:47.211875
ELEC-day5,0.0,0.0,0.0,,,17,2026-02-04 12:23:47.211875
ELEC-day6,0.0,0.0,0.0,,,17,2026-02-04 12:23:47.211875
ELEC-F,0.0,0.0,0.0,,,17,2026-02-04 12:23:47.211875
NG,2.25,2.23,2.27,800000.0,800000.0,18,2026-02-04 12:23:48.337269
ELEC-day2,0.0,20.76,20.77,364.0,364.0,18,2026-02-04 12:23:48.337269
ELEC-day3,0.0,0.0,0.0,,,18,2026-02-04 12:23:48.337269
ELEC-day4,0.0,0.0,0.0,,,18,2026-02-04 12:23:48.337269
ELEC-day5,0.0,0.0,0.0,,,18,2026-02-04 12:23:48.337269
ELEC-day6,0.0,0.0,0.0,,,18,2026-02-04 12:23:48.337269
ELEC-F,0.0,0.0,0.0,,,18,2026-02-04 12:23:48.337269
NG,2.26,2.24,2.28,800000.0,800000.0,19,2026-02-04 12:23:49.374368
ELEC-day2,0.0,20.76,20.77,364.0,364.0,19,2026-02-04 12:23:49.374368
ELEC-day3,0.0,0.0,0.0,,,19,2026-02-04 12:23:49.374368
ELEC-day4,0.0,0.0,0.0,,,19,2026-02-04 12:23:49.374368
ELEC-day5,0.0,0.0,0.0,,,19,2026-02-04 12:23:49.374368
ELEC-day6,0.0,0.0,0.0,,,19,2026-02-04 12:23:49.374368
ELEC-F,0.0,0.0,0.0,,,19,2026-02-04 12:23:49.374368
NG,2.25,2.23,2.27,800000.0,800000.0,20,2026-02-04 12:23:50.407963
ELEC-day2,0.0,20.76,20.77,364.0,364.0,20,2026-02-04 12:23:50.407963
ELEC-day3,0.0,0.0,0.0,,,20,2026-02-04 12:23:50.407963
ELEC-day4,0.0,0.0,0.0,,,20,2026-02-04 12:23:50.407963
ELEC-day5,0.0,0.0,0.0,,,20,2026-02-04 12:23:50.407963
ELEC-day6,0.0,0.0,0.0,,,20,2026-02-04 12:23:50.407963
ELEC-F,0.0,0.0,0.0,,,20,2026-02-04 12:23:50.407963
NG,2.24,2.22,2.26,800000.0,800000.0,21,2026-02-04 12:23:51.438675
ELEC-day2,0.0,20.76,20.77,364.0,364.0,21,2026-02-04 12:23:51.438675
ELEC-day3,0.0,0.0,0.0,,,21,2026-02-04 12:23:51.438675
ELEC-day4,0.0,0.0,0.0,,,21,2026-02-04 12:23:51.438675
ELEC-day5,0.0,0.0,0.0,,,21,2026-02-04 12:23:51.438675
ELEC-day6,0.0,0.0,0.0,,,21,2026-02-04 12:23:51.438675
ELEC-F,0.0,0.0,0.0,,,21,2026-02-04 12:23:51.438675
NG,2.24,2.22,2.26,800000.0,800000.0,22,2026-02-04 12:23:52.475060
ELEC-day2,0.0,20.76,20.77,364.0,364.0,22,2026-02-04 12:23:52.475060
ELEC-day3,0.0,0.0,0.0,,,22,2026-02-04 12:23:52.475060
ELEC-day4,0.0,0.0,0.0,,,22,2026-02-04 12:23:52.475060
ELEC-day5,0.0,0.0,0.0,,,22,2026-02-04 12:23:52.475060
ELEC-day6,0.0,0.0,0.0,,,22,2026-02-04 12:23:52.475060
ELEC-F,0.0,0.0,0.0,,,22,2026-02-04 12:23:52.475060
NG,2.24,2.22,2.26,800000.0,800000.0,23,2026-02-04 12:23:53.511699
ELEC-day2,0.0,20.76,20.77,364.0,364.0,23,2026-02-04 12:23:53.511699
ELEC-day3,0.0,0.0,0.0,,,23,2026-02-04 12:23:53.511699
ELEC-day4,0.0,0.0,0.0,,,23,2026-02-04 12:23:53.511699
ELEC-day5,0.0,0.0,0.0,,,23,2026-02-04 12:23:53.511699
ELEC-day6,0.0,0.0,0.0,,,23,2026-02-04 12:23:53.511699
ELEC-F,0.0,0.0,0.0,,,23,2026-02-04 12:23:53.511699
NG,2.24,2.22,2.26,800000.0,800000.0,24,2026-02-04 12:23:54.556242
ELEC-day2,0.0,20.76,20.77,364.0,364.0,24,2026-02-04 12:23:54.556242
ELEC-day3,0.0,0.0,0.0,,,24,2026-02-04 12:23:54.556242
ELEC-day4,0.0,0.0,0.0,,,24,2026-02-04 12:23:54.556242
ELEC-day5,0.0,0.0,0.0,,,24,2026-02-04 12:23:54.556242
ELEC-day6,0.0,0.0,0.0,,,24,2026-02-04 12:23:54.556242
ELEC-F,0.0,0.0,0.0,,,24,2026-02-04 12:23:54.556242
NG,2.24,2.22,2.26,800000.0,800000.0,25,2026-02-04 12:23:55.618696
ELEC-day2,0.0,20.76,20.77,364.0,364.0,25,2026-02-04 12:23:55.618696
ELEC-day3,0.0,0.0,0.0,,,25,2026-02-04 12:23:55.618696
ELEC-day4,0.0,0.0,0.0,,,25,2026-02-04 12:23:55.618696
ELEC-day5,0.0,0.0,0.0,,,25,2026-02-04 12:23:55.618696
ELEC-day6,0.0,0.0,0.0,,,25,2026-02-04 12:23:55.618696
ELEC-F,0.0,0.0,0.0,,,25,2026-02-04 12:23:55.618696
NG,2.25,2.23,2.27,800000.0,800000.0,26,2026-02-04 12:23:56.649715
ELEC-day2,0.0,20.76,20.77,364.0,364.0,26,2026-02-04 12:23:56.649715
ELEC-day3,0.0,0.0,0.0,,,26,2026-02-04 12:23:56.649715
ELEC-day4,0.0,0.0,0.0,,,26,2026-02-04 12:23:56.649715
ELEC-day5,0.0,0.0,0.0,,,26,2026-02-04 12:23:56.649715
ELEC-day6,0.0,0.0,0.0,,,26,2026-02-04 12:23:56.649715
ELEC-F,0.0,0.0,0.0,,,26,2026-02-04 12:23:56.649715
NG,2.25,2.23,2.27,800000.0,800000.0,27,2026-02-04 12:23:57.684159
ELEC-day2,0.0,20.76,20.77,364.0,364.0,27,2026-02-04 12:23:57.684159
ELEC-day3,0.0,0.0,0.0,,,27,2026-02-04 12:23:57.684159
ELEC-day4,0.0,0.0,0.0,,,27,2026-02-04 12:23:57.684159
ELEC-day5,0.0,0.0,0.0,,,27,2026-02-04 12:23:57.684159
ELEC-day6,0.0,0.0,0.0,,,27,2026-02-04 12:23:57.684159
ELEC-F,0.0,0.0,0.0,,,27,2026-02-04 12:23:57.684159
NG,2.25,2.23,2.27,800000.0,800000.0,28,2026-02-04 12:23:58.287507
ELEC-day2,0.0,20.76,20.77,364.0,364.0,28,2026-02-04 12:23:58.287507
ELEC-day3,0.0,0.0,0.0,,,28,2026-02-04 12:23:58.287507
ELEC-day4,0.0,0.0,0.0,,,28,2026-02-04 12:23:58.287507
ELEC-day5,0.0,0.0,0.0,,,28,2026-02-04 12:23:58.287507
ELEC-day6,0.0,0.0,0.0,,,28,2026-02-04 12:23:58.287507
ELEC-F,0.0,0.0,0.0,,,28,2026-02-04 12:23:58.287507
NG,2.25,2.23,2.27,800000.0,800000.0,29,2026-02-04 12:23:59.401352
ELEC-day2,0.0,20.76,20.77,364.0,364.0,29,2026-02-04 12:23:59.401352
ELEC-day3,0.0,0.0,0.0,,,29,2026-02-04 12:23:59.401352
ELEC-day4,0.0,0.0,0.0,,,29,2026-02-04 12:23:59.401352
ELEC-day5,0.0,0.0,0.0,,,29,2026-02-04 12:23:59.401352
ELEC-day6,0.0,0.0,0.0,,,29,2026-02-04 12:23:59.401352
ELEC-F,0.0,0.0,0.0,,,29,2026-02-04 12:23:59.401352
NG,2.26,2.24,2.28,800000.0,800000.0,30,2026-02-04 12:24:00.438389
ELEC-day2,0.0,20.76,20.77,364.0,364.0,30,2026-02-04 12:24:00.438389
ELEC-day3,0.0,0.0,0.0,,,30,2026-02-04 12:24:00.438389
ELEC-day4,0.0,0.0,0.0,,,30,2026-02-04 12:24:00.438389
ELEC-day5,0.0,0.0,0.0,,,30,2026-02-04 12:24:00.438389
ELEC-day6,0.0,0.0,0.0,,,30,2026-02-04 12:24:00.438389
ELEC-F,0.0,0.0,0.0,,,30,2026-02-04 12:24:00.438389
NG,2.26,2.24,2.28,800000.0,800000.0,31,2026-02-04 12:24:01.485660
ELEC-day2,0.0,20.76,20.77,364.0,364.0,31,2026-02-04 12:24:01.485660
ELEC-day3,0.0,0.0,0.0,,,31,2026-02-04 12:24:01.485660
ELEC-day4,0.0,0.0,0.0,,,31,2026-02-04 12:24:01.485660
ELEC-day5,0.0,0.0,0.0,,,31,2026-02-04 12:24:01.485660
ELEC-day6,0.0,0.0,0.0,,,31,2026-02-04 12:24:01.485660
ELEC-F,0.0,0.0,0.0,,,31,2026-02-04 12:24:01.485660
NG,2.26,2.24,2.28,800000.0,800000.0,32,2026-02-04 12:24:02.526875
ELEC-day2,0.0,20.76,20.77,364.0,364.0,32,2026-02-04 12:24:02.526875
ELEC-day3,0.0,0.0,0.0,,,32,2026-02-04 12:24:02.526875
ELEC-day4,0.0,0.0,0.0,,,32,2026-02-04 12:24:02.526875
ELEC-day5,0.0,0.0,0.0,,,32,2026-02-04 12:24:02.526875
ELEC-day6,0.0,0.0,0.0,,,32,2026-02-04 12:24:02.526875
ELEC-F,0.0,0.0,0.0,,,32,2026-02-04 12:24:02.526875
NG,2.26,2.24,2.28,800000.0,800000.0,33,2026-02-04 12:24:03.580680
ELEC-day2,0.0,20.76,20.77,364.0,364.0,33,2026-02-04 12:24:03.580680
ELEC-day3,0.0,0.0,0.0,,,33,2026-02-04 12:24:03.580680
ELEC-day4,0.0,0.0,0.0,,,33,2026-02-04 12:24:03.580680
ELEC-day5,0.0,0.0,0.0,,,33,2026-02-04 12:24:03.580680
ELEC-day6,0.0,0.0,0.0,,,33,2026-02-04 12:24:03.580680
ELEC-F,0.0,0.0,0.0,,,33,2026-02-04 12:24:03.580680
NG,2.26,2.24,2.28,800000.0,800000.0,34,2026-02-04 12:24:04.615048
ELEC-day2,0.0,20.76,20.77,364.0,364.0,34,2026-02-04 12:24:04.615048
ELEC-day3,0.0,0.0,0.0,,,34,2026-02-04 12:24:04.615048
ELEC-day4,0.0,0.0,0.0,,,34,2026-02-04 12:24:04.615048
ELEC-day5,0.0,0.0,0.0,,,34,2026-02-04 12:24:04.615048
ELEC-day6,0.0,0.0,0.0,,,34,2026-02-04 12:24:04.615048
ELEC-F,0.0,0.0,0.0,,,34,2026-02-04 12:24:04.615048
NG,2.26,2.24,2.28,800000.0,800000.0,35,2026-02-04 12:24:05.655282
ELEC-day2,0.0,20.76,20.77,364.0,364.0,35,2026-02-04 12:24:05.655282
ELEC-day3,0.0,0.0,0.0,,,35,2026-02-04 12:24:05.655282
ELEC-day4,0.0,0.0,0.0,,,35,2026-02-04 12:24:05.655282
ELEC-day5,0.0,0.0,0.0,,,35,2026-02-04 12:24:05.655282
ELEC-day6,0.0,0.0,0.0,,,35,2026-02-04 12:24:05.655282
ELEC-F,0.0,0.0,0.0,,,35,2026-02-04 12:24:05.655282
NG,2.26,2.24,2.28,800000.0,800000.0,36,2026-02-04 12:24:06.687709
ELEC-day2,0.0,20.76,20.77,364.0,364.0,36,2026-02-04 12:24:06.687709
ELEC-day3,0.0,0.0,0.0,,,36,2026-02-04 12:24:06.687709
ELEC-day4,0.0,0.0,0.0,,,36,2026-02-04 12:24:06.687709
ELEC-day5,0.0,0.0,0.0,,,36,2026-02-04 12:24:06.687709
ELEC-day6,0.0,0.0,0.0,,,36,2026-02-04 12:24:06.687709
ELEC-F,0.0,0.0,0.0,,,36,2026-02-04 12:24:06.687709
NG,2.26,2.24,2.28,800000.0,800000.0,37,2026-02-04 12:24:07.721745
ELEC-day2,0.0,20.76,20.77,364.0,364.0,37,2026-02-04 12:24:07.721745
ELEC-day3,0.0,0.0,0.0,,,37,2026-02-04 12:24:07.721745
ELEC-day4,0.0,0.0,0.0,,,37,2026-02-04 12:24:07.721745
ELEC-day5,0.0,0.0,0.0,,,37,2026-02-04 12:24:07.721745
ELEC-day6,0.0,0.0,0.0,,,37,2026-02-04 12:24:07.721745
ELEC-F,0.0,0.0,0.0,,,37,2026-02-04 12:24:07.721745
NG,2.27,2.25,2.29,800000.0,800000.0,38,2026-02-04 12:24:08.760499
ELEC-day2,0.0,20.76,20.77,364.0,364.0,38,2026-02-04 12:24:08.760499
ELEC-day3,0.0,0.0,0.0,,,38,2026-02-04 12:24:08.760499
ELEC-day4,0.0,0.0,0.0,,,38,2026-02-04 12:24:08.760499
ELEC-day5,0.0,0.0,0.0,,,38,2026-02-04 12:24:08.760499
ELEC-day6,0.0,0.0,0.0,,,38,2026-02-04 12:24:08.760499
ELEC-F,0.0,0.0,0.0,,,38,2026-02-04 12:24:08.760499
NG,2.27,2.25,2.29,800000.0,800000.0,39,2026-02-04 12:24:09.352052
ELEC-day2,0.0,20.76,20.77,364.0,364.0,39,2026-02-04 12:24:09.352052
ELEC-day3,0.0,0.0,0.0,,,39,2026-02-04 12:24:09.352052
ELEC-day4,0.0,0.0,0.0,,,39,2026-02-04 12:24:09.352052
ELEC-day5,0.0,0.0,0.0,,,39,2026-02-04 12:24:09.352052
ELEC-day6,0.0,0.0,0.0,,,39,2026-02-04 12:24:09.352052
ELEC-F,0.0,0.0,0.0,,,39,2026-02-04 12:24:09.352052
NG,2.27,2.25,2.29,800000.0,800000.0,40,2026-02-04 12:24:10.474522
ELEC-day2,0.0,20.76,20.77,364.0,364.0,40,2026-02-04 12:24:10.474522
ELEC-day3,0.0,0.0,0.0,,,40,2026-02-04 12:24:10.474522
ELEC-day4,0.0,0.0,0.0,,,40,2026-02-04 12:24:10.474522
ELEC-day5,0.0,0.0,0.0,,,40,2026-02-04 12:24:10.474522
ELEC-day6,0.0,0.0,0.0,,,40,2026-02-04 12:24:10.474522
ELEC-F,0.0,0.0,0.0,,,40,2026-02-04 12:24:10.474522
NG,2.26,2.24,2.28,800000.0,800000.0,41,2026-02-04 12:24:11.523752
ELEC-day2,0.0,20.76,20.77,364.0,364.0,41,2026-02-04 12:24:11.523752
ELEC-day3,0.0,0.0,0.0,,,41,2026-02-04 12:24:11.523752
ELEC-day4,0.0,0.0,0.0,,,41,2026-02-04 12:24:11.523752
ELEC-day5,0.0,0.0,0.0,,,41,2026-02-04 12:24:11.523752
ELEC-day6,0.0,0.0,0.0,,,41,2026-02-04 12:24:11.523752
ELEC-F,0.0,0.0,0.0,,,41,2026-02-04 12:24:11.523752
NG,2.27,2.25,2.29,800000.0,800000.0,42,2026-02-04 12:24:12.580341
ELEC-day2,0.0,20.76,20.77,364.0,364.0,42,2026-02-04 12:24:12.580341
ELEC-day3,0.0,0.0,0.0,,,42,2026-02-04 12:24:12.580341
ELEC-day4,0.0,0.0,0.0,,,42,2026-02-04 12:24:12.580341
ELEC-day5,0.0,0.0,0.0,,,42,2026-02-04 12:24:12.580341
ELEC-day6,0.0,0.0,0.0,,,42,2026-02-04 12:24:12.580341
ELEC-F,0.0,0.0,0.0,,,42,2026-02-04 12:24:12.580341
NG,2.28,2.26,2.3,800000.0,800000.0,43,2026-02-04 12:24:13.615465
ELEC-day2,0.0,20.76,20.77,364.0,364.0,43,2026-02-04 12:24:13.615465
ELEC-day3,0.0,0.0,0.0,,,43,2026-02-04 12:24:13.615465
ELEC-day4,0.0,0.0,0.0,,,43,2026-02-04 12:24:13.615465
ELEC-day5,0.0,0.0,0.0,,,43,2026-02-04 12:24:13.615465
ELEC-day6,0.0,0.0,0.0,,,43,2026-02-04 12:24:13.615465
ELEC-F,0.0,0.0,0.0,,,43,2026-02-04 12:24:13.615465
NG,2.29,2.27,2.31,800000.0,800000.0,44,2026-02-04 12:24:14.656247
ELEC-day2,0.0,20.76,20.77,364.0,364.0,44,2026-02-04 12:24:14.656247
ELEC-day3,0.0,0.0,0.0,,,44,2026-02-04 12:24:14.656247
ELEC-day4,0.0,0.0,0.0,,,44,2026-02-04 12:24:14.656247
ELEC-day5,0.0,0.0,0.0,,,44,2026-02-04 12:24:14.656247
ELEC-day6,0.0,0.0,0.0,,,44,2026-02-04 12:24:14.656247
ELEC-F,0.0,0.0,0.0,,,44,2026-02-04 12:24:14.656247
NG,2.29,2.27,2.31,800000.0,800000.0,45,2026-02-04 12:24:15.695981
ELEC-day2,0.0,20.76,20.77,364.0,364.0,45,2026-02-04 12:24:15.695981
ELEC-day3,0.0,0.0,0.0,,,45,2026-02-04 12:24:15.695981
ELEC-day4,0.0,0.0,0.0,,,45,2026-02-04 12:24:15.695981
ELEC-day5,0.0,0.0,0.0,,,45,2026-02-04 12:24:15.695981
ELEC-day6,0.0,0.0,0.0,,,45,2026-02-04 12:24:15.695981
ELEC-F,0.0,0.0,0.0,,,45,2026-02-04 12:24:15.695981
NG,2.3,2.28,2.32,800000.0,800000.0,46,2026-02-04 12:24:16.729170
ELEC-day2,0.0,20.76,20.77,364.0,364.0,46,2026-02-04 12:24:16.729170
ELEC-day3,0.0,0.0,0.0,,,46,2026-02-04 12:24:16.729170
ELEC-day4,0.0,0.0,0.0,,,46,2026-02-04 12:24:16.729170
ELEC-day5,0.0,0.0,0.0,,,46,2026-02-04 12:24:16.729170
ELEC-day6,0.0,0.0,0.0,,,46,2026-02-04 12:24:16.729170
ELEC-F,0.0,0.0,0.0,,,46,2026-02-04 12:24:16.729170
NG,2.3,2.28,2.32,800000.0,800000.0,47,2026-02-04 12:24:17.763388
ELEC-day2,0.0,20.76,20.77,364.0,364.0,47,2026-02-04 12:24:17.763388
ELEC-day3,0.0,0.0,0.0,,,47,2026-02-04 12:24:17.763388
ELEC-day4,0.0,0.0,0.0,,,47,2026-02-04 12:24:17.763388
ELEC-day5,0.0,0.0,0.0,,,47,2026-02-04 12:24:17.763388
ELEC-day6,0.0,0.0,0.0,,,47,2026-02-04 12:24:17.763388
ELEC-F,0.0,0.0,0.0,,,47,2026-02-04 12:24:17.763388
NG,2.3,2.28,2.32,800000.0,800000.0,48,2026-02-04 12:24:18.796499
ELEC-day2,0.0,20.76,20.77,364.0,364.0,48,2026-02-04 12:24:18.796499
ELEC-day3,0.0,0.0,0.0,,,48,2026-02-04 12:24:18.796499
ELEC-day4,0.0,0.0,0.0,,,48,2026-02-04 12:24:18.796499
ELEC-day5,0.0,0.0,0.0,,,48,2026-02-04 12:24:18.796499
ELEC-day6,0.0,0.0,0.0,,,48,2026-02-04 12:24:18.796499
ELEC-F,0.0,0.0,0.0,,,48,2026-02-04 12:24:18.796499
NG,2.3,2.28,2.32,800000.0,800000.0,49,2026-02-04 12:24:19.908599
ELEC-day2,0.0,20.76,20.77,364.0,364.0,49,2026-02-04 12:24:19.908599
ELEC-day3,0.0,0.0,0.0,,,49,2026-02-04 12:24:19.908599
ELEC-day4,0.0,0.0,0.0,,,49,2026-02-04 12:24:19.908599
ELEC-day5,0.0,0.0,0.0,,,49,2026-02-04 12:24:19.908599
ELEC-day6,0.0,0.0,0.0,,,49,2026-02-04 12:24:19.908599
ELEC-F,0.0,0.0,0.0,,,49,2026-02-04 12:24:19.908599
NG,2.3,2.28,2.32,800000.0,800000.0,50,2026-02-04 12:24:20.445550
ELEC-day2,0.0,20.76,20.77,364.0,364.0,50,2026-02-04 12:24:20.445550
ELEC-day3,0.0,0.0,0.0,,,50,2026-02-04 12:24:20.445550
ELEC-day4,0.0,0.0,0.0,,,50,2026-02-04 12:24:20.445550
ELEC-day5,0.0,0.0,0.0,,,50,2026-02-04 12:24:20.445550
ELEC-day6,0.0,0.0,0.0,,,50,2026-02-04 12:24:20.445550
ELEC-F,0.0,0.0,0.0,,,50,2026-02-04 12:24:20.445550
NG,2.29,2.27,2.31,800000.0,800000.0,51,2026-02-04 12:24:21.548655
ELEC-day2,0.0,20.76,20.77,364.0,364.0,51,2026-02-04 12:24:21.548655
ELEC-day3,0.0,0.0,0.0,,,51,2026-02-04 12:24:21.548655
ELEC-day4,0.0,0.0,0.0,,,51,2026-02-04 12:24:21.548655
ELEC-day5,0.0,0.0,0.0,,,51,2026-02-04 12:24:21.548655
ELEC-day6,0.0,0.0,0.0,,,51,2026-02-04 12:24:21.548655
ELEC-F,0.0,0.0,0.0,,,51,2026-02-04 12:24:21.548655
NG,2.3,2.28,2.32,800000.0,800000.0,52,2026-02-04 12:24:22.597929
ELEC-day2,0.0,20.76,20.77,364.0,364.0,52,2026-02-04 12:24:22.597929
ELEC-day3,0.0,0.0,0.0,,,52,2026-02-04 12:24:22.597929
ELEC-day4,0.0,0.0,0.0,,,52,2026-02-04 12:24:22.597929
ELEC-day5,0.0,0.0,0.0,,,52,2026-02-04 12:24:22.597929
ELEC-day6,0.0,0.0,0.0,,,52,2026-02-04 12:24:22.597929
ELEC-F,0.0,0.0,0.0,,,52,2026-02-04 12:24:22.597929
NG,2.3,2.28,2.32,800000.0,800000.0,53,2026-02-04 12:24:23.636084
ELEC-day2,0.0,20.76,20.77,364.0,364.0,53,2026-02-04 12:24:23.636084
ELEC-day3,0.0,0.0,0.0,,,53,2026-02-04 12:24:23.636084
ELEC-day4,0.0,0.0,0.0,,,53,2026-02-04 12:24:23.636084
ELEC-day5,0.0,0.0,0.0,,,53,2026-02-04 12:24:23.636084
ELEC-day6,0.0,0.0,0.0,,,53,2026-02-04 12:24:23.636084
ELEC-F,0.0,0.0,0.0,,,53,2026-02-04 12:24:23.636084
NG,2.3,2.28,2.32,800000.0,800000.0,54,2026-02-04 12:24:24.675721
ELEC-day2,0.0,20.76,20.77,364.0,364.0,54,2026-02-04 12:24:24.675721
ELEC-day3,0.0,0.0,0.0,,,54,2026-02-04 12:24:24.675721
ELEC-day4,0.0,0.0,0.0,,,54,2026-02-04 12:24:24.675721
ELEC-day5,0.0,0.0,0.0,,,54,2026-02-04 12:24:24.675721
ELEC-day6,0.0,0.0,0.0,,,54,2026-02-04 12:24:24.675721
ELEC-F,0.0,0.0,0.0,,,54,2026-02-04 12:24:24.675721
NG,2.31,2.29,2.33,800000.0,800000.0,55,2026-02-04 12:24:25.731896
ELEC-day2,0.0,20.76,20.77,364.0,364.0,55,2026-02-04 12:24:25.731896
ELEC-day3,0.0,0.0,0.0,,,55,2026-02-04 12:24:25.731896
ELEC-day4,0.0,0.0,0.0,,,55,2026-02-04 12:24:25.731896
ELEC-day5,0.0,0.0,0.0,,,55,2026-02-04 12:24:25.731896
ELEC-day6,0.0,0.0,0.0,,,55,2026-02-04 12:24:25.731896
ELEC-F,0.0,0.0,0.0,,,55,2026-02-04 12:24:25.731896
NG,2.31,2.29,2.33,800000.0,800000.0,56,2026-02-04 12:24:26.772016
ELEC-day2,0.0,20.76,20.77,364.0,364.0,56,2026-02-04 12:24:26.772016
ELEC-day3,0.0,0.0,0.0,,,56,2026-02-04 12:24:26.772016
ELEC-day4,0.0,0.0,0.0,,,56,2026-02-04 12:24:26.772016
ELEC-day5,0.0,0.0,0.0,,,56,2026-02-04 12:24:26.772016
ELEC-day6,0.0,0.0,0.0,,,56,2026-02-04 12:24:26.772016
ELEC-F,0.0,0.0,0.0,,,56,2026-02-04 12:24:26.772016
NG,2.32,2.3,2.34,800000.0,800000.0,57,2026-02-04 12:24:27.816996
ELEC-day2,0.0,20.76,20.77,364.0,364.0,57,2026-02-04 12:24:27.816996
ELEC-day3,0.0,0.0,0.0,,,57,2026-02-04 12:24:27.816996
ELEC-day4,0.0,0.0,0.0,,,57,2026-02-04 12:24:27.816996
ELEC-day5,0.0,0.0,0.0,,,57,2026-02-04 12:24:27.816996
ELEC-day6,0.0,0.0,0.0,,,57,2026-02-04 12:24:27.816996
ELEC-F,0.0,0.0,0.0,,,57,2026-02-04 12:24:27.816996
NG,2.31,2.29,2.33,800000.0,800000.0,58,2026-02-04 12:24:28.849550
ELEC-day2,0.0,20.76,20.77,364.0,364.0,58,2026-02-04 12:24:28.849550
ELEC-day3,0.0,0.0,0.0,,,58,2026-02-04 12:24:28.849550
ELEC-day4,0.0,0.0,0.0,,,58,2026-02-04 12:24:28.849550
ELEC-day5,0.0,0.0,0.0,,,58,2026-02-04 12:24:28.849550
ELEC-day6,0.0,0.0,0.0,,,58,2026-02-04 12:24:28.849550
ELEC-F,0.0,0.0,0.0,,,58,2026-02-04 12:24:28.849550
NG,2.31,2.29,2.33,800000.0,800000.0,59,2026-02-04 12:24:29.888383
ELEC-day2,0.0,20.76,20.77,364.0,364.0,59,2026-02-04 12:24:29.888383
ELEC-day3,0.0,0.0,0.0,,,59,2026-02-04 12:24:29.888383
ELEC-day4,0.0,0.0,0.0,,,59,2026-02-04 12:24:29.888383
ELEC-day5,0.0,0.0,0.0,,,59,2026-02-04 12:24:29.888383
ELEC-day6,0.0,0.0,0.0,,,59,2026-02-04 12:24:29.888383
ELEC-F,0.0,0.0,0.0,,,59,2026-02-04 12:24:29.888383
NG,2.31,2.29,2.33,800000.0,800000.0,60,2026-02-04 12:24:30.461629
ELEC-day2,0.0,20.76,20.77,364.0,364.0,60,2026-02-04 12:24:30.461629
ELEC-day3,0.0,0.0,0.0,,,60,2026-02-04 12:24:30.461629
ELEC-day4,0.0,0.0,0.0,,,60,2026-02-04 12:24:30.461629
ELEC-day5,0.0,0.0,0.0,,,60,2026-02-04 12:24:30.461629
ELEC-day6,0.0,0.0,0.0,,,60,2026-02-04 12:24:30.461629
ELEC-F,0.0,0.0,0.0,,,60,2026-02-04 12:24:30.461629
NG,2.3,2.28,2.32,800000.0,800000.0,61,2026-02-04 12:24:31.572422
ELEC-day2,0.0,20.76,20.77,364.0,364.0,61,2026-02-04 12:24:31.572422
ELEC-day3,0.0,0.0,0.0,,,61,2026-02-04 12:24:31.572422
ELEC-day4,0.0,0.0,0.0,,,61,2026-02-04 12:24:31.572422
ELEC-day5,0.0,0.0,0.0,,,61,2026-02-04 12:24:31.572422
ELEC-day6,0.0,0.0,0.0,,,61,2026-02-04 12:24:31.572422
ELEC-F,0.0,0.0,0.0,,,61,2026-02-04 12:24:31.572422
NG,2.3,2.28,2.32,800000.0,800000.0,62,2026-02-04 12:24:32.602164
ELEC-day2,0.0,20.76,20.77,364.0,364.0,62,2026-02-04 12:24:32.602164
ELEC-day3,0.0,0.0,0.0,,,62,2026-02-04 12:24:32.602164
ELEC-day4,0.0,0.0,0.0,,,62,2026-02-04 12:24:32.602164
ELEC-day5,0.0,0.0,0.0,,,62,2026-02-04 12:24:32.602164
ELEC-day6,0.0,0.0,0.0,,,62,2026-02-04 12:24:32.602164
ELEC-F,0.0,0.0,0.0,,,62,2026-02-04 12:24:32.602164
NG,2.3,2.28,2.32,800000.0,800000.0,63,2026-02-04 12:24:33.644331
ELEC-day2,0.0,20.76,20.77,364.0,364.0,63,2026-02-04 12:24:33.644331
ELEC-day3,0.0,0.0,0.0,,,63,2026-02-04 12:24:33.644331
ELEC-day4,0.0,0.0,0.0,,,63,2026-02-04 12:24:33.644331
ELEC-day5,0.0,0.0,0.0,,,63,2026-02-04 12:24:33.644331
ELEC-day6,0.0,0.0,0.0,,,63,2026-02-04 12:24:33.644331
ELEC-F,0.0,0.0,0.0,,,63,2026-02-04 12:24:33.644331
NG,2.31,2.29,2.33,800000.0,800000.0,64,2026-02-04 12:24:34.688953
ELEC-day2,0.0,20.76,20.77,364.0,364.0,64,2026-02-04 12:24:34.688953
ELEC-day3,0.0,0.0,0.0,,,64,2026-02-04 12:24:34.688953
ELEC-day4,0.0,0.0,0.0,,,64,2026-02-04 12:24:34.688953
ELEC-day5,0.0,0.0,0.0,,,64,2026-02-04 12:24:34.688953
ELEC-day6,0.0,0.0,0.0,,,64,2026-02-04 12:24:34.688953
ELEC-F,0.0,0.0,0.0,,,64,2026-02-04 12:24:34.688953
NG,2.3,2.28,2.32,800000.0,800000.0,65,2026-02-04 12:24:35.733367
ELEC-day2,0.0,20.76,20.77,364.0,364.0,65,2026-02-04 12:24:35.733367
ELEC-day3,0.0,0.0,0.0,,,65,2026-02-04 12:24:35.733367
ELEC-day4,0.0,0.0,0.0,,,65,2026-02-04 12:24:35.733367
ELEC-day5,0.0,0.0,0.0,,,65,2026-02-04 12:24:35.733367
ELEC-day6,0.0,0.0,0.0,,,65,2026-02-04 12:24:35.733367
ELEC-F,0.0,0.0,0.0,,,65,2026-02-04 12:24:35.733367
