ticker,last_price,bid_price,ask_price,BUY_ANON,SELL_ANON,SELL_CITY-3,BUY_COLB-2,BUY_CITY-3,SELL_COLB-2,tick,timestamp,news_news_id,news_period,news_tick,news_ticker,news_headline,news_body
RTM,51.45,51.44,51.46,100000000.0,100000000.0,0,0,0,0,275,2026-02-03 22:19:44.595625,8.0,1.0,225.0,Week 4,Announcement 3,The analysts have informed you that the realized volatility of RTM this week will be 13%
RTM1C45,6.45,6.44,6.46,1000000.0,1000000.0,0,0,0,0,275,2026-02-03 22:19:44.595625,7.0,1.0,187.0,,News 3,The analysts have informed you that the realized volatility of RTM next week will be between 13% and 18%
RTM1P45,0.02,0.01,0.03,1000000.0,1000000.0,0,0,0,0,275,2026-02-03 22:19:44.595625,6.0,1.0,150.0,Week 3,Announcement 2,The analysts have informed you that the realized volatility of RTM this week will be 38%
RTM1C46,5.45,5.44,5.46,1000000.0,1000000.0,0,0,0,0,275,2026-02-03 22:19:44.595625,5.0,1.0,112.0,,News 2,The analysts have informed you that the realized volatility of RTM next week will be between 33% and 38%
RTM1P46,0.02,0.01,0.03,1000000.0,1000000.0,0,0,0,0,275,2026-02-03 22:19:44.595625,4.0,1.0,75.0,Week 2,Announcement 1,The analysts have informed you that the realized volatility of RTM this week will be 15%
RTM1C47,4.45,4.44,4.46,1000000.0,1000000.0,0,0,0,0,275,2026-02-03 22:19:44.595625,3.0,1.0,36.0,,News 1,The analysts have informed you that the realized volatility of RTM next week will be between 13% and 18%
RTM1P47,0.02,0.01,0.03,1000000.0,1000000.0,0,0,0,0,275,2026-02-03 22:19:44.595625,2.0,1.0,1.0,Week 1,Delta limit and penalty,The delta limit for this sub-heat is 10000 and the penalty percentage is 1%
RTM1C48,3.45,3.44,3.46,1000000.0,1000000.0,0,0,0,0,275,2026-02-03 22:19:44.595625,1.0,1.0,1.0,Week 1,Risk free rate and current annualized volatility of RTM,The current risk free rate is 0%. RTM is an ETF that mimics one of the major indices in the simulated world and its current annualized realized volatility is 39%. This simulation consists of 20 trading days that are each 15 ticks in length.
RTM1P48,0.02,0.01,0.03,1000000.0,1000000.0,0,0,0,0,275,2026-02-03 22:19:44.595625,,,,,,
RTM1C49,2.45,2.44,2.46,1000000.0,1000000.0,0,0,0,0,275,2026-02-03 22:19:44.595625,,,,,,
RTM1P49,0.02,0.01,0.03,1000000.0,1000000.0,0,0,0,0,275,2026-02-03 22:19:44.595625,,,,,,
RTM1C50,1.45,1.44,1.46,1000000.0,1000000.0,0,0,0,0,275,2026-02-03 22:19:44.595625,,,,,,
RTM1P50,0.02,0.01,0.03,1000000.0,1000000.0,0,0,0,0,275,2026-02-03 22:19:44.595625,,,,,,
RTM1C51,0.51,0.5,0.52,1000000.0,1000000.0,0,0,0,0,275,2026-02-03 22:19:44.595625,,,,,,
RTM1P51,0.06,0.05,0.07,1000000.0,1000000.0,0,0,0,0,275,2026-02-03 22:19:44.595625,,,,,,
RTM1C52,0.05,0.04,0.06,1000000.0,1000000.0,0,0,0,0,275,2026-02-03 22:19:44.595625,,,,,,
RTM1P52,0.6,0.59,0.61,1000000.0,1000000.0,0,0,0,0,275,2026-02-03 22:19:44.595625,,,,,,
RTM1C53,0.02,0.01,0.03,1000000.0,1000000.0,0,0,0,0,275,2026-02-03 22:19:44.595625,,,,,,
RTM1P53,1.55,1.54,1.56,1000000.0,1000000.0,0,0,0,0,275,2026-02-03 22:19:44.595625,,,,,,
RTM1C54,0.02,0.01,0.03,1000000.0,1000000.0,0,0,0,0,275,2026-02-03 22:19:44.595625,,,,,,
RTM1P54,2.55,2.54,2.56,1000000.0,1000000.0,0,0,0,0,275,2026-02-03 22:19:44.595625,,,,,,
RTM,51.44,51.43,51.45,100000000.0,100000000.0,0,0,0,0,276,2026-02-03 22:19:45.741524
RTM1C45,6.44,6.43,6.45,1000000.0,1000000.0,0,0,0,0,276,2026-02-03 22:19:45.741524
RTM1P45,0.02,0.01,0.03,1000000.0,1000000.0,0,0,0,0,276,2026-02-03 22:19:45.741524
RTM1C46,5.44,5.43,5.45,1000000.0,1000000.0,0,0,0,0,276,2026-02-03 22:19:45.741524
RTM1P46,0.02,0.01,0.03,1000000.0,1000000.0,0,0,0,0,276,2026-02-03 22:19:45.741524
RTM1C47,4.44,4.43,4.45,1000000.0,1000000.0,0,0,0,0,276,2026-02-03 22:19:45.741524
RTM1P47,0.02,0.01,0.03,1000000.0,1000000.0,0,0,0,0,276,2026-02-03 22:19:45.741524
RTM1C48,3.44,3.43,3.45,1000000.0,1000000.0,0,0,0,0,276,2026-02-03 22:19:45.741524
RTM1P48,0.02,0.01,0.03,1000000.0,1000000.0,0,0,0,0,276,2026-02-03 22:19:45.741524
RTM1C49,2.44,2.43,2.45,1000000.0,1000000.0,0,0,0,0,276,2026-02-03 22:19:45.741524
RTM1P49,0.02,0.01,0.03,1000000.0,1000000.0,0,0,0,0,276,2026-02-03 22:19:45.741524
RTM1C50,1.44,1.43,1.45,1000000.0,1000000.0,0,0,0,0,276,2026-02-03 22:19:45.741524
RTM1P50,0.02,0.01,0.03,1000000.0,1000000.0,0,0,0,0,276,2026-02-03 22:19:45.741524
RTM1C51,0.51,0.5,0.52,1000000.0,1000000.0,0,0,0,0,276,2026-02-03 22:19:45.741524
RTM1P51,0.06,0.05,0.07,1000000.0,1000000.0,0,0,0,0,276,2026-02-03 22:19:45.741524
RTM1C52,0.04,0.03,0.05,1000000.0,1000000.0,0,0,0,0,276,2026-02-03 22:19:45.741524
RTM1P52,0.6,0.59,0.61,1000000.0,1000000.0,0,0,0,0,276,2026-02-03 22:19:45.741524
RTM1C53,0.02,0.01,0.03,1000000.0,1000000.0,0,0,0,0,276,2026-02-03 22:19:45.741524
RTM1P53,1.56,1.55,1.57,1000000.0,1000000.0,0,0,0,0,276,2026-02-03 22:19:45.741524
RTM1C54,0.02,0.01,0.03,1000000.0,1000000.0,0,0,0,0,276,2026-02-03 22:19:45.741524
RTM1P54,2.56,2.55,2.57,1000000.0,1000000.0,0,0,0,0,276,2026-02-03 22:19:45.741524
RTM,51.44,51.43,51.45,100000000.0,100000000.0,0,0,0,0,277,2026-02-03 22:19:46.867208
RTM1C45,6.45,6.43,6.45,1000000.0,1000000.0,0,0,0,0,277,2026-02-03 22:19:46.867208
RTM1P45,0.02,0.01,0.03,1000000.0,1000000.0,0,0,0,0,277,2026-02-03 22:19:46.867208
RTM1C46,5.45,5.43,5.45,1000000.0,1000000.0,0,0,0,0,277,2026-02-03 22:19:46.867208
RTM1P46,0.01,0.01,0.03,1000000.0,1000000.0,0,0,0,0,277,2026-02-03 22:19:46.867208
RTM1C47,4.45,4.43,4.45,1000000.0,1000000.0,0,0,0,0,277,2026-02-03 22:19:46.867208
RTM1P47,0.01,0.01,0.03,1000000.0,1000000.0,0,0,0,0,277,2026-02-03 22:19:46.867208
RTM1C48,3.44,3.43,3.45,1000000.0,1000000.0,0,0,0,0,277,2026-02-03 22:19:46.867208
RTM1P48,0.02,0.01,0.03,1000000.0,1000000.0,0,0,0,0,277,2026-02-03 22:19:46.867208
RTM1C49,2.44,2.43,2.45,1000000.0,1000000.0,0,0,0,0,277,2026-02-03 22:19:46.867208
RTM1P49,0.02,0.01,0.03,1000000.0,1000000.0,0,0,0,0,277,2026-02-03 22:19:46.867208
RTM1C50,1.44,1.43,1.45,1000000.0,1000000.0,0,0,0,0,277,2026-02-03 22:19:46.867208
RTM1P50,0.02,0.01,0.03,1000000.0,1000000.0,0,0,0,0,277,2026-02-03 22:19:46.867208
RTM1C51,0.5,0.49,0.51,1000000.0,1000000.0,0,0,0,0,277,2026-02-03 22:19:46.867208
RTM1P51,0.07,0.06,0.08,1000000.0,1000000.0,0,0,0,0,277,2026-02-03 22:19:46.867208
RTM1C52,0.04,0.03,0.05,1000000.0,1000000.0,0,0,0,0,277,2026-02-03 22:19:46.867208
RTM1P52,0.61,0.6,0.62,1000000.0,1000000.0,0,0,0,0,277,2026-02-03 22:19:46.867208
RTM1C53,0.02,0.01,0.03,1000000.0,1000000.0,0,0,0,0,277,2026-02-03 22:19:46.867208
RTM1P53,1.57,1.56,1.58,1000000.0,1000000.0,0,0,0,0,277,2026-02-03 22:19:46.867208
RTM1C54,0.02,0.01,0.03,1000000.0,1000000.0,0,0,0,0,277,2026-02-03 22:19:46.867208
RTM1P54,2.56,2.55,2.57,1000000.0,1000000.0,0,0,0,0,277,2026-02-03 22:19:46.867208
RTM,51.55,51.54,51.56,100000000.0,100000000.0,0,0,0,0,278,2026-02-03 22:19:47.426501
RTM1C45,6.55,6.54,6.56,1000000.0,1000000.0,0,0,0,0,278,2026-02-03 22:19:47.426501
RTM1P45,0.02,0.01,0.03,1000000.0,1000000.0,0,0,0,0,278,2026-02-03 22:19:47.426501
RTM1C46,5.55,5.54,5.56,1000000.0,1000000.0,0,0,0,0,278,2026-02-03 22:19:47.426501
RTM1P46,0.02,0.01,0.03,1000000.0,1000000.0,0,0,0,0,278,2026-02-03 22:19:47.426501
RTM1C47,4.55,4.54,4.56,1000000.0,1000000.0,0,0,0,0,278,2026-02-03 22:19:47.426501
RTM1P47,0.02,0.01,0.03,1000000.0,1000000.0,0,0,0,0,278,2026-02-03 22:19:47.426501
RTM1C48,3.55,3.54,3.56,1000000.0,1000000.0,0,0,0,0,278,2026-02-03 22:19:47.426501
RTM1P48,0.02,0.01,0.03,1000000.0,1000000.0,0,0,0,0,278,2026-02-03 22:19:47.426501
RTM1C49,2.55,2.54,2.56,1000000.0,1000000.0,0,0,0,0,278,2026-02-03 22:19:47.426501
RTM1P49,0.02,0.01,0.03,1000000.0,1000000.0,0,0,0,0,278,2026-02-03 22:19:47.426501
RTM1C50,1.55,1.54,1.56,1000000.0,1000000.0,0,0,0,0,278,2026-02-03 22:19:47.426501
RTM1P50,0.02,0.01,0.03,1000000.0,1000000.0,0,0,0,0,278,2026-02-03 22:19:47.426501
RTM1C51,0.59,0.58,0.6,1000000.0,1000000.0,0,0,0,0,278,2026-02-03 22:19:47.426501
RTM1P51,0.04,0.03,0.05,1000000.0,1000000.0,0,0,0,0,278,2026-02-03 22:19:47.426501
RTM1C52,0.06,0.05,0.07,1000000.0,1000000.0,0,0,0,0,278,2026-02-03 22:19:47.426501
RTM1P52,0.51,0.5,0.52,1000000.0,1000000.0,0,0,0,0,278,2026-02-03 22:19:47.426501
RTM1C53,0.02,0.01,0.03,1000000.0,1000000.0,0,0,0,0,278,2026-02-03 22:19:47.426501
RTM1P53,1.45,1.44,1.46,1000000.0,1000000.0,0,0,0,0,278,2026-02-03 22:19:47.426501
RTM1C54,0.02,0.01,0.03,1000000.0,1000000.0,0,0,0,0,278,2026-02-03 22:19:47.426501
RTM1P54,2.45,2.44,2.46,1000000.0,1000000.0,0,0,0,0,278,2026-02-03 22:19:47.426501
RTM,51.66,51.65,51.67,100000000.0,100000000.0,0,0,0,0,279,2026-02-03 22:19:48.492329
RTM1C45,6.66,6.65,6.67,1000000.0,1000000.0,0,0,0,0,279,2026-02-03 22:19:48.492329
RTM1P45,0.02,0.01,0.03,1000000.0,1000000.0,0,0,0,0,279,2026-02-03 22:19:48.492329
RTM1C46,5.66,5.65,5.67,1000000.0,1000000.0,0,0,0,0,279,2026-02-03 22:19:48.492329
RTM1P46,0.02,0.01,0.03,1000000.0,1000000.0,0,0,0,0,279,2026-02-03 22:19:48.492329
RTM1C47,4.66,4.65,4.67,1000000.0,1000000.0,0,0,0,0,279,2026-02-03 22:19:48.492329
RTM1P47,0.02,0.01,0.03,1000000.0,1000000.0,0,0,0,0,279,2026-02-03 22:19:48.492329
RTM1C48,3.66,3.65,3.67,1000000.0,1000000.0,0,0,0,0,279,2026-02-03 22:19:48.492329
RTM1P48,0.02,0.01,0.03,1000000.0,1000000.0,0,0,0,0,279,2026-02-03 22:19:48.492329
RTM1C49,2.66,2.65,2.67,1000000.0,1000000.0,0,0,0,0,279,2026-02-03 22:19:48.492329
RTM1P49,0.02,0.01,0.03,1000000.0,1000000.0,0,0,0,0,279,2026-02-03 22:19:48.492329
RTM1C50,1.66,1.65,1.67,1000000.0,1000000.0,0,0,0,0,279,2026-02-03 22:19:48.492329
RTM1P50,0.02,0.01,0.03,1000000.0,1000000.0,0,0,0,0,279,2026-02-03 22:19:48.492329
RTM1C51,0.68,0.67,0.69,1000000.0,1000000.0,0,0,0,0,279,2026-02-03 22:19:48.492329
RTM1P51,0.02,0.01,0.03,1000000.0,1000000.0,0,0,0,0,279,2026-02-03 22:19:48.492329
RTM1C52,0.07,0.06,0.08,1000000.0,1000000.0,0,0,0,0,279,2026-02-03 22:19:48.492329
RTM1P52,0.41,0.4,0.42,1000000.0,1000000.0,0,0,0,0,279,2026-02-03 22:19:48.492329
RTM1C53,0.02,0.01,0.03,1000000.0,1000000.0,0,0,0,0,279,2026-02-03 22:19:48.492329
RTM1P53,1.34,1.33,1.35,1000000.0,1000000.0,0,0,0,0,279,2026-02-03 22:19:48.492329
RTM1C54,0.02,0.01,0.03,1000000.0,1000000.0,0,0,0,0,279,2026-02-03 22:19:48.492329
RTM1P54,2.34,2.33,2.35,1000000.0,1000000.0,0,0,0,0,279,2026-02-03 22:19:48.492329
RTM,51.44,51.42,51.44,100000000.0,100000000.0,0,0,0,0,280,2026-02-03 22:19:49.582822
RTM1C45,6.43,6.42,6.44,1000000.0,1000000.0,0,0,0,0,280,2026-02-03 22:19:49.582822
RTM1P45,0.02,0.01,0.03,1000000.0,1000000.0,0,0,0,0,280,2026-02-03 22:19:49.582822
RTM1C46,5.43,5.42,5.44,1000000.0,1000000.0,0,0,0,0,280,2026-02-03 22:19:49.582822
RTM1P46,0.02,0.01,0.03,1000000.0,1000000.0,0,0,0,0,280,2026-02-03 22:19:49.582822
RTM1C47,4.43,4.42,4.44,1000000.0,1000000.0,0,0,0,0,280,2026-02-03 22:19:49.582822
RTM1P47,0.02,0.01,0.03,1000000.0,1000000.0,0,0,0,0,280,2026-02-03 22:19:49.582822
RTM1C48,3.43,3.42,3.44,1000000.0,1000000.0,0,0,0,0,280,2026-02-03 22:19:49.582822
RTM1P48,0.02,0.01,0.03,1000000.0,1000000.0,0,0,0,0,280,2026-02-03 22:19:49.582822
RTM1C49,2.43,2.42,2.44,1000000.0,1000000.0,0,0,0,0,280,2026-02-03 22:19:49.582822
RTM1P49,0.02,0.01,0.03,1000000.0,1000000.0,0,0,0,0,280,2026-02-03 22:19:49.582822
RTM1C50,1.43,1.42,1.44,1000000.0,1000000.0,0,0,0,0,280,2026-02-03 22:19:49.582822
RTM1P50,0.01,0.01,0.03,1000000.0,1000000.0,0,0,0,0,280,2026-02-03 22:19:49.582822
RTM1C51,0.49,0.48,0.5,1000000.0,1000000.0,0,0,0,0,280,2026-02-03 22:19:49.582822
RTM1P51,0.05,0.04,0.06,1000000.0,1000000.0,0,0,0,0,280,2026-02-03 22:19:49.582822
RTM1C52,0.03,0.02,0.04,1000000.0,1000000.0,0,0,0,0,280,2026-02-03 22:19:49.582822
RTM1P52,0.6,0.59,0.61,1000000.0,1000000.0,0,0,0,0,280,2026-02-03 22:19:49.582822
RTM1C53,0.02,0.01,0.03,1000000.0,1000000.0,0,0,0,0,280,2026-02-03 22:19:49.582822
RTM1P53,1.57,1.56,1.58,1000000.0,1000000.0,0,0,0,0,280,2026-02-03 22:19:49.582822
RTM1C54,0.02,0.01,0.03,1000000.0,1000000.0,0,0,0,0,280,2026-02-03 22:19:49.582822
RTM1P54,2.57,2.56,2.58,1000000.0,1000000.0,0,0,0,0,280,2026-02-03 22:19:49.582822
RTM,51.35,51.34,51.36,100000000.0,100000000.0,0,0,0,0,281,2026-02-03 22:19:50.667145
RTM1C45,6.35,6.34,6.36,1000000.0,1000000.0,0,0,0,0,281,2026-02-03 22:19:50.667145
RTM1P45,0.02,0.01,0.03,1000000.0,1000000.0,0,0,0,0,281,2026-02-03 22:19:50.667145
RTM1C46,5.35,5.34,5.36,1000000.0,1000000.0,0,0,0,0,281,2026-02-03 22:19:50.667145
RTM1P46,0.02,0.01,0.03,1000000.0,1000000.0,0,0,0,0,281,2026-02-03 22:19:50.667145
RTM1C47,4.35,4.34,4.36,1000000.0,1000000.0,0,0,0,0,281,2026-02-03 22:19:50.667145
RTM1P47,0.02,0.01,0.03,1000000.0,1000000.0,0,0,0,0,281,2026-02-03 22:19:50.667145
RTM1C48,3.35,3.34,3.36,1000000.0,1000000.0,0,0,0,0,281,2026-02-03 22:19:50.667145
RTM1P48,0.02,0.01,0.03,1000000.0,1000000.0,0,0,0,0,281,2026-02-03 22:19:50.667145
RTM1C49,2.35,2.34,2.36,1000000.0,1000000.0,0,0,0,0,281,2026-02-03 22:19:50.667145
RTM1P49,0.02,0.01,0.03,1000000.0,1000000.0,0,0,0,0,281,2026-02-03 22:19:50.667145
RTM1C50,1.35,1.34,1.36,1000000.0,1000000.0,0,0,0,0,281,2026-02-03 22:19:50.667145
RTM1P50,0.02,0.01,0.03,1000000.0,1000000.0,0,0,0,0,281,2026-02-03 22:19:50.667145
RTM1C51,0.41,0.4,0.42,1000000.0,1000000.0,0,0,0,0,281,2026-02-03 22:19:50.667145
RTM1P51,0.07,0.06,0.08,1000000.0,1000000.0,0,0,0,0,281,2026-02-03 22:19:50.667145
RTM1C52,0.02,0.01,0.03,1000000.0,1000000.0,0,0,0,0,281,2026-02-03 22:19:50.667145
RTM1P52,0.67,0.66,0.68,1000000.0,1000000.0,0,0,0,0,281,2026-02-03 22:19:50.667145
RTM1C53,0.02,0.01,0.03,1000000.0,1000000.0,0,0,0,0,281,2026-02-03 22:19:50.667145
RTM1P53,1.65,1.64,1.66,1000000.0,1000000.0,0,0,0,0,281,2026-02-03 22:19:50.667145
RTM1C54,0.02,0.01,0.03,1000000.0,1000000.0,0,0,0,0,281,2026-02-03 22:19:50.667145
RTM1P54,2.65,2.64,2.66,1000000.0,1000000.0,0,0,0,0,281,2026-02-03 22:19:50.667145
RTM,51.27,51.26,51.28,100000000.0,100000000.0,0,0,0,0,282,2026-02-03 22:19:51.725647
RTM1C45,6.27,6.26,6.28,1000000.0,1000000.0,0,0,0,0,282,2026-02-03 22:19:51.725647
RTM1P45,0.02,0.01,0.03,1000000.0,1000000.0,0,0,0,0,282,2026-02-03 22:19:51.725647
RTM1C46,5.27,5.26,5.28,1000000.0,1000000.0,0,0,0,0,282,2026-02-03 22:19:51.725647
RTM1P46,0.02,0.01,0.03,1000000.0,1000000.0,0,0,0,0,282,2026-02-03 22:19:51.725647
RTM1C47,4.27,4.26,4.28,1000000.0,1000000.0,0,0,0,0,282,2026-02-03 22:19:51.725647
RTM1P47,0.02,0.01,0.03,1000000.0,1000000.0,0,0,0,0,282,2026-02-03 22:19:51.725647
RTM1C48,3.27,3.26,3.28,1000000.0,1000000.0,0,0,0,0,282,2026-02-03 22:19:51.725647
RTM1P48,0.02,0.01,0.03,1000000.0,1000000.0,0,0,0,0,282,2026-02-03 22:19:51.725647
RTM1C49,2.27,2.26,2.28,1000000.0,1000000.0,0,0,0,0,282,2026-02-03 22:19:51.725647
RTM1P49,0.02,0.01,0.03,1000000.0,1000000.0,0,0,0,0,282,2026-02-03 22:19:51.725647
RTM1C50,1.27,1.26,1.28,1000000.0,1000000.0,0,0,0,0,282,2026-02-03 22:19:51.725647
RTM1P50,0.02,0.01,0.03,1000000.0,1000000.0,0,0,0,0,282,2026-02-03 22:19:51.725647
RTM1C51,0.35,0.34,0.36,1000000.0,1000000.0,0,0,0,0,282,2026-02-03 22:19:51.725647
RTM1P51,0.08,0.07,0.09,1000000.0,1000000.0,0,0,0,0,282,2026-02-03 22:19:51.725647
RTM1C52,0.02,0.01,0.03,1000000.0,1000000.0,0,0,0,0,282,2026-02-03 22:19:51.725647
RTM1P52,0.75,0.74,0.76,1000000.0,1000000.0,0,0,0,0,282,2026-02-03 22:19:51.725647
RTM1C53,0.02,0.01,0.03,1000000.0,1000000.0,0,0,0,0,282,2026-02-03 22:19:51.725647
RTM1P53,1.73,1.72,1.74,1000000.0,1000000.0,0,0,0,0,282,2026-02-03 22:19:51.725647
RTM1C54,0.02,0.01,0.03,1000000.0,1000000.0,0,0,0,0,282,2026-02-03 22:19:51.725647
RTM1P54,2.73,2.72,2.74,1000000.0,1000000.0,0,0,0,0,282,2026-02-03 22:19:51.725647
RTM,51.22,51.21,51.23,100000000.0,100000000.0,0,0,0,0,283,2026-02-03 22:19:52.783319
RTM1C45,6.22,6.21,6.23,1000000.0,1000000.0,0,0,0,0,283,2026-02-03 22:19:52.783319
RTM1P45,0.02,0.01,0.03,1000000.0,1000000.0,0,0,0,0,283,2026-02-03 22:19:52.783319
RTM1C46,5.22,5.21,5.23,1000000.0,1000000.0,0,0,0,0,283,2026-02-03 22:19:52.783319
RTM1P46,0.02,0.01,0.03,1000000.0,1000000.0,0,0,0,0,283,2026-02-03 22:19:52.783319
RTM1C47,4.22,4.21,4.23,1000000.0,1000000.0,0,0,0,0,283,2026-02-03 22:19:52.783319
RTM1P47,0.02,0.01,0.03,1000000.0,1000000.0,0,0,0,0,283,2026-02-03 22:19:52.783319
RTM1C48,3.23,3.21,3.23,1000000.0,1000000.0,0,0,0,0,283,2026-02-03 22:19:52.783319
RTM1P48,0.03,0.01,0.03,1000000.0,1000000.0,0,0,0,0,283,2026-02-03 22:19:52.783319
RTM1C49,2.22,2.21,2.23,1000000.0,1000000.0,0,0,0,0,283,2026-02-03 22:19:52.783319
RTM1P49,0.03,0.01,0.03,1000000.0,1000000.0,0,0,0,0,283,2026-02-03 22:19:52.783319
RTM1C50,1.22,1.21,1.23,1000000.0,1000000.0,0,0,0,0,283,2026-02-03 22:19:52.783319
RTM1P50,0.02,0.01,0.03,1000000.0,1000000.0,0,0,0,0,283,2026-02-03 22:19:52.783319
RTM1C51,0.32,0.31,0.33,1000000.0,1000000.0,0,0,0,0,283,2026-02-03 22:19:52.783319
RTM1P51,0.09,0.08,0.1,1000000.0,1000000.0,0,0,0,0,283,2026-02-03 22:19:52.783319
RTM1C52,0.02,0.01,0.03,1000000.0,1000000.0,0,0,0,0,283,2026-02-03 22:19:52.783319
RTM1P52,0.79,0.78,0.8,1000000.0,1000000.0,0,0,0,0,283,2026-02-03 22:19:52.783319
RTM1C53,0.02,0.01,0.03,1000000.0,1000000.0,0,0,0,0,283,2026-02-03 22:19:52.783319
RTM1P53,1.78,1.77,1.79,1000000.0,1000000.0,0,0,0,0,283,2026-02-03 22:19:52.783319
RTM1C54,0.02,0.01,0.03,1000000.0,1000000.0,0,0,0,0,283,2026-02-03 22:19:52.783319
RTM1P54,2.78,2.77,2.79,1000000.0,1000000.0,0,0,0,0,283,2026-02-03 22:19:52.783319
RTM,51.35,51.35,51.37,100000000.0,100000000.0,0,0,0,0,284,2026-02-03 22:19:53.830158
RTM1C45,6.36,6.35,6.37,1000000.0,1000000.0,0,0,0,0,284,2026-02-03 22:19:53.830158
RTM1P45,0.02,0.01,0.03,1000000.0,1000000.0,0,0,0,0,284,2026-02-03 22:19:53.830158
RTM1C46,5.36,5.35,5.37,1000000.0,1000000.0,0,0,0,0,284,2026-02-03 22:19:53.830158
RTM1P46,0.02,0.01,0.03,1000000.0,1000000.0,0,0,0,0,284,2026-02-03 22:19:53.830158
RTM1C47,4.36,4.35,4.37,1000000.0,1000000.0,0,0,0,0,284,2026-02-03 22:19:53.830158
RTM1P47,0.02,0.01,0.03,1000000.0,1000000.0,0,0,0,0,284,2026-02-03 22:19:53.830158
RTM1C48,3.36,3.35,3.37,1000000.0,1000000.0,0,0,0,0,284,2026-02-03 22:19:53.830158
RTM1P48,0.02,0.01,0.03,1000000.0,1000000.0,0,0,0,0,284,2026-02-03 22:19:53.830158
RTM1C49,2.36,2.35,2.37,1000000.0,1000000.0,0,0,0,0,284,2026-02-03 22:19:53.830158
RTM1P49,0.02,0.01,0.03,1000000.0,1000000.0,0,0,0,0,284,2026-02-03 22:19:53.830158
RTM1C50,1.36,1.35,1.37,1000000.0,1000000.0,0,0,0,0,284,2026-02-03 22:19:53.830158
RTM1P50,0.02,0.01,0.03,1000000.0,1000000.0,0,0,0,0,284,2026-02-03 22:19:53.830158
RTM1C51,0.42,0.41,0.43,1000000.0,1000000.0,0,0,0,0,284,2026-02-03 22:19:53.830158
RTM1P51,0.05,0.04,0.06,1000000.0,1000000.0,0,0,0,0,284,2026-02-03 22:19:53.830158
RTM1C52,0.02,0.01,0.03,1000000.0,1000000.0,0,0,0,0,284,2026-02-03 22:19:53.830158
RTM1P52,0.65,0.64,0.66,1000000.0,1000000.0,0,0,0,0,284,2026-02-03 22:19:53.830158
RTM1C53,0.02,0.01,0.03,1000000.0,1000000.0,0,0,0,0,284,2026-02-03 22:19:53.830158
RTM1P53,1.64,1.63,1.65,1000000.0,1000000.0,0,0,0,0,284,2026-02-03 22:19:53.830158
RTM1C54,0.02,0.01,0.03,1000000.0,1000000.0,0,0,0,0,284,2026-02-03 22:19:53.830158
RTM1P54,2.64,2.63,2.65,1000000.0,1000000.0,0,0,0,0,284,2026-02-03 22:19:53.830158
RTM,51.5,51.48,51.5,100000000.0,100000000.0,0,0,0,0,285,2026-02-03 22:19:54.897432
RTM1C45,6.49,6.48,6.5,1000000.0,1000000.0,0,0,0,0,285,2026-02-03 22:19:54.897432
RTM1P45,0.01,0.01,0.03,1000000.0,1000000.0,0,0,0,0,285,2026-02-03 22:19:54.897432
RTM1C46,5.49,5.48,5.5,1000000.0,1000000.0,0,0,0,0,285,2026-02-03 22:19:54.897432
RTM1P46,0.02,0.01,0.03,1000000.0,1000000.0,0,0,0,0,285,2026-02-03 22:19:54.897432
RTM1C47,4.49,4.48,4.5,1000000.0,1000000.0,0,0,0,0,285,2026-02-03 22:19:54.897432
RTM1P47,0.01,0.01,0.03,1000000.0,1000000.0,0,0,0,0,285,2026-02-03 22:19:54.897432
RTM1C48,3.49,3.48,3.5,1000000.0,1000000.0,0,0,0,0,285,2026-02-03 22:19:54.897432
RTM1P48,0.01,0.01,0.03,1000000.0,1000000.0,0,0,0,0,285,2026-02-03 22:19:54.897432
RTM1C49,2.49,2.48,2.5,1000000.0,1000000.0,0,0,0,0,285,2026-02-03 22:19:54.897432
RTM1P49,0.01,0.01,0.03,1000000.0,1000000.0,0,0,0,0,285,2026-02-03 22:19:54.897432
RTM1C50,1.49,1.48,1.5,1000000.0,1000000.0,0,0,0,0,285,2026-02-03 22:19:54.897432
RTM1P50,0.01,0.01,0.03,1000000.0,1000000.0,0,0,0,0,285,2026-02-03 22:19:54.897432
RTM1C51,0.51,0.5,0.52,1000000.0,1000000.0,0,0,0,0,285,2026-02-03 22:19:54.897432
RTM1P51,0.02,0.01,0.03,1000000.0,1000000.0,0,0,0,0,285,2026-02-03 22:19:54.897432
RTM1C52,0.02,0.01,0.03,1000000.0,1000000.0,0,0,0,0,285,2026-02-03 22:19:54.897432
RTM1P52,0.53,0.52,0.54,1000000.0,1000000.0,0,0,0,0,285,2026-02-03 22:19:54.897432
RTM1C53,0.02,0.01,0.03,1000000.0,1000000.0,0,0,0,0,285,2026-02-03 22:19:54.897432
RTM1P53,1.51,1.5,1.52,1000000.0,1000000.0,0,0,0,0,285,2026-02-03 22:19:54.897432
RTM1C54,0.02,0.01,0.03,1000000.0,1000000.0,0,0,0,0,285,2026-02-03 22:19:54.897432
RTM1P54,2.51,2.5,2.52,1000000.0,1000000.0,0,0,0,0,285,2026-02-03 22:19:54.897432
RTM,51.5,51.49,51.51,100000000.0,100000000.0,0,0,0,0,286,2026-02-03 22:19:55.459779
RTM1C45,6.5,6.49,6.51,1000000.0,1000000.0,0,0,0,0,286,2026-02-03 22:19:55.459779
RTM1P45,0.02,0.01,0.03,1000000.0,1000000.0,0,0,0,0,286,2026-02-03 22:19:55.459779
RTM1C46,5.5,5.49,5.51,1000000.0,1000000.0,0,0,0,0,286,2026-02-03 22:19:55.459779
RTM1P46,0.02,0.01,0.03,1000000.0,1000000.0,0,0,0,0,286,2026-02-03 22:19:55.459779
RTM1C47,4.5,4.49,4.51,1000000.0,1000000.0,0,0,0,0,286,2026-02-03 22:19:55.459779
RTM1P47,0.02,0.01,0.03,1000000.0,1000000.0,0,0,0,0,286,2026-02-03 22:19:55.459779
RTM1C48,3.5,3.49,3.51,1000000.0,1000000.0,0,0,0,0,286,2026-02-03 22:19:55.459779
RTM1P48,0.02,0.01,0.03,1000000.0,1000000.0,0,0,0,0,286,2026-02-03 22:19:55.459779
RTM1C49,2.5,2.49,2.51,1000000.0,1000000.0,0,0,0,0,286,2026-02-03 22:19:55.459779
RTM1P49,0.02,0.01,0.03,1000000.0,1000000.0,0,0,0,0,286,2026-02-03 22:19:55.459779
RTM1C50,1.5,1.49,1.51,1000000.0,1000000.0,0,0,0,0,286,2026-02-03 22:19:55.459779
RTM1P50,0.02,0.01,0.03,1000000.0,1000000.0,0,0,0,0,286,2026-02-03 22:19:55.459779
RTM1C51,0.52,0.51,0.53,1000000.0,1000000.0,0,0,0,0,286,2026-02-03 22:19:55.459779
RTM1P51,0.02,0.01,0.03,1000000.0,1000000.0,0,0,0,0,286,2026-02-03 22:19:55.459779
RTM1C52,0.02,0.01,0.03,1000000.0,1000000.0,0,0,0,0,286,2026-02-03 22:19:55.459779
RTM1P52,0.52,0.51,0.53,1000000.0,1000000.0,0,0,0,0,286,2026-02-03 22:19:55.459779
RTM1C53,0.02,0.01,0.03,1000000.0,1000000.0,0,0,0,0,286,2026-02-03 22:19:55.459779
RTM1P53,1.5,1.49,1.51,1000000.0,1000000.0,0,0,0,0,286,2026-02-03 22:19:55.459779
RTM1C54,0.02,0.01,0.03,1000000.0,1000000.0,0,0,0,0,286,2026-02-03 22:19:55.459779
RTM1P54,2.5,2.49,2.51,1000000.0,1000000.0,0,0,0,0,286,2026-02-03 22:19:55.459779
RTM,51.56,51.55,51.57,100000000.0,100000000.0,0,0,0,0,287,2026-02-03 22:19:56.520240
RTM1C45,6.56,6.55,6.57,1000000.0,1000000.0,0,0,0,0,287,2026-02-03 22:19:56.520240
RTM1P45,0.02,0.01,0.03,1000000.0,1000000.0,0,0,0,0,287,2026-02-03 22:19:56.520240
RTM1C46,5.56,5.55,5.57,1000000.0,1000000.0,0,0,0,0,287,2026-02-03 22:19:56.520240
RTM1P46,0.02,0.01,0.03,1000000.0,1000000.0,0,0,0,0,287,2026-02-03 22:19:56.520240
RTM1C47,4.56,4.55,4.57,1000000.0,1000000.0,0,0,0,0,287,2026-02-03 22:19:56.520240
RTM1P47,0.02,0.01,0.03,1000000.0,1000000.0,0,0,0,0,287,2026-02-03 22:19:56.520240
RTM1C48,3.56,3.55,3.57,1000000.0,1000000.0,0,0,0,0,287,2026-02-03 22:19:56.520240
RTM1P48,0.02,0.01,0.03,1000000.0,1000000.0,0,0,0,0,287,2026-02-03 22:19:56.520240
RTM1C49,2.56,2.55,2.57,1000000.0,1000000.0,0,0,0,0,287,2026-02-03 22:19:56.520240
RTM1P49,0.02,0.01,0.03,1000000.0,1000000.0,0,0,0,0,287,2026-02-03 22:19:56.520240
RTM1C50,1.56,1.55,1.57,1000000.0,1000000.0,0,0,0,0,287,2026-02-03 22:19:56.520240
RTM1P50,0.02,0.01,0.03,1000000.0,1000000.0,0,0,0,0,287,2026-02-03 22:19:56.520240
RTM1C51,0.57,0.56,0.58,1000000.0,1000000.0,0,0,0,0,287,2026-02-03 22:19:56.520240
RTM1P51,0.02,0.01,0.03,1000000.0,1000000.0,0,0,0,0,287,2026-02-03 22:19:56.520240
RTM1C52,0.03,0.02,0.04,1000000.0,1000000.0,0,0,0,0,287,2026-02-03 22:19:56.520240
RTM1P52,0.47,0.46,0.48,1000000.0,1000000.0,0,0,0,0,287,2026-02-03 22:19:56.520240
RTM1C53,0.02,0.01,0.03,1000000.0,1000000.0,0,0,0,0,287,2026-02-03 22:19:56.520240
RTM1P53,1.44,1.43,1.45,1000000.0,1000000.0,0,0,0,0,287,2026-02-03 22:19:56.520240
RTM1C54,0.02,0.01,0.03,1000000.0,1000000.0,0,0,0,0,287,2026-02-03 22:19:56.520240
RTM1P54,2.44,2.43,2.45,1000000.0,1000000.0,0,0,0,0,287,2026-02-03 22:19:56.520240
RTM,51.48,51.47,51.49,100000000.0,100000000.0,0,0,0,0,288,2026-02-03 22:19:57.603606
RTM1C45,6.48,6.47,6.49,1000000.0,1000000.0,0,0,0,0,288,2026-02-03 22:19:57.603606
RTM1P45,0.02,0.01,0.03,1000000.0,1000000.0,0,0,0,0,288,2026-02-03 22:19:57.603606
RTM1C46,5.48,5.47,5.49,1000000.0,1000000.0,0,0,0,0,288,2026-02-03 22:19:57.603606
RTM1P46,0.01,0.01,0.03,1000000.0,1000000.0,0,0,0,0,288,2026-02-03 22:19:57.603606
RTM1C47,4.48,4.47,4.49,1000000.0,1000000.0,0,0,0,0,288,2026-02-03 22:19:57.603606
RTM1P47,0.02,0.01,0.03,1000000.0,1000000.0,0,0,0,0,288,2026-02-03 22:19:57.603606
RTM1C48,3.48,3.47,3.49,1000000.0,1000000.0,0,0,0,0,288,2026-02-03 22:19:57.603606
RTM1P48,0.02,0.01,0.03,1000000.0,1000000.0,0,0,0,0,288,2026-02-03 22:19:57.603606
RTM1C49,2.48,2.47,2.49,1000000.0,1000000.0,0,0,0,0,288,2026-02-03 22:19:57.603606
RTM1P49,0.02,0.01,0.03,1000000.0,1000000.0,0,0,0,0,288,2026-02-03 22:19:57.603606
RTM1C50,1.48,1.47,1.49,1000000.0,1000000.0,0,0,0,0,288,2026-02-03 22:19:57.603606
RTM1P50,0.02,0.01,0.03,1000000.0,1000000.0,0,0,0,0,288,2026-02-03 22:19:57.603606
RTM1C51,0.5,0.49,0.51,1000000.0,1000000.0,0,0,0,0,288,2026-02-03 22:19:57.603606
RTM1P51,0.02,0.01,0.03,1000000.0,1000000.0,0,0,0,0,288,2026-02-03 22:19:57.603606
RTM1C52,0.02,0.01,0.03,1000000.0,1000000.0,0,0,0,0,288,2026-02-03 22:19:57.603606
RTM1P52,0.54,0.53,0.55,1000000.0,1000000.0,0,0,0,0,288,2026-02-03 22:19:57.603606
RTM1C53,0.02,0.01,0.03,1000000.0,1000000.0,0,0,0,0,288,2026-02-03 22:19:57.603606
RTM1P53,1.52,1.51,1.53,1000000.0,1000000.0,0,0,0,0,288,2026-02-03 22:19:57.603606
RTM1C54,0.02,0.01,0.03,1000000.0,1000000.0,0,0,0,0,288,2026-02-03 22:19:57.603606
RTM1P54,2.52,2.51,2.53,1000000.0,1000000.0,0,0,0,0,288,2026-02-03 22:19:57.603606
RTM,51.31,51.3,51.32,100000000.0,100000000.0,0,0,0,0,289,2026-02-03 22:19:58.675251
RTM1C45,6.31,6.3,6.32,1000000.0,1000000.0,0,0,0,0,289,2026-02-03 22:19:58.675251
RTM1P45,0.02,0.01,0.03,1000000.0,1000000.0,0,0,0,0,289,2026-02-03 22:19:58.675251
RTM1C46,5.31,5.3,5.32,1000000.0,1000000.0,0,0,0,0,289,2026-02-03 22:19:58.675251
RTM1P46,0.02,0.01,0.03,1000000.0,1000000.0,0,0,0,0,289,2026-02-03 22:19:58.675251
RTM1C47,4.31,4.3,4.32,1000000.0,1000000.0,0,0,0,0,289,2026-02-03 22:19:58.675251
RTM1P47,0.02,0.01,0.03,1000000.0,1000000.0,0,0,0,0,289,2026-02-03 22:19:58.675251
RTM1C48,3.31,3.3,3.32,1000000.0,1000000.0,0,0,0,0,289,2026-02-03 22:19:58.675251
RTM1P48,0.02,0.01,0.03,1000000.0,1000000.0,0,0,0,0,289,2026-02-03 22:19:58.675251
RTM1C49,2.31,2.3,2.32,1000000.0,1000000.0,0,0,0,0,289,2026-02-03 22:19:58.675251
RTM1P49,0.02,0.01,0.03,1000000.0,1000000.0,0,0,0,0,289,2026-02-03 22:19:58.675251
RTM1C50,1.31,1.3,1.32,1000000.0,1000000.0,0,0,0,0,289,2026-02-03 22:19:58.675251
RTM1P50,0.02,0.01,0.03,1000000.0,1000000.0,0,0,0,0,289,2026-02-03 22:19:58.675251
RTM1C51,0.35,0.34,0.36,1000000.0,1000000.0,0,0,0,0,289,2026-02-03 22:19:58.675251
RTM1P51,0.04,0.03,0.05,1000000.0,1000000.0,0,0,0,0,289,2026-02-03 22:19:58.675251
RTM1C52,0.02,0.01,0.03,1000000.0,1000000.0,0,0,0,0,289,2026-02-03 22:19:58.675251
RTM1P52,0.7,0.69,0.71,1000000.0,1000000.0,0,0,0,0,289,2026-02-03 22:19:58.675251
RTM1C53,0.02,0.01,0.03,1000000.0,1000000.0,0,0,0,0,289,2026-02-03 22:19:58.675251
RTM1P53,1.69,1.68,1.7,1000000.0,1000000.0,0,0,0,0,289,2026-02-03 22:19:58.675251
RTM1C54,0.02,0.01,0.03,1000000.0,1000000.0,0,0,0,0,289,2026-02-03 22:19:58.675251
RTM1P54,2.69,2.68,2.7,1000000.0,1000000.0,0,0,0,0,289,2026-02-03 22:19:58.675251
RTM,51.48,51.47,51.49,100000000.0,100000000.0,0,0,0,0,290,2026-02-03 22:19:59.729312
RTM1C45,6.48,6.47,6.49,1000000.0,1000000.0,0,0,0,0,290,2026-02-03 22:19:59.729312
RTM1P45,0.02,0.01,0.03,1000000.0,1000000.0,0,0,0,0,290,2026-02-03 22:19:59.729312
RTM1C46,5.48,5.47,5.49,1000000.0,1000000.0,0,0,0,0,290,2026-02-03 22:19:59.729312
RTM1P46,0.02,0.01,0.03,1000000.0,1000000.0,0,0,0,0,290,2026-02-03 22:19:59.729312
RTM1C47,4.48,4.47,4.49,1000000.0,1000000.0,0,0,0,0,290,2026-02-03 22:19:59.729312
RTM1P47,0.02,0.01,0.03,1000000.0,1000000.0,0,0,0,0,290,2026-02-03 22:19:59.729312
RTM1C48,3.48,3.47,3.49,1000000.0,1000000.0,0,0,0,0,290,2026-02-03 22:19:59.729312
RTM1P48,0.02,0.01,0.03,1000000.0,1000000.0,0,0,0,0,290,2026-02-03 22:19:59.729312
RTM1C49,2.48,2.47,2.49,1000000.0,1000000.0,0,0,0,0,290,2026-02-03 22:19:59.729312
RTM1P49,0.02,0.01,0.03,1000000.0,1000000.0,0,0,0,0,290,2026-02-03 22:19:59.729312
RTM1C50,1.48,1.47,1.49,1000000.0,1000000.0,0,0,0,0,290,2026-02-03 22:19:59.729312
RTM1P50,0.02,0.01,0.03,1000000.0,1000000.0,0,0,0,0,290,2026-02-03 22:19:59.729312
RTM1C51,0.5,0.49,0.51,1000000.0,1000000.0,0,0,0,0,290,2026-02-03 22:19:59.729312
RTM1P51,0.02,0.01,0.03,1000000.0,1000000.0,0,0,0,0,290,2026-02-03 22:19:59.729312
RTM1C52,0.02,0.01,0.03,1000000.0,1000000.0,0,0,0,0,290,2026-02-03 22:19:59.729312
RTM1P52,0.53,0.52,0.54,1000000.0,1000000.0,0,0,0,0,290,2026-02-03 22:19:59.729312
RTM1C53,0.02,0.01,0.03,1000000.0,1000000.0,0,0,0,0,290,2026-02-03 22:19:59.729312
RTM1P53,1.52,1.51,1.53,1000000.0,1000000.0,0,0,0,0,290,2026-02-03 22:19:59.729312
RTM1C54,0.02,0.01,0.03,1000000.0,1000000.0,0,0,0,0,290,2026-02-03 22:19:59.729312
RTM1P54,2.52,2.51,2.53,1000000.0,1000000.0,0,0,0,0,290,2026-02-03 22:19:59.729312
RTM,51.58,51.57,51.59,100000000.0,100000000.0,0,0,0,0,291,2026-02-03 22:20:00.793833
RTM1C45,6.57,6.57,6.59,1000000.0,1000000.0,0,0,0,0,291,2026-02-03 22:20:00.793833
RTM1P45,0.02,0.01,0.03,1000000.0,1000000.0,0,0,0,0,291,2026-02-03 22:20:00.793833
RTM1C46,5.57,5.57,5.59,1000000.0,1000000.0,0,0,0,0,291,2026-02-03 22:20:00.793833
RTM1P46,0.02,0.01,0.03,1000000.0,1000000.0,0,0,0,0,291,2026-02-03 22:20:00.793833
RTM1C47,4.58,4.57,4.59,1000000.0,1000000.0,0,0,0,0,291,2026-02-03 22:20:00.793833
RTM1P47,0.02,0.01,0.03,1000000.0,1000000.0,0,0,0,0,291,2026-02-03 22:20:00.793833
RTM1C48,3.58,3.57,3.59,1000000.0,1000000.0,0,0,0,0,291,2026-02-03 22:20:00.793833
RTM1P48,0.02,0.01,0.03,1000000.0,1000000.0,0,0,0,0,291,2026-02-03 22:20:00.793833
RTM1C49,2.58,2.57,2.59,1000000.0,1000000.0,0,0,0,0,291,2026-02-03 22:20:00.793833
RTM1P49,0.02,0.01,0.03,1000000.0,1000000.0,0,0,0,0,291,2026-02-03 22:20:00.793833
RTM1C50,1.59,1.57,1.59,1000000.0,1000000.0,0,0,0,0,291,2026-02-03 22:20:00.793833
RTM1P50,0.02,0.01,0.03,1000000.0,1000000.0,0,0,0,0,291,2026-02-03 22:20:00.793833
RTM1C51,0.58,0.57,0.59,1000000.0,1000000.0,0,0,0,0,291,2026-02-03 22:20:00.793833
RTM1P51,0.02,0.01,0.03,1000000.0,1000000.0,0,0,0,0,291,2026-02-03 22:20:00.793833
RTM1C52,0.02,0.01,0.03,1000000.0,1000000.0,0,0,0,0,291,2026-02-03 22:20:00.793833
RTM1P52,0.44,0.43,0.45,1000000.0,1000000.0,0,0,0,0,291,2026-02-03 22:20:00.793833
RTM1C53,0.02,0.01,0.03,1000000.0,1000000.0,0,0,0,0,291,2026-02-03 22:20:00.793833
RTM1P53,1.42,1.41,1.43,1000000.0,1000000.0,0,0,0,0,291,2026-02-03 22:20:00.793833
RTM1C54,0.01,0.01,0.03,1000000.0,1000000.0,0,0,0,0,291,2026-02-03 22:20:00.793833
RTM1P54,2.42,2.41,2.43,1000000.0,1000000.0,0,0,0,0,291,2026-02-03 22:20:00.793833
RTM,51.59,51.57,51.59,100000000.0,100000000.0,0,0,0,0,292,2026-02-03 22:20:01.876821
RTM1C45,6.58,6.57,6.59,1000000.0,1000000.0,0,0,0,0,292,2026-02-03 22:20:01.876821
RTM1P45,0.02,0.01,0.03,1000000.0,1000000.0,0,0,0,0,292,2026-02-03 22:20:01.876821
RTM1C46,5.58,5.57,5.59,1000000.0,1000000.0,0,0,0,0,292,2026-02-03 22:20:01.876821
RTM1P46,0.01,0.01,0.03,1000000.0,1000000.0,0,0,0,0,292,2026-02-03 22:20:01.876821
RTM1C47,4.58,4.57,4.59,1000000.0,1000000.0,0,0,0,0,292,2026-02-03 22:20:01.876821
RTM1P47,0.02,0.01,0.03,1000000.0,1000000.0,0,0,0,0,292,2026-02-03 22:20:01.876821
RTM1C48,3.58,3.57,3.59,1000000.0,1000000.0,0,0,0,0,292,2026-02-03 22:20:01.876821
RTM1P48,0.02,0.01,0.03,1000000.0,1000000.0,0,0,0,0,292,2026-02-03 22:20:01.876821
RTM1C49,2.58,2.57,2.59,1000000.0,1000000.0,0,0,0,0,292,2026-02-03 22:20:01.876821
RTM1P49,0.02,0.01,0.03,1000000.0,1000000.0,0,0,0,0,292,2026-02-03 22:20:01.876821
RTM1C50,1.58,1.57,1.59,1000000.0,1000000.0,0,0,0,0,292,2026-02-03 22:20:01.876821
RTM1P50,0.02,0.01,0.03,1000000.0,1000000.0,0,0,0,0,292,2026-02-03 22:20:01.876821
RTM1C51,0.58,0.57,0.59,1000000.0,1000000.0,0,0,0,0,292,2026-02-03 22:20:01.876821
RTM1P51,0.02,0.01,0.03,1000000.0,1000000.0,0,0,0,0,292,2026-02-03 22:20:01.876821
RTM1C52,0.02,0.01,0.03,1000000.0,1000000.0,0,0,0,0,292,2026-02-03 22:20:01.876821
RTM1P52,0.43,0.42,0.44,1000000.0,1000000.0,0,0,0,0,292,2026-02-03 22:20:01.876821
RTM1C53,0.02,0.01,0.03,1000000.0,1000000.0,0,0,0,0,292,2026-02-03 22:20:01.876821
RTM1P53,1.42,1.41,1.43,1000000.0,1000000.0,0,0,0,0,292,2026-02-03 22:20:01.876821
RTM1C54,0.02,0.01,0.03,1000000.0,1000000.0,0,0,0,0,292,2026-02-03 22:20:01.876821
RTM1P54,2.42,2.41,2.43,1000000.0,1000000.0,0,0,0,0,292,2026-02-03 22:20:01.876821
RTM,51.7,51.69,51.71,100000000.0,100000000.0,0,0,0,0,293,2026-02-03 22:20:02.966769
RTM1C45,6.7,6.69,6.71,1000000.0,1000000.0,0,0,0,0,293,2026-02-03 22:20:02.966769
RTM1P45,0.02,0.01,0.03,1000000.0,1000000.0,0,0,0,0,293,2026-02-03 22:20:02.966769
RTM1C46,5.7,5.69,5.71,1000000.0,1000000.0,0,0,0,0,293,2026-02-03 22:20:02.966769
RTM1P46,0.02,0.01,0.03,1000000.0,1000000.0,0,0,0,0,293,2026-02-03 22:20:02.966769
RTM1C47,4.7,4.69,4.71,1000000.0,1000000.0,0,0,0,0,293,2026-02-03 22:20:02.966769
RTM1P47,0.02,0.01,0.03,1000000.0,1000000.0,0,0,0,0,293,2026-02-03 22:20:02.966769
RTM1C48,3.7,3.69,3.71,1000000.0,1000000.0,0,0,0,0,293,2026-02-03 22:20:02.966769
RTM1P48,0.02,0.01,0.03,1000000.0,1000000.0,0,0,0,0,293,2026-02-03 22:20:02.966769
RTM1C49,2.7,2.69,2.71,1000000.0,1000000.0,0,0,0,0,293,2026-02-03 22:20:02.966769
RTM1P49,0.02,0.01,0.03,1000000.0,1000000.0,0,0,0,0,293,2026-02-03 22:20:02.966769
RTM1C50,1.7,1.69,1.71,1000000.0,1000000.0,0,0,0,0,293,2026-02-03 22:20:02.966769
RTM1P50,0.02,0.01,0.03,1000000.0,1000000.0,0,0,0,0,293,2026-02-03 22:20:02.966769
RTM1C51,0.7,0.69,0.71,1000000.0,1000000.0,0,0,0,0,293,2026-02-03 22:20:02.966769
RTM1P51,0.02,0.01,0.03,1000000.0,1000000.0,0,0,0,0,293,2026-02-03 22:20:02.966769
RTM1C52,0.02,0.01,0.03,1000000.0,1000000.0,0,0,0,0,293,2026-02-03 22:20:02.966769
RTM1P52,0.32,0.31,0.33,1000000.0,1000000.0,0,0,0,0,293,2026-02-03 22:20:02.966769
RTM1C53,0.02,0.01,0.03,1000000.0,1000000.0,0,0,0,0,293,2026-02-03 22:20:02.966769
RTM1P53,1.3,1.29,1.31,1000000.0,1000000.0,0,0,0,0,293,2026-02-03 22:20:02.966769
RTM1C54,0.02,0.01,0.03,1000000.0,1000000.0,0,0,0,0,293,2026-02-03 22:20:02.966769
RTM1P54,2.3,2.29,2.31,1000000.0,1000000.0,0,0,0,0,293,2026-02-03 22:20:02.966769
RTM,51.63,51.62,51.64,100000000.0,100000000.0,0,0,0,0,294,2026-02-03 22:20:03.550355
RTM1C45,6.63,6.62,6.64,1000000.0,1000000.0,0,0,0,0,294,2026-02-03 22:20:03.550355
RTM1P45,0.02,0.01,0.03,1000000.0,1000000.0,0,0,0,0,294,2026-02-03 22:20:03.550355
RTM1C46,5.63,5.62,5.64,1000000.0,1000000.0,0,0,0,0,294,2026-02-03 22:20:03.550355
RTM1P46,0.02,0.01,0.03,1000000.0,1000000.0,0,0,0,0,294,2026-02-03 22:20:03.550355
RTM1C47,4.63,4.62,4.64,1000000.0,1000000.0,0,0,0,0,294,2026-02-03 22:20:03.550355
RTM1P47,0.02,0.01,0.03,1000000.0,1000000.0,0,0,0,0,294,2026-02-03 22:20:03.550355
RTM1C48,3.63,3.62,3.64,1000000.0,1000000.0,0,0,0,0,294,2026-02-03 22:20:03.550355
RTM1P48,0.02,0.01,0.03,1000000.0,1000000.0,0,0,0,0,294,2026-02-03 22:20:03.550355
RTM1C49,2.63,2.62,2.64,1000000.0,1000000.0,0,0,0,0,294,2026-02-03 22:20:03.550355
RTM1P49,0.02,0.01,0.03,1000000.0,1000000.0,0,0,0,0,294,2026-02-03 22:20:03.550355
RTM1C50,1.63,1.62,1.64,1000000.0,1000000.0,0,0,0,0,294,2026-02-03 22:20:03.550355
RTM1P50,0.02,0.01,0.03,1000000.0,1000000.0,0,0,0,0,294,2026-02-03 22:20:03.550355
RTM1C51,0.63,0.62,0.64,1000000.0,1000000.0,0,0,0,0,294,2026-02-03 22:20:03.550355
RTM1P51,0.02,0.01,0.03,1000000.0,1000000.0,0,0,0,0,294,2026-02-03 22:20:03.550355
RTM1C52,0.02,0.01,0.03,1000000.0,1000000.0,0,0,0,0,294,2026-02-03 22:20:03.550355
RTM1P52,0.38,0.37,0.39,1000000.0,1000000.0,0,0,0,0,294,2026-02-03 22:20:03.550355
RTM1C53,0.02,0.01,0.03,1000000.0,1000000.0,0,0,0,0,294,2026-02-03 22:20:03.550355
RTM1P53,1.37,1.36,1.38,1000000.0,1000000.0,0,0,0,0,294,2026-02-03 22:20:03.550355
RTM1C54,0.02,0.01,0.03,1000000.0,1000000.0,0,0,0,0,294,2026-02-03 22:20:03.550355
RTM1P54,2.37,2.36,2.38,1000000.0,1000000.0,0,0,0,0,294,2026-02-03 22:20:03.550355
RTM,51.53,51.52,51.54,100000000.0,100000000.0,0,0,0,0,295,2026-02-03 22:20:04.643585
RTM1C45,6.53,6.52,6.54,1000000.0,1000000.0,0,0,0,0,295,2026-02-03 22:20:04.643585
RTM1P45,0.02,0.01,0.03,1000000.0,1000000.0,0,0,0,0,295,2026-02-03 22:20:04.643585
RTM1C46,5.53,5.52,5.54,1000000.0,1000000.0,0,0,0,0,295,2026-02-03 22:20:04.643585
RTM1P46,0.02,0.01,0.03,1000000.0,1000000.0,0,0,0,0,295,2026-02-03 22:20:04.643585
RTM1C47,4.53,4.52,4.54,1000000.0,1000000.0,0,0,0,0,295,2026-02-03 22:20:04.643585
RTM1P47,0.02,0.01,0.03,1000000.0,1000000.0,0,0,0,0,295,2026-02-03 22:20:04.643585
RTM1C48,3.53,3.52,3.54,1000000.0,1000000.0,0,0,0,0,295,2026-02-03 22:20:04.643585
RTM1P48,0.02,0.01,0.03,1000000.0,1000000.0,0,0,0,0,295,2026-02-03 22:20:04.643585
RTM1C49,2.53,2.52,2.54,1000000.0,1000000.0,0,0,0,0,295,2026-02-03 22:20:04.643585
RTM1P49,0.02,0.01,0.03,1000000.0,1000000.0,0,0,0,0,295,2026-02-03 22:20:04.643585
RTM1C50,1.53,1.52,1.54,1000000.0,1000000.0,0,0,0,0,295,2026-02-03 22:20:04.643585
RTM1P50,0.02,0.01,0.03,1000000.0,1000000.0,0,0,0,0,295,2026-02-03 22:20:04.643585
RTM1C51,0.53,0.52,0.54,1000000.0,1000000.0,0,0,0,0,295,2026-02-03 22:20:04.643585
RTM1P51,0.02,0.01,0.03,1000000.0,1000000.0,0,0,0,0,295,2026-02-03 22:20:04.643585
RTM1C52,0.02,0.01,0.03,1000000.0,1000000.0,0,0,0,0,295,2026-02-03 22:20:04.643585
RTM1P52,0.47,0.46,0.48,1000000.0,1000000.0,0,0,0,0,295,2026-02-03 22:20:04.643585
RTM1C53,0.02,0.01,0.03,1000000.0,1000000.0,0,0,0,0,295,2026-02-03 22:20:04.643585
RTM1P53,1.47,1.46,1.48,1000000.0,1000000.0,0,0,0,0,295,2026-02-03 22:20:04.643585
RTM1C54,0.02,0.01,0.03,1000000.0,1000000.0,0,0,0,0,295,2026-02-03 22:20:04.643585
RTM1P54,2.47,2.46,2.48,1000000.0,1000000.0,0,0,0,0,295,2026-02-03 22:20:04.643585
RTM,51.37,51.36,51.38,100000000.0,100000000.0,0,0,0,0,296,2026-02-03 22:20:05.776283
RTM1C45,6.37,6.36,6.38,1000000.0,1000000.0,0,0,0,0,296,2026-02-03 22:20:05.776283
RTM1P45,0.02,0.01,0.03,1000000.0,1000000.0,0,0,0,0,296,2026-02-03 22:20:05.776283
RTM1C46,5.37,5.36,5.38,1000000.0,1000000.0,0,0,0,0,296,2026-02-03 22:20:05.776283
RTM1P46,0.02,0.01,0.03,1000000.0,1000000.0,0,0,0,0,296,2026-02-03 22:20:05.776283
RTM1C47,4.37,4.36,4.38,1000000.0,1000000.0,0,0,0,0,296,2026-02-03 22:20:05.776283
RTM1P47,0.02,0.01,0.03,1000000.0,1000000.0,0,0,0,0,296,2026-02-03 22:20:05.776283
RTM1C48,3.37,3.36,3.38,1000000.0,1000000.0,0,0,0,0,296,2026-02-03 22:20:05.776283
RTM1P48,0.02,0.01,0.03,1000000.0,1000000.0,0,0,0,0,296,2026-02-03 22:20:05.776283
RTM1C49,2.37,2.36,2.38,1000000.0,1000000.0,0,0,0,0,296,2026-02-03 22:20:05.776283
RTM1P49,0.02,0.01,0.03,1000000.0,1000000.0,0,0,0,0,296,2026-02-03 22:20:05.776283
RTM1C50,1.37,1.36,1.38,1000000.0,1000000.0,0,0,0,0,296,2026-02-03 22:20:05.776283
RTM1P50,0.02,0.01,0.03,1000000.0,1000000.0,0,0,0,0,296,2026-02-03 22:20:05.776283
RTM1C51,0.38,0.37,0.39,1000000.0,1000000.0,0,0,0,0,296,2026-02-03 22:20:05.776283
RTM1P51,0.02,0.01,0.03,1000000.0,1000000.0,0,0,0,0,296,2026-02-03 22:20:05.776283
RTM1C52,0.02,0.01,0.03,1000000.0,1000000.0,0,0,0,0,296,2026-02-03 22:20:05.776283
RTM1P52,0.63,0.62,0.64,1000000.0,1000000.0,0,0,0,0,296,2026-02-03 22:20:05.776283
RTM1C53,0.02,0.01,0.03,1000000.0,1000000.0,0,0,0,0,296,2026-02-03 22:20:05.776283
RTM1P53,1.63,1.62,1.64,1000000.0,1000000.0,0,0,0,0,296,2026-02-03 22:20:05.776283
RTM1C54,0.02,0.01,0.03,1000000.0,1000000.0,0,0,0,0,296,2026-02-03 22:20:05.776283
RTM1P54,2.63,2.62,2.64,1000000.0,1000000.0,0,0,0,0,296,2026-02-03 22:20:05.776283
RTM,51.26,51.25,51.27,100000000.0,100000000.0,0,0,0,0,297,2026-02-03 22:20:06.830671
RTM1C45,6.26,6.25,6.27,1000000.0,1000000.0,0,0,0,0,297,2026-02-03 22:20:06.830671
RTM1P45,0.02,0.01,0.03,1000000.0,1000000.0,0,0,0,0,297,2026-02-03 22:20:06.830671
RTM1C46,5.26,5.25,5.27,1000000.0,1000000.0,0,0,0,0,297,2026-02-03 22:20:06.830671
RTM1P46,0.02,0.01,0.03,1000000.0,1000000.0,0,0,0,0,297,2026-02-03 22:20:06.830671
RTM1C47,4.26,4.25,4.27,1000000.0,1000000.0,0,0,0,0,297,2026-02-03 22:20:06.830671
RTM1P47,0.02,0.01,0.03,1000000.0,1000000.0,0,0,0,0,297,2026-02-03 22:20:06.830671
RTM1C48,3.26,3.25,3.27,1000000.0,1000000.0,0,0,0,0,297,2026-02-03 22:20:06.830671
RTM1P48,0.02,0.01,0.03,1000000.0,1000000.0,0,0,0,0,297,2026-02-03 22:20:06.830671
RTM1C49,2.26,2.25,2.27,1000000.0,1000000.0,0,0,0,0,297,2026-02-03 22:20:06.830671
RTM1P49,0.02,0.01,0.03,1000000.0,1000000.0,0,0,0,0,297,2026-02-03 22:20:06.830671
RTM1C50,1.26,1.25,1.27,1000000.0,1000000.0,0,0,0,0,297,2026-02-03 22:20:06.830671
RTM1P50,0.02,0.01,0.03,1000000.0,1000000.0,0,0,0,0,297,2026-02-03 22:20:06.830671
RTM1C51,0.27,0.26,0.28,1000000.0,1000000.0,0,0,0,0,297,2026-02-03 22:20:06.830671
RTM1P51,0.02,0.01,0.03,1000000.0,1000000.0,0,0,0,0,297,2026-02-03 22:20:06.830671
RTM1C52,0.02,0.01,0.03,1000000.0,1000000.0,0,0,0,0,297,2026-02-03 22:20:06.830671
RTM1P52,0.74,0.73,0.75,1000000.0,1000000.0,0,0,0,0,297,2026-02-03 22:20:06.830671
RTM1C53,0.02,0.01,0.03,1000000.0,1000000.0,0,0,0,0,297,2026-02-03 22:20:06.830671
RTM1P53,1.74,1.73,1.75,1000000.0,1000000.0,0,0,0,0,297,2026-02-03 22:20:06.830671
RTM1C54,0.02,0.01,0.03,1000000.0,1000000.0,0,0,0,0,297,2026-02-03 22:20:06.830671
RTM1P54,2.74,2.73,2.75,1000000.0,1000000.0,0,0,0,0,297,2026-02-03 22:20:06.830671
RTM,51.09,51.08,51.1,100000000.0,100000000.0,0,0,0,0,298,2026-02-03 22:20:07.891513
RTM1C45,6.09,6.08,6.1,1000000.0,1000000.0,0,0,0,0,298,2026-02-03 22:20:07.891513
RTM1P45,0.02,0.01,0.03,1000000.0,1000000.0,0,0,0,0,298,2026-02-03 22:20:07.891513
RTM1C46,5.09,5.08,5.1,1000000.0,1000000.0,0,0,0,0,298,2026-02-03 22:20:07.891513
RTM1P46,0.02,0.01,0.03,1000000.0,1000000.0,0,0,0,0,298,2026-02-03 22:20:07.891513
RTM1C47,4.09,4.08,4.1,1000000.0,1000000.0,0,0,0,0,298,2026-02-03 22:20:07.891513
RTM1P47,0.02,0.01,0.03,1000000.0,1000000.0,0,0,0,0,298,2026-02-03 22:20:07.891513
RTM1C48,3.09,3.08,3.1,1000000.0,1000000.0,0,0,0,0,298,2026-02-03 22:20:07.891513
RTM1P48,0.02,0.01,0.03,1000000.0,1000000.0,0,0,0,0,298,2026-02-03 22:20:07.891513
RTM1C49,2.09,2.08,2.1,1000000.0,1000000.0,0,0,0,0,298,2026-02-03 22:20:07.891513
RTM1P49,0.02,0.01,0.03,1000000.0,1000000.0,0,0,0,0,298,2026-02-03 22:20:07.891513
RTM1C50,1.09,1.08,1.1,1000000.0,1000000.0,0,0,0,0,298,2026-02-03 22:20:07.891513
RTM1P50,0.02,0.01,0.03,1000000.0,1000000.0,0,0,0,0,298,2026-02-03 22:20:07.891513
RTM1C51,0.11,0.1,0.12,1000000.0,1000000.0,0,0,0,0,298,2026-02-03 22:20:07.891513
RTM1P51,0.03,0.02,0.04,1000000.0,1000000.0,0,0,0,0,298,2026-02-03 22:20:07.891513
RTM1C52,0.02,0.01,0.03,1000000.0,1000000.0,0,0,0,0,298,2026-02-03 22:20:07.891513
RTM1P52,0.91,0.9,0.92,1000000.0,1000000.0,0,0,0,0,298,2026-02-03 22:20:07.891513
RTM1C53,0.02,0.01,0.03,1000000.0,1000000.0,0,0,0,0,298,2026-02-03 22:20:07.891513
RTM1P53,1.91,1.9,1.92,1000000.0,1000000.0,0,0,0,0,298,2026-02-03 22:20:07.891513
RTM1C54,0.02,0.01,0.03,1000000.0,1000000.0,0,0,0,0,298,2026-02-03 22:20:07.891513
RTM1P54,2.91,2.9,2.92,1000000.0,1000000.0,0,0,0,0,298,2026-02-03 22:20:07.891513
RTM,51.15,51.14,51.16,100000000.0,100000000.0,0,0,0,0,299,2026-02-03 22:20:08.984387
RTM1C45,6.15,6.14,6.16,1000000.0,1000000.0,0,0,0,0,299,2026-02-03 22:20:08.984387
RTM1P45,0.02,0.01,0.03,1000000.0,1000000.0,0,0,0,0,299,2026-02-03 22:20:08.984387
RTM1C46,5.15,5.14,5.16,1000000.0,1000000.0,0,0,0,0,299,2026-02-03 22:20:08.984387
RTM1P46,0.02,0.01,0.03,1000000.0,1000000.0,0,0,0,0,299,2026-02-03 22:20:08.984387
RTM1C47,4.15,4.14,4.16,1000000.0,1000000.0,0,0,0,0,299,2026-02-03 22:20:08.984387
RTM1P47,0.02,0.01,0.03,1000000.0,1000000.0,0,0,0,0,299,2026-02-03 22:20:08.984387
RTM1C48,3.15,3.14,3.16,1000000.0,1000000.0,0,0,0,0,299,2026-02-03 22:20:08.984387
RTM1P48,0.02,0.01,0.03,1000000.0,1000000.0,0,0,0,0,299,2026-02-03 22:20:08.984387
RTM1C49,2.15,2.14,2.16,1000000.0,1000000.0,0,0,0,0,299,2026-02-03 22:20:08.984387
RTM1P49,0.02,0.01,0.03,1000000.0,1000000.0,0,0,0,0,299,2026-02-03 22:20:08.984387
RTM1C50,1.15,1.14,1.16,1000000.0,1000000.0,0,0,0,0,299,2026-02-03 22:20:08.984387
RTM1P50,0.02,0.01,0.03,1000000.0,1000000.0,0,0,0,0,299,2026-02-03 22:20:08.984387
RTM1C51,0.16,0.15,0.17,1000000.0,1000000.0,0,0,0,0,299,2026-02-03 22:20:08.984387
RTM1P51,0.02,0.01,0.03,1000000.0,1000000.0,0,0,0,0,299,2026-02-03 22:20:08.984387
RTM1C52,0.02,0.01,0.03,1000000.0,1000000.0,0,0,0,0,299,2026-02-03 22:20:08.984387
RTM1P52,0.85,0.84,0.86,1000000.0,1000000.0,0,0,0,0,299,2026-02-03 22:20:08.984387
RTM1C53,0.02,0.01,0.03,1000000.0,1000000.0,0,0,0,0,299,2026-02-03 22:20:08.984387
RTM1P53,1.85,1.84,1.86,1000000.0,1000000.0,0,0,0,0,299,2026-02-03 22:20:08.984387
RTM1C54,0.02,0.01,0.03,1000000.0,1000000.0,0,0,0,0,299,2026-02-03 22:20:08.984387
RTM1P54,2.85,2.84,2.86,1000000.0,1000000.0,0,0,0,0,299,2026-02-03 22:20:08.984387
