ticker,last_price,bid_price,ask_price,BUY_ANON,SELL_ANON,tick,timestamp,news_news_id,news_period,news_tick,news_ticker,news_headline,news_body
RITC,10.07,10.07,10.09,201400.0,203700.0,243,2026-02-02 22:52:34.024150,1.0,1.0,1.0,,Welcome to the RITC 2026 Liquidity Risk Case - practice server,Good Luck!
COMP,25.3,25.23,25.3,141500.0,69900.0,243,2026-02-02 22:52:34.024150,,,,,,
RITC,10.07,10.07,10.09,201400.0,203700.0,244,2026-02-02 22:52:34.738955
COMP,25.32,25.23,25.32,141500.0,69400.0,244,2026-02-02 22:52:34.738955
RITC,10.07,10.07,10.09,203100.0,203700.0,245,2026-02-02 22:52:35.271642
COMP,25.32,25.26,25.32,141100.0,69400.0,245,2026-02-02 22:52:35.271642
RITC,10.07,10.07,10.09,202100.0,203700.0,246,2026-02-02 22:52:36.318943
COMP,25.34,25.26,25.34,141100.0,70700.0,246,2026-02-02 22:52:36.318943
RITC,10.11,10.07,10.11,202100.0,201500.0,247,2026-02-02 22:52:37.349440
COMP,25.34,25.27,25.34,140400.0,70700.0,247,2026-02-02 22:52:37.349440
RITC,10.06,10.06,10.11,200800.0,202800.0,248,2026-02-02 22:52:38.386048
COMP,25.34,25.31,25.34,141500.0,70700.0,248,2026-02-02 22:52:38.386048
RITC,10.06,10.06,10.1,201100.0,205000.0,249,2026-02-02 22:52:39.441039
COMP,25.37,25.31,25.37,142500.0,71300.0,249,2026-02-02 22:52:39.441039
RITC,10.06,10.06,10.08,201400.0,205000.0,250,2026-02-02 22:52:40.470043
COMP,25.45,25.31,25.45,142500.0,70900.0,250,2026-02-02 22:52:40.470043
RITC,10.08,10.06,10.08,203200.0,205000.0,251,2026-02-02 22:52:41.618073
COMP,25.45,25.31,25.45,141900.0,78500.0,251,2026-02-02 22:52:41.618073
RITC,10.1,10.06,10.1,200300.0,205000.0,252,2026-02-02 22:52:42.768668
COMP,25.45,25.31,25.4,141900.0,78500.0,252,2026-02-02 22:52:42.768668
RITC,10.11,10.06,10.11,200300.0,204500.0,253,2026-02-02 22:52:43.808137
COMP,25.45,25.38,25.4,140400.0,78500.0,253,2026-02-02 22:52:43.808137
RITC,10.06,10.06,10.11,201500.0,204500.0,254,2026-02-02 22:52:44.378474
COMP,25.45,25.38,25.4,140600.0,78500.0,254,2026-02-02 22:52:44.378474
RITC,10.11,10.06,10.11,201500.0,205900.0,255,2026-02-02 22:52:45.467463
COMP,25.45,25.38,25.4,142200.0,78500.0,255,2026-02-02 22:52:45.467463
RITC,10.06,10.06,10.11,200300.0,203100.0,256,2026-02-02 22:52:46.719686
COMP,25.4,25.38,25.4,141700.0,78500.0,256,2026-02-02 22:52:46.719686
RITC,10.06,10.08,10.11,203500.0,203100.0,257,2026-02-02 22:52:47.451957
COMP,25.4,25.43,25.45,139400.0,70900.0,257,2026-02-02 22:52:47.451957
RITC,10.06,10.09,10.11,204000.0,203100.0,258,2026-02-02 22:52:48.499601
COMP,25.47,25.46,25.47,137400.0,72000.0,258,2026-02-02 22:52:48.499601
RITC,10.06,10.09,10.11,202300.0,204100.0,259,2026-02-02 22:52:49.700582
COMP,25.48,25.46,25.48,137400.0,69700.0,259,2026-02-02 22:52:49.700582
RITC,10.11,10.09,10.11,202300.0,204300.0,260,2026-02-02 22:52:50.753473
COMP,25.49,25.46,25.49,137400.0,67500.0,260,2026-02-02 22:52:50.753473
RITC,10.09,10.09,10.11,202300.0,204500.0,261,2026-02-02 22:52:51.818011
COMP,25.49,25.46,25.49,135300.0,67500.0,261,2026-02-02 22:52:51.818011
RITC,10.11,10.09,10.11,203500.0,204800.0,262,2026-02-02 22:52:52.849323
COMP,25.49,25.46,25.49,137000.0,67500.0,262,2026-02-02 22:52:52.849323
RITC,10.11,10.09,10.11,203700.0,204800.0,263,2026-02-02 22:52:53.395098
COMP,25.49,25.46,25.49,135200.0,67500.0,263,2026-02-02 22:52:53.395098
RITC,10.12,10.09,10.12,203700.0,203800.0,264,2026-02-02 22:52:54.450983
COMP,25.5,25.54,25.56,134400.0,67000.0,264,2026-02-02 22:52:54.450983
RITC,10.12,10.09,10.12,205000.0,206200.0,265,2026-02-02 22:52:55.483289
COMP,25.56,25.54,25.56,134400.0,67000.0,265,2026-02-02 22:52:55.483289
RITC,10.12,10.09,10.12,205000.0,206200.0,266,2026-02-02 22:52:56.526646
COMP,25.3,25.56,25.67,134000.0,67500.0,266,2026-02-02 22:52:56.526646
RITC,10.12,10.09,10.12,202700.0,203700.0,267,2026-02-02 22:52:57.582159
COMP,25.3,25.56,25.61,134000.0,75000.0,267,2026-02-02 22:52:57.582159
RITC,10.12,10.09,10.12,203500.0,203700.0,268,2026-02-02 22:52:58.627773
COMP,25.67,25.65,25.67,134400.0,67500.0,268,2026-02-02 22:52:58.627773
RITC,10.12,10.09,10.12,202900.0,203500.0,269,2026-02-02 22:52:59.677059
COMP,25.65,25.57,25.64,133900.0,75400.0,269,2026-02-02 22:52:59.677059
RITC,10.12,10.11,10.12,197700.0,203500.0,270,2026-02-02 22:53:00.811131
COMP,25.64,25.57,25.64,133900.0,75400.0,270,2026-02-02 22:53:00.811131
RITC,10.12,10.11,10.12,202000.0,203500.0,271,2026-02-02 22:53:01.997760
COMP,25.64,25.57,25.64,133400.0,75400.0,271,2026-02-02 22:53:01.997760
RITC,10.12,10.11,10.12,201700.0,203500.0,272,2026-02-02 22:53:02.608917
COMP,25.57,25.57,25.64,135000.0,75400.0,272,2026-02-02 22:53:02.608917
RITC,10.12,10.11,10.12,203800.0,203500.0,,273,2026-02-02 22:53:03.640812
COMP,25.56,25.58,25.67,134900.0,67500.0,15000.0,273,2026-02-02 22:53:03.640812
RITC,10.12,10.11,10.12,203800.0,202300.0,,274,2026-02-02 22:53:04.684848
COMP,25.56,25.58,25.67,134600.0,67500.0,15000.0,274,2026-02-02 22:53:04.684848
RITC,10.13,10.11,10.13,203800.0,194000.0,,275,2026-02-02 22:53:05.715619
COMP,25.67,25.64,25.67,135000.0,67500.0,15000.0,275,2026-02-02 22:53:05.715619
RITC,10.13,10.12,10.13,202600.0,194000.0,,276,2026-02-02 22:53:06.751079
COMP,25.67,25.64,25.67,135000.0,73200.0,15000.0,276,2026-02-02 22:53:06.751079
RITC,10.13,10.12,10.13,204500.0,174100.0,,277,2026-02-02 22:53:07.801714
COMP,25.64,25.64,25.67,135000.0,65500.0,15000.0,277,2026-02-02 22:53:07.801714
RITC,10.13,10.12,10.13,202800.0,174100.0,0,278,2026-02-02 22:53:08.862645
COMP,25.56,25.56,25.6,134400.0,72000.0,0,278,2026-02-02 22:53:08.862645
RITC,10.13,10.12,10.13,203000.0,185100.0,0,279,2026-02-02 22:53:09.915459
COMP,25.6,25.61,25.68,134400.0,65500.0,0,279,2026-02-02 22:53:09.915459
RITC,10.13,10.13,10.14,207000.0,163900.0,0,280,2026-02-02 22:53:10.966971
COMP,25.6,25.62,25.68,133800.0,65500.0,0,280,2026-02-02 22:53:10.966971
RITC,10.14,10.13,10.14,207000.0,163900.0,0,281,2026-02-02 22:53:11.550986
COMP,25.73,25.62,25.73,133800.0,67200.0,0,281,2026-02-02 22:53:11.550986
RITC,10.14,10.13,10.14,205400.0,163900.0,0,282,2026-02-02 22:53:12.725875
COMP,25.73,25.67,25.73,131800.0,67200.0,0,282,2026-02-02 22:53:12.725875
RITC,10.15,10.13,10.15,203700.0,141100.0,0,283,2026-02-02 22:53:13.976338
COMP,25.67,25.62,25.66,133800.0,81100.0,0,283,2026-02-02 22:53:13.976338
RITC,10.15,10.15,10.16,201600.0,131400.0,0,284,2026-02-02 22:53:14.520026
COMP,25.67,25.62,25.66,133700.0,81100.0,0,284,2026-02-02 22:53:14.520026
RITC,10.16,10.15,10.16,200900.0,131400.0,0,285,2026-02-02 22:53:15.581883
COMP,25.67,25.62,25.66,133700.0,87100.0,0,285,2026-02-02 22:53:15.581883
RITC,10.16,10.15,10.16,201300.0,120100.0,0,286,2026-02-02 22:53:16.666687
COMP,25.72,25.72,25.73,134600.0,74200.0,0,286,2026-02-02 22:53:16.666687
RITC,10.16,10.16,10.17,203200.0,108300.0,0,287,2026-02-02 22:53:17.783167
COMP,25.72,25.67,25.72,134100.0,82100.0,0,287,2026-02-02 22:53:17.783167
RITC,10.17,10.16,10.17,201800.0,99200.0,0,288,2026-02-02 22:53:18.814388
COMP,25.72,25.67,25.72,134100.0,89900.0,0,288,2026-02-02 22:53:18.814388
RITC,10.19,10.16,10.19,201800.0,99500.0,0,289,2026-02-02 22:53:19.848555
COMP,25.74,25.67,25.69,134100.0,83800.0,0,289,2026-02-02 22:53:19.848555
RITC,10.19,10.16,10.19,202900.0,99500.0,0,290,2026-02-02 22:53:20.893286
COMP,25.74,25.67,25.69,134100.0,89300.0,0,290,2026-02-02 22:53:20.893286
RITC,10.19,10.18,10.19,203700.0,99700.0,0,291,2026-02-02 22:53:21.935408
COMP,25.74,25.67,25.69,134100.0,95000.0,0,291,2026-02-02 22:53:21.935408
RITC,10.19,10.18,10.19,200400.0,99700.0,0,292,2026-02-02 22:53:22.978955
COMP,25.74,25.67,25.69,133100.0,102100.0,0,292,2026-02-02 22:53:22.978955
RITC,10.19,10.18,10.19,200400.0,99100.0,0,293,2026-02-02 22:53:23.571018
COMP,25.67,25.62,25.66,132600.0,110100.0,0,293,2026-02-02 22:53:23.571018
RITC,10.19,10.19,10.21,198300.0,102100.0,0,294,2026-02-02 22:53:24.615440
COMP,25.67,25.64,25.66,133800.0,110100.0,0,294,2026-02-02 22:53:24.615440
RITC,10.21,10.19,10.21,197000.0,102100.0,0,295,2026-02-02 22:53:25.650572
COMP,25.67,25.64,25.65,133800.0,116100.0,0,295,2026-02-02 22:53:25.650572
RITC,10.23,10.21,10.23,194500.0,99800.0,0,296,2026-02-02 22:53:26.727460
COMP,25.67,25.64,25.65,134900.0,123300.0,0,296,2026-02-02 22:53:26.727460
RITC,10.23,10.25,10.26,192000.0,99700.0,0,297,2026-02-02 22:53:27.757002
COMP,25.66,25.66,25.67,135800.0,109300.0,0,297,2026-02-02 22:53:27.757002
RITC,10.26,10.25,10.26,192300.0,99700.0,0,298,2026-02-02 22:53:28.784970
COMP,25.66,25.66,25.67,134300.0,109300.0,0,298,2026-02-02 22:53:28.784970
RITC,10.26,10.25,10.26,192300.0,98100.0,0,299,2026-02-02 22:53:29.811531
COMP,25.69,25.66,25.69,135000.0,102100.0,0,299,2026-02-02 22:53:29.811531
RITC,10.27,10.28,10.3,194600.0,99000.0,0,300,2026-02-02 22:53:30.847974
COMP,25.64,25.64,25.69,135500.0,109700.0,0,300,2026-02-02 22:53:30.847974
RITC,10.27,10.29,10.3,196100.0,99000.0,0,301,2026-02-02 22:53:31.877539
COMP,25.64,25.66,25.69,135100.0,109700.0,0,301,2026-02-02 22:53:31.877539
RITC,10.32,10.29,10.32,196500.0,99000.0,0,302,2026-02-02 22:53:32.907862
COMP,25.66,25.66,25.69,135100.0,109700.0,0,302,2026-02-02 22:53:32.907862
RITC,10.32,10.32,10.36,194100.0,97200.0,0,303,2026-02-02 22:53:33.941568
COMP,25.66,25.66,25.69,136300.0,109700.0,0,303,2026-02-02 22:53:33.941568
RITC,10.36,10.35,10.36,195600.0,97200.0,0,304,2026-02-02 22:53:34.970485
COMP,25.64,25.64,25.69,134200.0,117400.0,0,304,2026-02-02 22:53:34.970485
RITC,10.37,10.37,10.4,195700.0,94200.0,0,305,2026-02-02 22:53:36.002616
COMP,25.64,25.64,25.69,134200.0,117400.0,0,305,2026-02-02 22:53:36.002616
RITC,10.4,10.38,10.4,195200.0,94200.0,0,306,2026-02-02 22:53:37.041618
COMP,25.69,25.66,25.69,134600.0,109300.0,0,306,2026-02-02 22:53:37.041618
RITC,10.4,10.39,10.4,191900.0,94200.0,0,307,2026-02-02 22:53:38.111418
COMP,25.69,25.66,25.69,134600.0,116700.0,0,307,2026-02-02 22:53:38.111418
RITC,10.4,10.4,10.41,193500.0,93900.0,0,308,2026-02-02 22:53:38.697330
COMP,25.69,25.66,25.69,135900.0,116700.0,0,308,2026-02-02 22:53:38.697330
RITC,10.45,10.42,10.45,193000.0,95100.0,0,309,2026-02-02 22:53:39.725759
COMP,25.69,25.66,25.69,137900.0,116700.0,0,309,2026-02-02 22:53:39.725759
RITC,10.45,10.42,10.45,192000.0,105700.0,0,310,2026-02-02 22:53:40.762274
COMP,25.71,25.66,25.71,137900.0,109600.0,0,310,2026-02-02 22:53:40.762274
RITC,10.45,10.42,10.45,192000.0,107400.0,0,311,2026-02-02 22:53:41.798866
COMP,25.72,25.68,25.72,137800.0,101900.0,0,311,2026-02-02 22:53:41.798866
RITC,10.42,10.4,10.41,192900.0,116600.0,0,312,2026-02-02 22:53:42.837266
COMP,25.72,25.69,25.72,135600.0,101900.0,0,312,2026-02-02 22:53:42.837266
RITC,10.45,10.45,10.46,195200.0,96800.0,0,313,2026-02-02 22:53:43.862386
COMP,25.66,25.66,25.72,137900.0,101900.0,0,313,2026-02-02 22:53:43.862386
RITC,10.45,10.45,10.46,193900.0,96800.0,0,314,2026-02-02 22:53:44.890489
COMP,25.66,25.66,25.72,137900.0,107800.0,0,314,2026-02-02 22:53:44.890489
RITC,10.46,10.47,10.49,194700.0,94500.0,0,315,2026-02-02 22:53:45.918516
COMP,25.64,25.64,25.72,136300.0,107800.0,0,315,2026-02-02 22:53:45.918516
RITC,10.47,10.46,10.47,194600.0,105900.0,10000.0,316,2026-02-02 22:53:46.943689
COMP,25.64,25.66,25.72,136400.0,107800.0,,316,2026-02-02 22:53:46.943689
RITC,10.49,10.46,10.49,194600.0,94500.0,0,317,2026-02-02 22:53:47.968133
COMP,25.64,25.68,25.71,137100.0,114300.0,0,317,2026-02-02 22:53:47.968133
RITC,10.49,10.46,10.49,193100.0,94500.0,10000.0,318,2026-02-02 22:53:49.000217
COMP,25.68,25.68,25.71,137100.0,114300.0,,318,2026-02-02 22:53:49.000217
RITC,10.49,10.49,10.52,191100.0,95200.0,0,319,2026-02-02 22:53:50.030679
COMP,25.68,25.68,25.69,137100.0,128500.0,0,319,2026-02-02 22:53:50.030679
RITC,10.53,10.49,10.52,191100.0,94400.0,10000.0,320,2026-02-02 22:53:50.701608
COMP,25.66,25.66,25.69,136400.0,128500.0,,320,2026-02-02 22:53:50.701608
RITC,10.53,10.5,10.52,192700.0,94400.0,10000.0,321,2026-02-02 22:53:51.726944
COMP,25.66,25.66,25.69,136400.0,135600.0,,321,2026-02-02 22:53:51.726944
RITC,10.53,10.5,10.53,192700.0,95200.0,0,322,2026-02-02 22:53:52.769367
COMP,25.66,25.66,25.67,136400.0,135200.0,0,322,2026-02-02 22:53:52.769367
RITC,10.54,10.5,10.54,192700.0,95700.0,0,323,2026-02-02 22:53:53.894087
COMP,25.63,25.63,25.67,133800.0,135200.0,0,323,2026-02-02 22:53:53.894087
RITC,10.54,10.54,10.57,191900.0,92200.0,0,324,2026-02-02 22:53:55.059339
COMP,25.63,25.63,25.64,135000.0,136800.0,0,324,2026-02-02 22:53:55.059339
RITC,10.6,10.57,10.6,192000.0,91900.0,0,325,2026-02-02 22:53:56.109806
COMP,25.62,25.62,25.64,134500.0,136500.0,0,325,2026-02-02 22:53:56.109806
RITC,10.6,10.6,10.62,192000.0,89300.0,0,326,2026-02-02 22:53:57.156930
COMP,25.67,25.62,25.67,134500.0,135100.0,0,326,2026-02-02 22:53:57.156930
RITC,10.6,10.61,10.62,190700.0,89300.0,0,327,2026-02-02 22:53:57.795450
COMP,25.67,25.62,25.67,134500.0,135000.0,0,327,2026-02-02 22:53:57.795450
RITC,10.62,10.61,10.62,192200.0,99400.0,0,328,2026-02-02 22:53:58.840071
COMP,25.62,25.62,25.69,133400.0,134500.0,0,328,2026-02-02 22:53:58.840071
RITC,10.63,10.61,10.63,192400.0,88700.0,0,329,2026-02-02 22:53:59.865959
COMP,25.62,25.62,25.69,133400.0,135800.0,0,329,2026-02-02 22:53:59.865959
RITC,10.69,10.62,10.69,193600.0,90700.0,0,330,2026-02-02 22:54:00.895640
COMP,25.62,25.61,25.62,133100.0,136200.0,0,330,2026-02-02 22:54:00.895640
RITC,10.69,10.68,10.69,193300.0,90700.0,0,331,2026-02-02 22:54:01.940957
COMP,25.59,25.59,25.62,135500.0,136200.0,0,331,2026-02-02 22:54:01.940957
RITC,10.71,10.7,10.71,189900.0,90700.0,0,332,2026-02-02 22:54:03.003885
COMP,25.58,25.58,25.62,137000.0,136400.0,0,332,2026-02-02 22:54:03.003885
RITC,10.71,10.7,10.71,190600.0,90700.0,0,333,2026-02-02 22:54:04.033485
COMP,25.57,25.57,25.62,135800.0,136400.0,0,333,2026-02-02 22:54:04.033485
RITC,10.71,10.7,10.71,190600.0,101700.0,0,334,2026-02-02 22:54:05.062322
COMP,25.57,25.61,25.62,135400.0,136400.0,0,334,2026-02-02 22:54:05.062322
RITC,10.71,10.7,10.71,188800.0,93800.0,0,335,2026-02-02 22:54:06.098277
COMP,25.62,25.62,25.63,134600.0,138300.0,0,335,2026-02-02 22:54:06.098277
RITC,10.7,10.7,10.71,192000.0,93800.0,0,336,2026-02-02 22:54:07.123615
COMP,25.61,25.61,25.63,135400.0,138300.0,0,336,2026-02-02 22:54:07.123615
RITC,10.73,10.71,10.73,189200.0,93800.0,0,337,2026-02-02 22:54:08.162542
COMP,25.61,25.61,25.63,135400.0,136400.0,0,337,2026-02-02 22:54:08.162542
RITC,10.73,10.74,10.75,189900.0,100500.0,0,338,2026-02-02 22:54:09.233702
COMP,25.57,25.57,25.63,135800.0,136400.0,0,338,2026-02-02 22:54:09.233702
RITC,10.73,10.74,10.75,189700.0,100500.0,0,339,2026-02-02 22:54:09.777793
COMP,25.57,25.57,25.63,135800.0,134900.0,0,339,2026-02-02 22:54:09.777793
RITC,10.75,10.75,10.77,189200.0,102000.0,0,340,2026-02-02 22:54:10.818250
COMP,25.57,25.57,25.61,135800.0,133800.0,0,340,2026-02-02 22:54:10.818250
RITC,10.75,10.74,10.75,189700.0,112600.0,0,341,2026-02-02 22:54:11.867353
COMP,25.57,25.52,25.57,136600.0,134700.0,0,341,2026-02-02 22:54:11.867353
RITC,10.75,10.74,10.75,188500.0,120300.0,0,342,2026-02-02 22:54:13.074343
COMP,25.52,25.46,25.52,136500.0,134400.0,0,342,2026-02-02 22:54:13.074343
RITC,10.74,10.74,10.75,188600.0,120300.0,0,343,2026-02-02 22:54:14.186749
COMP,25.46,25.46,25.52,136900.0,134400.0,0,343,2026-02-02 22:54:14.186749
RITC,10.77,10.74,10.77,189500.0,109700.0,0,344,2026-02-02 22:54:15.219435
COMP,25.46,25.46,25.47,136900.0,132500.0,0,344,2026-02-02 22:54:15.219435
RITC,10.77,10.74,10.77,192300.0,109700.0,10000.0,345,2026-02-02 22:54:16.246112
COMP,25.46,25.46,25.47,136900.0,132200.0,,345,2026-02-02 22:54:16.246112
RITC,10.74,10.73,10.74,190400.0,129200.0,10000.0,346,2026-02-02 22:54:16.841266
COMP,25.46,25.46,25.47,136900.0,132200.0,,346,2026-02-02 22:54:16.841266
RITC,10.73,10.73,10.74,189600.0,129200.0,0,347,2026-02-02 22:54:17.999494
COMP,25.46,25.46,25.47,136900.0,130900.0,0,347,2026-02-02 22:54:17.999494
RITC,10.72,10.72,10.74,190300.0,129200.0,0,348,2026-02-02 22:54:19.190047
COMP,25.46,25.46,25.47,136900.0,132900.0,0,348,2026-02-02 22:54:19.190047
RITC,10.72,10.72,10.74,190300.0,137500.0,0,349,2026-02-02 22:54:19.864895
COMP,25.46,25.46,25.47,136900.0,133500.0,0,349,2026-02-02 22:54:19.864895
RITC,10.71,10.73,10.75,188300.0,127400.0,0,350,2026-02-02 22:54:20.953214
COMP,25.47,25.46,25.47,136900.0,134500.0,0,350,2026-02-02 22:54:20.953214
RITC,10.76,10.75,10.76,187500.0,119100.0,0,351,2026-02-02 22:54:22.058945
COMP,25.45,25.45,25.47,137600.0,134500.0,0,351,2026-02-02 22:54:22.058945
RITC,10.76,10.75,10.76,189800.0,119100.0,0,352,2026-02-02 22:54:23.091348
COMP,25.45,25.45,25.47,137600.0,133800.0,0,352,2026-02-02 22:54:23.091348
RITC,10.76,10.76,10.77,192300.0,109700.0,0,353,2026-02-02 22:54:24.123549
COMP,25.45,25.45,25.47,137700.0,133800.0,0,353,2026-02-02 22:54:24.123549
RITC,10.76,10.76,10.77,190700.0,109700.0,0,354,2026-02-02 22:54:25.150541
COMP,25.45,25.45,25.47,139700.0,133800.0,0,354,2026-02-02 22:54:25.150541
RITC,10.76,10.76,10.77,188600.0,109700.0,0,355,2026-02-02 22:54:26.184965
COMP,25.45,25.45,25.47,138500.0,133800.0,0,355,2026-02-02 22:54:26.184965
RITC,10.77,10.76,10.77,189200.0,99100.0,0,356,2026-02-02 22:54:27.218616
COMP,25.45,25.45,25.46,138500.0,135200.0,0,356,2026-02-02 22:54:27.218616
RITC,10.77,10.76,10.77,191200.0,99100.0,0,357,2026-02-02 22:54:28.254664
COMP,25.45,25.45,25.46,136800.0,135300.0,0,357,2026-02-02 22:54:28.254664
RITC,10.83,10.76,10.83,191200.0,91300.0,0,358,2026-02-02 22:54:29.284475
COMP,25.43,25.43,25.46,136800.0,135300.0,0,358,2026-02-02 22:54:29.284475
RITC,10.83,10.82,10.83,193100.0,91300.0,0,359,2026-02-02 22:54:30.324282
COMP,25.42,25.42,25.46,138400.0,135400.0,0,359,2026-02-02 22:54:30.324282
RITC,10.84,10.82,10.85,190800.0,91900.0,0,360,2026-02-02 22:54:31.371325
COMP,25.42,25.42,25.46,139000.0,135100.0,0,360,2026-02-02 22:54:31.371325
RITC,10.85,10.82,10.85,190800.0,91900.0,0,361,2026-02-02 22:54:31.903940
COMP,25.42,25.42,25.46,139000.0,135100.0,0,361,2026-02-02 22:54:31.903940
RITC,10.87,10.88,10.9,188700.0,92900.0,0,362,2026-02-02 22:54:32.984753
COMP,25.42,25.42,25.46,138400.0,137000.0,0,362,2026-02-02 22:54:32.984753
RITC,10.9,10.88,10.9,188700.0,100300.0,0,363,2026-02-02 22:54:34.019847
COMP,25.47,25.42,25.47,138400.0,135400.0,0,363,2026-02-02 22:54:34.019847
RITC,10.91,10.89,10.91,191100.0,90300.0,0,364,2026-02-02 22:54:35.064182
COMP,25.4,25.4,25.47,140000.0,137500.0,0,364,2026-02-02 22:54:35.064182
RITC,10.89,10.89,10.91,192000.0,90300.0,0,365,2026-02-02 22:54:36.202833
COMP,25.38,25.38,25.47,141600.0,137500.0,0,365,2026-02-02 22:54:36.202833
RITC,10.92,10.91,10.92,190700.0,93000.0,0,366,2026-02-02 22:54:37.242316
COMP,25.38,25.41,25.47,139400.0,137500.0,0,366,2026-02-02 22:54:37.242316
RITC,10.92,10.92,10.93,191500.0,91800.0,0,367,2026-02-02 22:54:38.288182
COMP,25.38,25.41,25.46,139400.0,137300.0,0,367,2026-02-02 22:54:38.288182
RITC,10.92,10.92,10.93,191500.0,100100.0,0,368,2026-02-02 22:54:39.323600
COMP,25.38,25.41,25.43,139400.0,137500.0,0,368,2026-02-02 22:54:39.323600
RITC,10.93,10.92,10.93,191500.0,103200.0,0,369,2026-02-02 22:54:40.352066
COMP,25.38,25.41,25.43,137800.0,137700.0,0,369,2026-02-02 22:54:40.352066
RITC,10.93,10.92,10.93,191500.0,94900.0,0,370,2026-02-02 22:54:41.402164
COMP,25.43,25.41,25.43,137800.0,137700.0,0,370,2026-02-02 22:54:41.402164
RITC,10.93,10.93,10.96,196600.0,91900.0,0,371,2026-02-02 22:54:42.554068
COMP,25.37,25.37,25.43,141800.0,138100.0,0,371,2026-02-02 22:54:42.554068
RITC,10.96,10.93,10.96,196600.0,100400.0,0,372,2026-02-02 22:54:43.171756
COMP,25.36,25.36,25.43,142300.0,138100.0,0,372,2026-02-02 22:54:43.171756
RITC,10.96,10.94,10.96,195700.0,89500.0,0,373,2026-02-02 22:54:44.190326
COMP,25.36,25.31,25.34,140300.0,138000.0,0,373,2026-02-02 22:54:44.190326
RITC,10.96,10.98,11.01,196500.0,87300.0,0,374,2026-02-02 22:54:45.217201
COMP,25.34,25.4,25.43,141600.0,138100.0,0,374,2026-02-02 22:54:45.217201
RITC,10.98,10.98,11.0,195100.0,96000.0,0,375,2026-02-02 22:54:46.242637
COMP,25.34,25.4,25.43,141600.0,138100.0,0,375,2026-02-02 22:54:46.242637
RITC,10.98,10.98,11.0,193800.0,105800.0,0,376,2026-02-02 22:54:47.276296
COMP,25.4,25.31,25.38,140300.0,138300.0,0,376,2026-02-02 22:54:47.276296
RITC,10.98,10.96,10.98,192700.0,114800.0,0,377,2026-02-02 22:54:48.302059
COMP,25.4,25.31,25.38,140300.0,136900.0,0,377,2026-02-02 22:54:48.302059
RITC,10.94,10.94,10.98,194400.0,114800.0,0,378,2026-02-02 22:54:49.333682
COMP,25.31,25.31,25.36,140300.0,138300.0,0,378,2026-02-02 22:54:49.333682
RITC,10.98,10.98,11.0,191800.0,105800.0,0,379,2026-02-02 22:54:50.373538
COMP,25.31,25.31,25.33,140300.0,139100.0,0,379,2026-02-02 22:54:50.373538
RITC,10.98,10.98,11.0,194000.0,105800.0,0,380,2026-02-02 22:54:51.418108
COMP,25.31,25.31,25.33,140300.0,138300.0,0,380,2026-02-02 22:54:51.418108
RITC,11.01,10.98,11.01,194000.0,87300.0,0,381,2026-02-02 22:54:52.453377
COMP,25.31,25.31,25.33,140700.0,138300.0,0,381,2026-02-02 22:54:52.453377
RITC,11.01,10.98,10.99,195100.0,96600.0,0,382,2026-02-02 22:54:53.490131
COMP,25.31,25.31,25.33,140700.0,139300.0,0,382,2026-02-02 22:54:53.490131
RITC,10.98,10.98,10.99,194100.0,96600.0,0,383,2026-02-02 22:54:54.023301
COMP,25.31,25.31,25.33,140700.0,139300.0,0,383,2026-02-02 22:54:54.023301
RITC,10.99,10.98,10.99,193000.0,96600.0,0,384,2026-02-02 22:54:55.079234
COMP,25.31,25.31,25.33,141700.0,138000.0,0,384,2026-02-02 22:54:55.079234
RITC,10.99,10.98,10.99,193200.0,104500.0,0,385,2026-02-02 22:54:56.143841
COMP,25.31,25.31,25.33,141700.0,139600.0,0,385,2026-02-02 22:54:56.143841
RITC,10.99,10.98,10.99,193200.0,95200.0,0,386,2026-02-02 22:54:57.224361
COMP,25.31,25.31,25.33,141700.0,138900.0,0,386,2026-02-02 22:54:57.224361
RITC,10.96,10.96,10.99,191200.0,95200.0,0,387,2026-02-02 22:54:58.273192
COMP,25.27,25.27,25.33,140700.0,138900.0,0,387,2026-02-02 22:54:58.273192
RITC,11.01,10.99,11.01,190700.0,87300.0,0,388,2026-02-02 22:54:59.307889
COMP,25.27,25.31,25.33,139800.0,139000.0,0,388,2026-02-02 22:54:59.307889
RITC,11.01,10.99,11.01,188400.0,87300.0,0,389,2026-02-02 22:55:00.336324
COMP,25.33,25.31,25.33,139800.0,138900.0,0,389,2026-02-02 22:55:00.336324
RITC,11.01,10.99,11.01,189400.0,97100.0,0,390,2026-02-02 22:55:01.367686
COMP,25.31,25.27,25.33,140700.0,139100.0,0,390,2026-02-02 22:55:01.367686
RITC,10.99,10.99,11.0,189400.0,107400.0,0,391,2026-02-02 22:55:02.407279
COMP,25.33,25.33,25.34,141100.0,139400.0,0,391,2026-02-02 22:55:02.407279
RITC,10.98,10.98,11.0,190600.0,107400.0,0,392,2026-02-02 22:55:03.443679
COMP,25.33,25.33,25.34,141900.0,139400.0,0,392,2026-02-02 22:55:03.443679
RITC,10.98,10.98,11.0,188700.0,107400.0,0,393,2026-02-02 22:55:04.474123
COMP,25.33,25.33,25.34,141900.0,138500.0,0,393,2026-02-02 22:55:04.474123
RITC,10.98,10.98,11.0,188600.0,107400.0,0,394,2026-02-02 22:55:05.502955
COMP,25.33,25.33,25.34,141900.0,140500.0,0,394,2026-02-02 22:55:05.502955
RITC,10.98,10.99,11.0,189400.0,116900.0,0,395,2026-02-02 22:55:06.547261
COMP,25.33,25.33,25.34,141900.0,141400.0,0,395,2026-02-02 22:55:06.547261
RITC,11.0,10.99,11.0,186700.0,116900.0,0,396,2026-02-02 22:55:07.581271
COMP,25.33,25.33,25.34,141900.0,142900.0,0,396,2026-02-02 22:55:07.581271
RITC,11.01,10.99,11.01,186700.0,97800.0,0,397,2026-02-02 22:55:08.120798
COMP,25.33,25.33,25.34,141900.0,143700.0,0,397,2026-02-02 22:55:08.120798
RITC,11.02,11.0,11.02,186700.0,88300.0,0,398,2026-02-02 22:55:09.195582
COMP,25.33,25.33,25.34,141900.0,145200.0,0,398,2026-02-02 22:55:09.195582
RITC,11.02,11.0,11.02,186700.0,108000.0,0,399,2026-02-02 22:55:10.260951
COMP,25.3,25.3,25.34,140900.0,145100.0,0,399,2026-02-02 22:55:10.260951
RITC,11.02,11.0,11.01,186500.0,116300.0,0,400,2026-02-02 22:55:11.294432
COMP,25.3,25.3,25.34,140900.0,145400.0,0,400,2026-02-02 22:55:11.294432
RITC,11.02,11.0,11.02,187800.0,116800.0,0,401,2026-02-02 22:55:12.328943
COMP,25.3,25.3,25.31,140900.0,142800.0,0,401,2026-02-02 22:55:12.328943
RITC,11.02,11.0,11.02,188200.0,125500.0,0,402,2026-02-02 22:55:13.358488
COMP,25.26,25.26,25.31,139800.0,142800.0,0,402,2026-02-02 22:55:13.358488
RITC,11.02,11.01,11.02,188400.0,125500.0,0,403,2026-02-02 22:55:14.390629
COMP,25.26,25.26,25.28,139800.0,142300.0,0,403,2026-02-02 22:55:14.390629
RITC,11.02,11.01,11.02,188400.0,105800.0,0,404,2026-02-02 22:55:15.416111
COMP,25.26,25.26,25.28,139800.0,142100.0,0,404,2026-02-02 22:55:15.416111
RITC,11.02,11.01,11.02,186900.0,105800.0,0,405,2026-02-02 22:55:16.443320
COMP,25.26,25.26,25.28,141000.0,142100.0,0,405,2026-02-02 22:55:16.443320
RITC,11.02,11.01,11.02,185600.0,105800.0,0,406,2026-02-02 22:55:17.467672
COMP,25.26,25.26,25.28,141000.0,141100.0,0,406,2026-02-02 22:55:17.467672
RITC,11.03,11.01,11.03,185500.0,97100.0,0,407,2026-02-02 22:55:18.495532
COMP,25.26,25.26,25.28,141000.0,142500.0,0,407,2026-02-02 22:55:18.495532
RITC,11.03,11.01,11.03,185500.0,86200.0,0,408,2026-02-02 22:55:19.523515
COMP,25.26,25.26,25.27,141000.0,142800.0,0,408,2026-02-02 22:55:19.523515
RITC,11.04,11.06,11.08,186200.0,84400.0,0,409,2026-02-02 22:55:20.551816
COMP,25.26,25.26,25.27,141000.0,144800.0,0,409,2026-02-02 22:55:20.551816
RITC,11.04,11.06,11.08,186200.0,84400.0,0,410,2026-02-02 22:55:21.589874
COMP,25.26,25.26,25.27,141000.0,144800.0,0,410,2026-02-02 22:55:21.589874
RITC,11.08,11.09,11.1,187000.0,85700.0,0,411,2026-02-02 22:55:22.626609
COMP,25.26,25.26,25.27,141000.0,144000.0,0,411,2026-02-02 22:55:22.626609
RITC,11.11,11.09,11.11,186500.0,86100.0,0,412,2026-02-02 22:55:23.656652
COMP,25.26,25.26,25.27,141000.0,142100.0,0,412,2026-02-02 22:55:23.656652
RITC,11.11,11.09,11.11,186500.0,86100.0,0,413,2026-02-02 22:55:24.186504
COMP,25.26,25.26,25.27,141000.0,141500.0,0,413,2026-02-02 22:55:24.186504
RITC,11.11,11.09,11.11,186600.0,86100.0,0,414,2026-02-02 22:55:25.219216
COMP,25.27,25.26,25.27,141000.0,141900.0,0,414,2026-02-02 22:55:25.219216
RITC,11.12,11.14,11.17,186000.0,85800.0,0,415,2026-02-02 22:55:26.269454
COMP,25.28,25.26,25.28,141000.0,143200.0,0,415,2026-02-02 22:55:26.269454
RITC,11.17,11.14,11.17,185100.0,85800.0,0,416,2026-02-02 22:55:27.334683
COMP,25.28,25.26,25.28,141000.0,143200.0,0,416,2026-02-02 22:55:27.334683
RITC,11.17,11.16,11.17,175100.0,1400.0,86300.0,0,417,2026-02-02 22:55:28.413913
COMP,25.28,25.26,25.28,141000.0,,142000.0,0,417,2026-02-02 22:55:28.413913
RITC,11.17,11.17,11.19,174100.0,1400.0,87600.0,0,418,2026-02-02 22:55:29.466363
COMP,25.28,25.26,25.28,141000.0,,142400.0,0,418,2026-02-02 22:55:29.466363
RITC,11.19,11.19,11.2,170300.0,1400.0,87900.0,0,419,2026-02-02 22:55:30.500675
COMP,25.28,25.27,25.28,140600.0,,142400.0,0,419,2026-02-02 22:55:30.500675
RITC,11.21,11.19,11.21,170300.0,1400.0,89600.0,0,420,2026-02-02 22:55:31.552188
COMP,25.26,25.26,25.28,139200.0,,142400.0,0,420,2026-02-02 22:55:31.552188
RITC,11.21,11.2,11.21,179600.0,89600.0,0,0,421,2026-02-02 22:55:32.366696
COMP,25.26,25.26,25.28,139200.0,142400.0,0,0,421,2026-02-02 22:55:32.366696
RITC,11.25,11.2,11.25,180400.0,90900.0,0,0,422,2026-02-02 22:55:33.449033
COMP,25.25,25.25,25.28,139600.0,142400.0,0,0,422,2026-02-02 22:55:33.449033
RITC,11.25,11.22,11.25,175900.0,90900.0,0,0,423,2026-02-02 22:55:34.476177
COMP,25.23,25.23,25.28,141500.0,141600.0,0,0,423,2026-02-02 22:55:34.476177
RITC,11.25,11.23,11.25,176600.0,90900.0,0,0,424,2026-02-02 22:55:35.501534
COMP,25.23,25.23,25.28,141500.0,140300.0,0,0,424,2026-02-02 22:55:35.501534
RITC,11.25,11.23,11.25,176300.0,90900.0,0,0,425,2026-02-02 22:55:36.541919
COMP,25.23,25.23,25.28,141500.0,140000.0,0,0,425,2026-02-02 22:55:36.541919
RITC,11.25,11.24,11.25,171800.0,90900.0,0,0,426,2026-02-02 22:55:37.583048
COMP,25.23,25.22,25.23,142000.0,139900.0,0,0,426,2026-02-02 22:55:37.583048
RITC,11.27,11.24,11.27,175200.0,88700.0,0,0,428,2026-02-02 22:55:39.550856
COMP,25.21,25.21,25.23,143600.0,139900.0,0,0,428,2026-02-02 22:55:39.550856
RITC,11.27,11.27,11.29,175600.0,86100.0,0,0,429,2026-02-02 22:55:40.513827
COMP,25.21,25.21,25.23,145200.0,139900.0,0,0,429,2026-02-02 22:55:40.513827
RITC,11.27,11.27,11.29,176400.0,94900.0,0,0,430,2026-02-02 22:55:41.567593
COMP,25.21,25.21,25.23,145200.0,139900.0,0,0,430,2026-02-02 22:55:41.567593
RITC,11.26,11.28,11.29,173200.0,94900.0,0,0,431,2026-02-02 22:55:42.601840
COMP,25.2,25.2,25.23,142900.0,141000.0,0,0,431,2026-02-02 22:55:42.601840
RITC,11.26,11.26,11.3,173400.0,86400.0,0,0,432,2026-02-02 22:55:43.748012
COMP,25.23,25.2,25.23,142900.0,139800.0,0,0,432,2026-02-02 22:55:43.748012
RITC,11.26,11.27,11.3,173200.0,86400.0,0,0,433,2026-02-02 22:55:44.275705
COMP,25.23,25.2,25.23,143800.0,139800.0,0,0,433,2026-02-02 22:55:44.275705
RITC,11.24,11.24,11.3,172600.0,86400.0,0,0,434,2026-02-02 22:55:45.307877
COMP,25.23,25.2,25.23,143800.0,139100.0,0,0,434,2026-02-02 22:55:45.307877
RITC,11.3,11.3,11.31,175900.0,86900.0,0,0,435,2026-02-02 22:55:46.341546
COMP,25.18,25.18,25.23,142500.0,139100.0,0,0,435,2026-02-02 22:55:46.341546
RITC,11.3,11.26,11.28,175600.0,103900.0,0,0,436,2026-02-02 22:55:47.510824
COMP,25.18,25.18,25.23,140600.0,139100.0,0,0,436,2026-02-02 22:55:47.510824
RITC,11.3,11.26,11.28,175600.0,121600.0,0,0,437,2026-02-02 22:55:48.574492
COMP,25.21,25.21,25.23,142900.0,139100.0,0,0,437,2026-02-02 22:55:48.574492
RITC,11.28,11.26,11.28,175600.0,121600.0,0,0,438,2026-02-02 22:55:49.619917
COMP,25.21,25.21,25.23,142900.0,137500.0,0,0,438,2026-02-02 22:55:49.619917
RITC,11.26,11.24,11.25,172200.0,140500.0,0,0,439,2026-02-02 22:55:50.657642
COMP,25.18,25.18,25.23,139100.0,137500.0,0,0,439,2026-02-02 22:55:50.657642
RITC,11.24,11.24,11.25,174200.0,140500.0,0,0,440,2026-02-02 22:55:51.690284
COMP,25.18,25.18,25.2,139100.0,136100.0,0,0,440,2026-02-02 22:55:51.690284
RITC,11.25,11.24,11.25,172200.0,140500.0,0,0,441,2026-02-02 22:55:52.751472
COMP,25.16,25.16,25.18,139300.0,137000.0,0,0,441,2026-02-02 22:55:52.751472
RITC,11.25,11.24,11.25,175000.0,140500.0,0,0,442,2026-02-02 22:55:53.434954
COMP,25.15,25.15,25.18,140400.0,137000.0,0,0,442,2026-02-02 22:55:53.434954
RITC,11.25,11.25,11.26,175000.0,138000.0,0,0,443,2026-02-02 22:55:54.550431
COMP,25.17,25.15,25.17,140400.0,136800.0,0,0,443,2026-02-02 22:55:54.550431
RITC,11.25,11.24,11.25,175000.0,156700.0,0,0,444,2026-02-02 22:55:55.590548
COMP,25.2,25.14,25.2,141400.0,136100.0,0,0,444,2026-02-02 22:55:55.590548
RITC,11.23,11.23,11.25,174600.0,156700.0,0,0,445,2026-02-02 22:55:56.773903
COMP,25.13,25.13,25.2,140100.0,136100.0,0,0,445,2026-02-02 22:55:56.773903
RITC,11.23,11.23,11.24,172900.0,164400.0,0,0,446,2026-02-02 22:55:57.800552
COMP,25.15,25.15,25.2,140500.0,136100.0,0,0,446,2026-02-02 22:55:57.800552
RITC,11.23,11.23,11.24,172900.0,171600.0,0,0,447,2026-02-02 22:55:58.330726
COMP,25.15,25.15,25.18,140500.0,135400.0,0,0,447,2026-02-02 22:55:58.330726
RITC,11.23,11.23,11.24,172900.0,173300.0,0,0,448,2026-02-02 22:55:59.377924
COMP,25.18,25.18,25.2,141200.0,136100.0,0,0,448,2026-02-02 22:55:59.377924
RITC,11.24,11.23,11.24,172900.0,173800.0,0,0,449,2026-02-02 22:56:00.459187
COMP,25.24,25.18,25.24,141200.0,138900.0,0,0,449,2026-02-02 22:56:00.459187
RITC,11.23,11.23,11.24,173000.0,177200.0,0,0,450,2026-02-02 22:56:01.999480
COMP,25.18,25.18,25.24,142400.0,138900.0,0,0,450,2026-02-02 22:56:01.999480
RITC,11.23,11.23,11.24,173000.0,178200.0,0,0,451,2026-02-02 22:56:03.126297
COMP,25.13,25.13,25.26,141300.0,139900.0,0,0,451,2026-02-02 22:56:03.126297
RITC,11.23,11.23,11.24,173000.0,179400.0,0,0,452,2026-02-02 22:56:04.028184
COMP,25.13,25.2,25.26,140500.0,139900.0,0,0,452,2026-02-02 22:56:04.028184
RITC,11.23,11.23,11.24,173000.0,180600.0,0,0,453,2026-02-02 22:56:04.667937
COMP,25.13,25.2,25.26,140500.0,139900.0,0,0,453,2026-02-02 22:56:04.667937
RITC,11.22,11.22,11.24,173400.0,180600.0,0,0,454,2026-02-02 22:56:05.741034
COMP,25.13,25.21,25.26,139400.0,139900.0,0,0,454,2026-02-02 22:56:05.741034
RITC,11.22,11.22,11.24,178000.0,180600.0,0,0,455,2026-02-02 22:56:06.459759
COMP,25.26,25.25,25.26,138300.0,139900.0,0,0,455,2026-02-02 22:56:06.459759
RITC,11.22,11.21,11.22,179300.0,180500.0,0,0,456,2026-02-02 22:56:07.534680
COMP,25.26,25.25,25.26,139100.0,139900.0,0,0,456,2026-02-02 22:56:07.534680
RITC,11.21,11.21,11.22,178700.0,176600.0,0,0,457,2026-02-02 22:56:08.886287
COMP,25.26,25.25,25.26,138200.0,140000.0,0,0,457,2026-02-02 22:56:08.886287
RITC,11.2,11.2,11.22,176000.0,176600.0,0,0,458,2026-02-02 22:56:09.833319
COMP,25.26,25.25,25.26,138200.0,140000.0,0,0,458,2026-02-02 22:56:09.833319
RITC,11.2,11.2,11.22,176000.0,174900.0,0,0,459,2026-02-02 22:56:10.699671
COMP,25.26,25.25,25.26,138900.0,140000.0,0,0,459,2026-02-02 22:56:10.699671
RITC,11.19,11.19,11.21,176800.0,174600.0,0,0,460,2026-02-02 22:56:11.877231
COMP,25.28,25.25,25.28,138900.0,140700.0,0,0,460,2026-02-02 22:56:11.877231
RITC,11.19,11.19,11.2,176800.0,175700.0,0,0,461,2026-02-02 22:56:12.435082
COMP,25.28,25.25,25.28,141400.0,140700.0,0,0,461,2026-02-02 22:56:12.435082
RITC,11.19,11.19,11.2,176800.0,177200.0,0,0,462,2026-02-02 22:56:13.643479
COMP,25.28,25.25,25.28,139500.0,142600.0,0,0,462,2026-02-02 22:56:13.643479
RITC,11.18,11.18,11.19,179400.0,177600.0,0,0,463,2026-02-02 22:56:14.733354
COMP,25.28,25.25,25.28,139500.0,142100.0,0,0,463,2026-02-02 22:56:14.733354
RITC,11.18,11.18,11.19,179400.0,175300.0,0,0,464,2026-02-02 22:56:15.799042
COMP,25.28,25.28,25.29,140500.0,141300.0,0,0,464,2026-02-02 22:56:15.799042
RITC,11.17,11.17,11.19,178700.0,175300.0,0,0,465,2026-02-02 22:56:16.840569
COMP,25.29,25.28,25.29,140500.0,140400.0,0,0,465,2026-02-02 22:56:16.840569
RITC,11.17,11.17,11.19,178700.0,172500.0,0,0,466,2026-02-02 22:56:17.454665
COMP,25.29,25.28,25.29,140500.0,142500.0,0,0,466,2026-02-02 22:56:17.454665
RITC,11.16,11.16,11.17,181500.0,174200.0,0,0,467,2026-02-02 22:56:18.518911
COMP,25.29,25.28,25.29,142100.0,142500.0,0,0,467,2026-02-02 22:56:18.518911
RITC,11.16,11.16,11.17,181500.0,174600.0,0,0,468,2026-02-02 22:56:19.551510
COMP,25.29,25.28,25.29,141500.0,142500.0,0,0,468,2026-02-02 22:56:19.551510
RITC,11.14,11.14,11.17,181600.0,174600.0,0,0,469,2026-02-02 22:56:20.610771
COMP,25.29,25.29,25.3,140600.0,145000.0,0,0,469,2026-02-02 22:56:20.610771
RITC,11.14,11.11,11.12,183400.0,175200.0,0,0,470,2026-02-02 22:56:21.652446
COMP,25.28,25.28,25.3,140400.0,145000.0,0,0,470,2026-02-02 22:56:21.652446
RITC,11.14,11.11,11.12,183400.0,175800.0,0,0,471,2026-02-02 22:56:22.766682
COMP,25.31,25.28,25.31,140400.0,143900.0,0,0,471,2026-02-02 22:56:22.766682
RITC,11.1,11.1,11.12,184800.0,175300.0,0,0,472,2026-02-02 22:56:23.849341
COMP,25.31,25.28,25.31,141600.0,143900.0,0,0,472,2026-02-02 22:56:23.849341
RITC,11.09,11.09,11.12,183300.0,172500.0,0,0,473,2026-02-02 22:56:24.878917
COMP,25.31,25.28,25.31,141600.0,145000.0,0,0,473,2026-02-02 22:56:24.878917
RITC,11.09,11.09,11.12,184000.0,171500.0,0,0,474,2026-02-02 22:56:25.682969
COMP,25.31,25.28,25.31,141700.0,145000.0,0,0,474,2026-02-02 22:56:25.682969
RITC,11.09,11.09,11.1,183400.0,172900.0,0,0,475,2026-02-02 22:56:26.724496
COMP,25.25,25.25,25.31,140700.0,145000.0,0,0,475,2026-02-02 22:56:26.724496
RITC,11.09,11.09,11.1,182000.0,171300.0,0,0,476,2026-02-02 22:56:27.803202
COMP,25.25,25.27,25.31,139800.0,145000.0,0,0,476,2026-02-02 22:56:27.803202
RITC,11.09,11.09,11.1,183100.0,173100.0,0,0,477,2026-02-02 22:56:28.881974
COMP,25.25,25.27,25.31,139800.0,145000.0,0,0,477,2026-02-02 22:56:28.881974
RITC,11.09,11.09,11.1,183300.0,173900.0,0,0,478,2026-02-02 22:56:29.916139
COMP,25.25,25.27,25.31,136500.0,145000.0,0,0,478,2026-02-02 22:56:29.916139
RITC,11.09,11.08,11.09,183900.0,174900.0,0,0,479,2026-02-02 22:56:30.939022
COMP,25.31,25.27,25.31,136500.0,145400.0,0,0,479,2026-02-02 22:56:30.939022
RITC,11.08,11.06,11.08,186300.0,175500.0,0,0,480,2026-02-02 22:56:31.962445
COMP,25.31,25.27,25.31,132500.0,145400.0,0,0,480,2026-02-02 22:56:31.962445
RITC,11.08,11.08,11.09,185600.0,176900.0,0,0,481,2026-02-02 22:56:32.999490
COMP,25.32,25.27,25.32,132500.0,146200.0,0,0,481,2026-02-02 22:56:32.999490
RITC,11.06,11.06,11.09,188300.0,176900.0,0,0,482,2026-02-02 22:56:33.540714
COMP,25.32,25.28,25.32,134700.0,146200.0,0,0,482,2026-02-02 22:56:33.540714
RITC,11.06,11.08,11.09,188900.0,174900.0,0,0,483,2026-02-02 22:56:34.575992
COMP,25.32,25.28,25.32,134700.0,146000.0,0,0,483,2026-02-02 22:56:34.575992
RITC,11.09,11.08,11.09,188900.0,173700.0,0,0,484,2026-02-02 22:56:35.616243
COMP,25.32,25.3,25.32,134400.0,146000.0,0,0,484,2026-02-02 22:56:35.616243
RITC,11.08,11.06,11.08,188300.0,174300.0,0,0,485,2026-02-02 22:56:36.651147
COMP,25.32,25.3,25.32,134400.0,146000.0,0,0,485,2026-02-02 22:56:36.651147
RITC,11.06,11.03,11.05,188400.0,177800.0,0,0,486,2026-02-02 22:56:37.694536
COMP,25.32,25.3,25.32,134100.0,146000.0,0,0,486,2026-02-02 22:56:37.694536
RITC,11.06,11.04,11.05,187400.0,177900.0,0,0,487,2026-02-02 22:56:38.740412
COMP,25.32,25.3,25.32,134100.0,146000.0,0,0,487,2026-02-02 22:56:38.740412
RITC,11.03,11.03,11.05,188400.0,177900.0,0,0,488,2026-02-02 22:56:39.784210
COMP,25.32,25.3,25.32,132700.0,144400.0,0,0,488,2026-02-02 22:56:39.784210
RITC,11.03,11.04,11.05,188800.0,179100.0,0,0,489,2026-02-02 22:56:40.876881
COMP,25.28,25.28,25.32,133800.0,144400.0,0,0,489,2026-02-02 22:56:40.876881
RITC,11.04,11.04,11.07,188800.0,177000.0,0,0,490,2026-02-02 22:56:41.905530
COMP,25.32,25.28,25.32,133800.0,144400.0,0,0,490,2026-02-02 22:56:41.905530
RITC,11.04,11.06,11.07,189100.0,177400.0,0,0,491,2026-02-02 22:56:42.932353
COMP,25.32,25.28,25.32,134500.0,144400.0,0,0,491,2026-02-02 22:56:42.932353
RITC,11.07,11.06,11.07,189100.0,177400.0,0,0,492,2026-02-02 22:56:43.960217
COMP,25.33,25.28,25.33,135600.0,143300.0,0,0,492,2026-02-02 22:56:43.960217
RITC,11.07,11.07,11.08,186300.0,174200.0,0,0,493,2026-02-02 22:56:44.985641
COMP,25.33,25.28,25.33,135800.0,143300.0,0,0,493,2026-02-02 22:56:44.985641
RITC,11.08,11.07,11.08,186300.0,174500.0,0,0,494,2026-02-02 22:56:46.014909
COMP,25.33,25.32,25.33,136700.0,143300.0,0,0,494,2026-02-02 22:56:46.014909
RITC,11.09,11.07,11.09,186200.0,172600.0,0,0,495,2026-02-02 22:56:47.043899
COMP,25.34,25.32,25.34,136700.0,141600.0,0,0,495,2026-02-02 22:56:47.043899
RITC,11.09,11.07,11.09,185700.0,172600.0,0,0,496,2026-02-02 22:56:48.072077
COMP,25.34,25.32,25.34,136700.0,140800.0,0,0,496,2026-02-02 22:56:48.072077
RITC,11.09,11.09,11.1,187900.0,171700.0,0,0,497,2026-02-02 22:56:49.094737
COMP,25.34,25.32,25.34,136700.0,140600.0,0,0,497,2026-02-02 22:56:49.094737
RITC,11.07,11.07,11.1,189300.0,171700.0,0,0,498,2026-02-02 22:56:50.162928
COMP,25.34,25.32,25.34,136700.0,140600.0,0,0,498,2026-02-02 22:56:50.162928
RITC,11.03,11.03,11.1,186400.0,171700.0,0,0,499,2026-02-02 22:56:50.705526
COMP,25.34,25.32,25.34,136700.0,140600.0,0,0,499,2026-02-02 22:56:50.705526
RITC,11.03,11.06,11.1,186500.0,171700.0,0,0,500,2026-02-02 22:56:51.747652
COMP,25.34,25.32,25.34,136700.0,143000.0,0,0,500,2026-02-02 22:56:51.747652
RITC,11.03,11.08,11.1,185700.0,172800.0,0,0,501,2026-02-02 22:56:52.803050
COMP,25.28,25.28,25.34,136900.0,143000.0,0,0,501,2026-02-02 22:56:52.803050
RITC,11.09,11.09,11.1,187200.0,172800.0,0,0,502,2026-02-02 22:56:53.864971
COMP,25.28,25.28,25.32,136900.0,141400.0,0,0,502,2026-02-02 22:56:53.864971
RITC,11.09,11.09,11.1,187200.0,173600.0,0,0,503,2026-02-02 22:56:54.889105
COMP,25.28,25.3,25.32,136200.0,141400.0,0,0,503,2026-02-02 22:56:54.889105
RITC,11.1,11.09,11.1,186800.0,172000.0,0,0,504,2026-02-02 22:56:55.920341
COMP,25.28,25.3,25.32,135700.0,141400.0,0,0,504,2026-02-02 22:56:55.920341
RITC,11.1,11.1,11.11,190200.0,169500.0,0,0,505,2026-02-02 22:56:56.960810
COMP,25.32,25.3,25.32,135600.0,141400.0,0,0,505,2026-02-02 22:56:56.960810
RITC,11.1,11.1,11.11,186700.0,169500.0,0,0,506,2026-02-02 22:56:57.991584
COMP,25.32,25.31,25.32,136200.0,141400.0,0,0,506,2026-02-02 22:56:57.991584
RITC,11.11,11.1,11.11,188000.0,170800.0,0,0,507,2026-02-02 22:56:59.020611
COMP,25.34,25.31,25.34,136100.0,142800.0,0,0,507,2026-02-02 22:56:59.020611
RITC,11.1,11.1,11.11,184900.0,170800.0,0,0,508,2026-02-02 22:57:00.049193
COMP,25.34,25.31,25.35,136100.0,143700.0,0,0,508,2026-02-02 22:57:00.049193
RITC,11.09,11.08,11.09,185200.0,170000.0,0,0,509,2026-02-02 22:57:01.074035
COMP,25.35,25.31,25.35,136100.0,143700.0,0,0,509,2026-02-02 22:57:01.074035
RITC,11.08,11.08,11.09,187400.0,170000.0,0,0,510,2026-02-02 22:57:02.106383
COMP,25.35,25.33,25.35,136300.0,143700.0,0,0,510,2026-02-02 22:57:02.106383
RITC,11.08,11.08,11.09,185700.0,168500.0,0,0,511,2026-02-02 22:57:03.141225
COMP,25.35,25.33,25.35,136000.0,143200.0,0,0,511,2026-02-02 22:57:03.141225
RITC,11.08,11.08,11.09,185700.0,168500.0,0,0,512,2026-02-02 22:57:04.175324
COMP,25.35,25.33,25.35,136000.0,142700.0,0,0,512,2026-02-02 22:57:04.175324
RITC,11.09,11.09,11.11,189100.0,170100.0,0,0,513,2026-02-02 22:57:05.197883
COMP,25.35,25.33,25.35,136000.0,143200.0,0,0,513,2026-02-02 22:57:05.197883
RITC,11.09,11.09,11.11,189800.0,168000.0,0,0,514,2026-02-02 22:57:05.715810
COMP,25.35,25.33,25.35,136600.0,143200.0,0,0,514,2026-02-02 22:57:05.715810
RITC,11.09,11.09,11.11,187000.0,168000.0,0,0,515,2026-02-02 22:57:06.744822
COMP,25.35,25.33,25.35,137600.0,143000.0,0,0,515,2026-02-02 22:57:06.744822
RITC,11.11,11.09,11.11,187300.0,170600.0,0,0,516,2026-02-02 22:57:07.775513
COMP,25.35,25.33,25.35,137600.0,143000.0,0,0,516,2026-02-02 22:57:07.775513
RITC,11.09,11.1,11.11,185600.0,170600.0,0,0,517,2026-02-02 22:57:08.811198
COMP,25.35,25.33,25.35,135400.0,143000.0,0,0,517,2026-02-02 22:57:08.811198
RITC,11.11,11.1,11.11,183700.0,170600.0,0,0,518,2026-02-02 22:57:09.892935
COMP,25.36,25.33,25.36,135400.0,143200.0,0,0,518,2026-02-02 22:57:09.892935
RITC,11.11,11.1,11.11,182600.0,168700.0,0,0,519,2026-02-02 22:57:10.962617
COMP,25.36,25.33,25.36,135400.0,141600.0,0,0,519,2026-02-02 22:57:10.962617
RITC,11.11,11.1,11.11,182600.0,168200.0,0,0,520,2026-02-02 22:57:11.987817
COMP,25.36,25.33,25.36,133900.0,141600.0,0,0,520,2026-02-02 22:57:11.987817
RITC,11.12,11.1,11.12,182600.0,169900.0,0,0,521,2026-02-02 22:57:13.027552
COMP,25.36,25.34,25.36,134000.0,141600.0,0,0,521,2026-02-02 22:57:13.027552
RITC,11.13,11.11,11.13,184200.0,168700.0,0,0,522,2026-02-02 22:57:14.071850
COMP,25.37,25.34,25.37,134000.0,140800.0,0,0,522,2026-02-02 22:57:14.071850
RITC,11.13,11.11,11.13,184200.0,168700.0,0,0,523,2026-02-02 22:57:15.106927
COMP,25.37,25.34,25.37,134000.0,140700.0,0,0,523,2026-02-02 22:57:15.106927
RITC,11.13,11.11,11.13,184200.0,167900.0,0,0,524,2026-02-02 22:57:16.131245
COMP,25.37,25.34,25.37,134000.0,140700.0,0,0,524,2026-02-02 22:57:16.131245
RITC,11.11,11.11,11.13,183600.0,167900.0,0,0,525,2026-02-02 22:57:17.157228
COMP,25.37,25.34,25.37,132200.0,140700.0,0,0,525,2026-02-02 22:57:17.157228
RITC,11.11,11.11,11.13,181400.0,167900.0,0,0,526,2026-02-02 22:57:18.191978
COMP,25.37,25.34,25.37,132200.0,138700.0,0,0,526,2026-02-02 22:57:18.191978
RITC,11.11,11.11,11.12,181400.0,166500.0,0,0,527,2026-02-02 22:57:19.227118
COMP,25.37,25.36,25.37,133100.0,138700.0,0,0,527,2026-02-02 22:57:19.227118
RITC,11.12,11.12,11.13,181500.0,167300.0,0,0,528,2026-02-02 22:57:20.266746
COMP,25.37,25.36,25.37,135500.0,138700.0,0,0,528,2026-02-02 22:57:20.266746
RITC,11.12,11.12,11.13,181500.0,167300.0,0,0,529,2026-02-02 22:57:20.792370
COMP,25.37,25.36,25.37,135500.0,138900.0,0,0,529,2026-02-02 22:57:20.792370
RITC,11.13,11.12,11.13,179700.0,167800.0,0,0,530,2026-02-02 22:57:21.826797
COMP,25.37,25.36,25.37,135500.0,140500.0,0,0,530,2026-02-02 22:57:21.826797
RITC,11.14,11.13,11.14,178100.0,173400.0,0,0,531,2026-02-02 22:57:22.882551
COMP,25.37,25.36,25.37,137100.0,140500.0,0,0,531,2026-02-02 22:57:22.882551
RITC,11.14,11.13,11.14,177900.0,173400.0,0,0,532,2026-02-02 22:57:23.932906
COMP,25.37,25.36,25.37,135600.0,140400.0,0,0,532,2026-02-02 22:57:23.932906
RITC,11.14,11.13,11.14,177900.0,173400.0,0,0,533,2026-02-02 22:57:24.961451
COMP,25.37,25.36,25.37,135200.0,140400.0,0,0,533,2026-02-02 22:57:24.961451
RITC,11.13,11.13,11.14,179300.0,173400.0,0,0,534,2026-02-02 22:57:25.986252
COMP,25.38,25.36,25.38,135200.0,140200.0,0,0,534,2026-02-02 22:57:25.986252
RITC,11.15,11.16,11.17,178300.0,175000.0,0,0,535,2026-02-02 22:57:27.010843
COMP,25.38,25.36,25.38,135200.0,140200.0,0,0,535,2026-02-02 22:57:27.010843
RITC,11.16,11.13,11.14,179300.0,176800.0,0,0,536,2026-02-02 22:57:28.034658
COMP,25.38,25.36,25.38,136500.0,140200.0,0,0,536,2026-02-02 22:57:28.034658
RITC,11.13,11.13,11.14,179500.0,176100.0,0,0,537,2026-02-02 22:57:29.086056
COMP,25.38,25.36,25.38,136500.0,138700.0,0,0,537,2026-02-02 22:57:29.086056
RITC,11.13,11.13,11.14,179500.0,178700.0,0,0,538,2026-02-02 22:57:30.129335
COMP,25.38,25.36,25.37,136500.0,138200.0,0,0,538,2026-02-02 22:57:30.129335
RITC,11.13,11.13,11.14,179500.0,179700.0,0,0,539,2026-02-02 22:57:31.185820
COMP,25.38,25.36,25.37,136500.0,139700.0,0,0,539,2026-02-02 22:57:31.185820
RITC,11.13,11.12,11.13,179700.0,182100.0,0,0,540,2026-02-02 22:57:32.219882
COMP,25.38,25.36,25.38,136000.0,139400.0,0,0,540,2026-02-02 22:57:32.219882
RITC,11.12,11.12,11.14,179500.0,180500.0,0,0,541,2026-02-02 22:57:33.244973
COMP,25.38,25.36,25.38,136000.0,140400.0,0,0,541,2026-02-02 22:57:33.244973
RITC,11.12,11.12,11.14,181200.0,181100.0,0,0,542,2026-02-02 22:57:34.276065
COMP,25.38,25.36,25.38,134900.0,140400.0,0,0,542,2026-02-02 22:57:34.276065
RITC,11.14,11.12,11.14,181200.0,179900.0,0,0,543,2026-02-02 22:57:35.307552
COMP,25.38,25.36,25.38,134900.0,141700.0,0,0,543,2026-02-02 22:57:35.307552
RITC,11.14,11.12,11.14,181200.0,180400.0,0,0,544,2026-02-02 22:57:36.348025
COMP,25.38,25.36,25.38,134900.0,139900.0,0,0,544,2026-02-02 22:57:36.348025
RITC,11.14,11.12,11.14,181200.0,180400.0,0,0,545,2026-02-02 22:57:36.880679
COMP,25.38,25.36,25.38,134900.0,141500.0,0,0,545,2026-02-02 22:57:36.880679
RITC,11.14,11.12,11.14,181200.0,181900.0,0,0,546,2026-02-02 22:57:37.924515
COMP,25.38,25.36,25.38,134900.0,140700.0,0,0,546,2026-02-02 22:57:37.924515
RITC,11.11,11.11,11.13,183600.0,183200.0,0,0,547,2026-02-02 22:57:38.957732
COMP,25.36,25.36,25.38,134900.0,140700.0,0,0,547,2026-02-02 22:57:38.957732
RITC,11.11,11.11,11.12,183600.0,184800.0,0,0,548,2026-02-02 22:57:40.031881
COMP,25.36,25.36,25.38,134700.0,140600.0,0,0,548,2026-02-02 22:57:40.031881
RITC,11.11,11.11,11.12,183600.0,187300.0,0,0,549,2026-02-02 22:57:41.061138
COMP,25.38,25.35,25.38,136300.0,140100.0,0,0,549,2026-02-02 22:57:41.061138
RITC,11.11,11.11,11.12,180000.0,188300.0,0,0,550,2026-02-02 22:57:42.166240
COMP,25.39,25.35,25.39,136300.0,140300.0,0,0,550,2026-02-02 22:57:42.166240
RITC,11.13,11.11,11.13,180000.0,186400.0,0,0,551,2026-02-02 22:57:43.193868
COMP,25.39,25.39,25.4,136000.0,140400.0,0,0,551,2026-02-02 22:57:43.193868
RITC,11.11,11.11,11.13,180300.0,186400.0,0,0,552,2026-02-02 22:57:44.219314
COMP,25.39,25.39,25.4,136000.0,140400.0,0,0,552,2026-02-02 22:57:44.219314
RITC,11.13,11.11,11.13,179800.0,183300.0,0,0,553,2026-02-02 22:57:45.244164
COMP,25.4,25.39,25.4,136000.0,140600.0,0,0,553,2026-02-02 22:57:45.244164
RITC,11.13,11.11,11.13,179100.0,183900.0,0,0,554,2026-02-02 22:57:46.272485
COMP,25.35,25.35,25.4,137000.0,140600.0,0,0,554,2026-02-02 22:57:46.272485
RITC,11.14,11.13,11.14,179000.0,179300.0,0,0,555,2026-02-02 22:57:47.299626
COMP,25.41,25.35,25.41,137000.0,138900.0,0,0,555,2026-02-02 22:57:47.299626
RITC,11.15,11.13,11.15,179000.0,178200.0,0,0,556,2026-02-02 22:57:48.332049
COMP,25.41,25.35,25.41,137000.0,136900.0,0,0,556,2026-02-02 22:57:48.332049
RITC,11.15,11.13,11.15,179400.0,177300.0,0,0,557,2026-02-02 22:57:49.364333
COMP,25.41,25.35,25.41,135300.0,136900.0,0,0,557,2026-02-02 22:57:49.364333
RITC,11.16,11.15,11.16,177500.0,176200.0,0,0,558,2026-02-02 22:57:50.391672
COMP,25.41,25.4,25.41,134300.0,135500.0,0,0,558,2026-02-02 22:57:50.391672
RITC,11.17,11.15,11.16,177500.0,176600.0,0,0,559,2026-02-02 22:57:51.420425
COMP,25.41,25.4,25.41,134300.0,135500.0,0,0,559,2026-02-02 22:57:51.420425
RITC,11.17,11.15,11.16,177500.0,176600.0,0,0,560,2026-02-02 22:57:51.952962
COMP,25.41,25.4,25.41,135200.0,135500.0,0,0,560,2026-02-02 22:57:51.952962
RITC,11.15,11.14,11.15,179300.0,175300.0,0,0,561,2026-02-02 22:57:53.037420
COMP,25.42,25.4,25.42,135200.0,134000.0,0,0,561,2026-02-02 22:57:53.037420
RITC,11.15,11.14,11.15,179300.0,175800.0,0,0,562,2026-02-02 22:57:54.062509
COMP,25.43,25.4,25.43,135200.0,136100.0,0,0,562,2026-02-02 22:57:54.062509
RITC,11.13,11.13,11.14,179400.0,176400.0,0,0,563,2026-02-02 22:57:55.118226
COMP,25.43,25.41,25.43,136700.0,137000.0,0,0,563,2026-02-02 22:57:55.118226
RITC,11.11,11.11,11.13,181400.0,176200.0,0,0,564,2026-02-02 22:57:56.165920
COMP,25.43,25.41,25.43,136700.0,135000.0,0,0,564,2026-02-02 22:57:56.165920
RITC,11.11,11.11,11.13,183100.0,176200.0,0,0,565,2026-02-02 22:57:57.198601
COMP,25.43,25.41,25.43,135500.0,135000.0,0,0,565,2026-02-02 22:57:57.198601
RITC,11.1,11.1,11.13,182200.0,176200.0,0,0,566,2026-02-02 22:57:58.218986
COMP,25.43,25.41,25.43,133800.0,135000.0,0,0,566,2026-02-02 22:57:58.218986
RITC,11.1,11.1,11.11,182200.0,179000.0,0,0,567,2026-02-02 22:57:59.252548
COMP,25.44,25.41,25.44,133700.0,133300.0,0,0,567,2026-02-02 22:57:59.252548
RITC,11.1,11.1,11.11,185300.0,177500.0,0,0,568,2026-02-02 22:58:00.280941
COMP,25.44,25.42,25.44,135800.0,133300.0,0,0,568,2026-02-02 22:58:00.280941
RITC,11.1,11.1,11.11,183200.0,179100.0,0,0,569,2026-02-02 22:58:01.307432
COMP,25.45,25.42,25.45,135800.0,135100.0,0,0,569,2026-02-02 22:58:01.307432
RITC,11.09,11.09,11.11,186300.0,179100.0,0,0,570,2026-02-02 22:58:02.336124
COMP,25.46,25.42,25.46,135800.0,136900.0,0,0,570,2026-02-02 22:58:02.336124
RITC,11.09,11.09,11.1,186300.0,179100.0,0,0,571,2026-02-02 22:58:03.363831
COMP,25.47,25.42,25.47,135800.0,136900.0,0,0,571,2026-02-02 22:58:03.363831
RITC,11.09,11.08,11.09,185000.0,181300.0,0,0,572,2026-02-02 22:58:04.386392
COMP,25.47,25.44,25.47,136900.0,136900.0,0,0,572,2026-02-02 22:58:04.386392
RITC,11.1,11.08,11.1,184600.0,178800.0,0,0,573,2026-02-02 22:58:05.416136
COMP,25.47,25.44,25.47,136900.0,135700.0,0,0,573,2026-02-02 22:58:05.416136
RITC,11.1,11.08,11.09,184600.0,180100.0,0,0,574,2026-02-02 22:58:06.444694
COMP,25.47,25.44,25.47,136700.0,134500.0,0,0,574,2026-02-02 22:58:06.444694
RITC,11.1,11.08,11.09,187100.0,180100.0,0,0,575,2026-02-02 22:58:07.482222
COMP,25.47,25.48,25.49,136100.0,134000.0,0,0,575,2026-02-02 22:58:07.482222
RITC,11.1,11.08,11.1,187100.0,179500.0,0,0,576,2026-02-02 22:58:08.514956
COMP,25.49,25.48,25.49,136300.0,135000.0,0,0,576,2026-02-02 22:58:08.514956
RITC,11.1,11.1,11.11,185600.0,179100.0,0,0,577,2026-02-02 22:58:09.043631
COMP,25.49,25.48,25.49,135600.0,135000.0,0,0,577,2026-02-02 22:58:09.043631
RITC,11.1,11.1,11.11,185600.0,180500.0,0,0,578,2026-02-02 22:58:10.092067
COMP,25.49,25.48,25.49,135300.0,135000.0,0,0,578,2026-02-02 22:58:10.092067
RITC,11.11,11.1,11.11,185600.0,180500.0,0,0,579,2026-02-02 22:58:11.127487
COMP,25.49,25.48,25.49,135300.0,135000.0,0,0,579,2026-02-02 22:58:11.127487
RITC,11.11,11.1,11.11,185600.0,179400.0,0,0,580,2026-02-02 22:58:12.160125
COMP,25.49,25.48,25.49,135100.0,135000.0,0,0,580,2026-02-02 22:58:12.160125
RITC,11.12,11.08,11.12,187100.0,176800.0,0,0,581,2026-02-02 22:58:13.185822
COMP,25.49,25.48,25.49,135100.0,133800.0,0,0,581,2026-02-02 22:58:13.185822
RITC,11.12,11.08,11.11,187100.0,179300.0,0,0,582,2026-02-02 22:58:14.223284
COMP,25.49,25.48,25.49,135100.0,134000.0,0,0,582,2026-02-02 22:58:14.223284
RITC,11.12,11.08,11.11,186300.0,179300.0,0,0,583,2026-02-02 22:58:15.268451
COMP,25.49,25.48,25.49,136400.0,134000.0,0,0,583,2026-02-02 22:58:15.268451
RITC,11.12,11.09,11.1,185800.0,181600.0,0,0,584,2026-02-02 22:58:16.295814
COMP,25.49,25.48,25.49,136400.0,135300.0,0,0,584,2026-02-02 22:58:16.295814
RITC,11.08,11.08,11.1,186300.0,181900.0,0,0,585,2026-02-02 22:58:17.326685
COMP,25.51,25.48,25.51,135900.0,134400.0,0,0,585,2026-02-02 22:58:17.326685
RITC,11.08,11.08,11.1,186300.0,305600.0,0,0,586,2026-02-02 22:58:18.355799
COMP,25.51,25.48,25.51,216900.0,134400.0,0,0,586,2026-02-02 22:58:18.355799
RITC,11.08,11.08,11.1,186300.0,422300.0,0,0,587,2026-02-02 22:58:19.379610
COMP,25.63,25.51,25.63,287800.0,137500.0,0,0,587,2026-02-02 22:58:19.379610
RITC,11.06,11.06,11.08,187200.0,553600.0,0,0,588,2026-02-02 22:58:20.410845
COMP,25.63,25.53,25.63,370900.0,137500.0,0,0,588,2026-02-02 22:58:20.410845
RITC,11.03,11.01,11.03,184500.0,675500.0,0,0,589,2026-02-02 22:58:21.435225
COMP,25.63,25.53,25.62,434000.0,204700.0,0,0,589,2026-02-02 22:58:21.435225
RITC,10.99,10.99,11.02,179700.0,691800.0,0,0,590,2026-02-02 22:58:22.456382
COMP,25.62,25.53,25.62,434000.0,204700.0,0,0,590,2026-02-02 22:58:22.456382
RITC,10.98,10.97,10.98,184900.0,753800.0,0,0,591,2026-02-02 22:58:23.486437
COMP,25.62,25.61,25.62,596100.0,204700.0,0,0,591,2026-02-02 22:58:23.486437
RITC,10.98,10.97,10.98,184900.0,879500.0,0,0,592,2026-02-02 22:58:24.531650
COMP,25.64,25.66,25.67,751100.0,135100.0,0,0,592,2026-02-02 22:58:24.531650
RITC,10.98,10.97,10.98,184900.0,997800.0,0,0,593,2026-02-02 22:58:25.568591
COMP,25.73,25.66,25.73,751100.0,137200.0,0,0,593,2026-02-02 22:58:25.568591
RITC,10.93,10.93,10.94,190200.0,1052000.0,0,0,594,2026-02-02 22:58:26.610994
COMP,25.73,25.66,25.73,818100.0,137200.0,0,0,594,2026-02-02 22:58:26.610994
RITC,10.93,10.93,10.94,190200.0,1107300.0,0,0,595,2026-02-02 22:58:27.139248
COMP,25.73,25.66,25.73,818100.0,137200.0,0,0,595,2026-02-02 22:58:27.139248
RITC,10.93,10.93,10.94,190200.0,1190200.0,0,0,596,2026-02-02 22:58:28.160374
COMP,25.75,25.75,25.84,881800.0,204700.0,0,0,596,2026-02-02 22:58:28.160374
RITC,10.95,10.93,10.95,190200.0,1202900.0,0,0,597,2026-02-02 22:58:29.183928
COMP,25.75,25.75,25.84,881800.0,273000.0,0,0,597,2026-02-02 22:58:29.183928
RITC,10.95,10.93,10.94,190200.0,1276100.0,0,0,598,2026-02-02 22:58:30.235838
COMP,25.75,25.75,25.84,881800.0,425200.0,0,0,598,2026-02-02 22:58:30.235838
RITC,10.89,10.88,10.89,190300.0,1343100.0,0,0,599,2026-02-02 22:58:31.276105
COMP,25.75,25.8,25.84,943400.0,502500.0,0,0,599,2026-02-02 22:58:31.276105
