ticker,last_price,bid_price,ask_price,BUY_ANON,SELL_ANON,SELL_UOTB-P,BUY_UOTB-D,SELL_UOTB-T1,SELL_UOTB-D,SELL_BABS-P,BUY_UOTB-P,tick,timestamp,news_news_id,news_period,news_tick,news_ticker,news_headline,news_body
NG,1.99,1.97,2.01,800000.0,800000.0,0.0,0.0,0.0,0.0,0.0,0.0,1.0,2026-02-04 16:26:38.788621,15,4,180,,SPOT PRICE AND VOLUMES FOR DAY 5,The Regulatory Authority for Electricity board decided that on day 5 the following prices and volumes will be enforced:<br><br>364 contracts are available for market participants to buy at a price of $20.77<br><br>364 contracts are available for market participants to sell at a price of $20.76
ELEC-day2,20.0,0.0,0.0,,,0.0,0.0,0.0,0.0,0.0,0.0,1.0,2026-02-04 16:26:38.788621,14,4,149,,PRICE AND VOLUME BULLETIN,"Given the expected supply and demand in the market, the Regulatory Authority for Electricity board expects that the price for tomorrow will be between $17.34 and $26.34.<br><br>There will be 728 contracts available in the entire ELEC market, 364 contracts for buying and 364 contracts for selling. There are a total of 19 Producers, 19 Distributors and 38 Traders in the market.<br><br>Please note that the RAE will charge a bid-ask spread of 1 cent"
ELEC-day3,19.57,0.0,0.0,,,0.0,0.0,0.0,0.0,0.0,0.0,1.0,2026-02-04 16:26:38.788621,13,4,43,,FACTORY TENDER REPORT,There is increased speculation of small sized factory tenders to SELL electricity into the local market.
ELEC-day4,20.76,0.0,0.0,,,0.0,0.0,0.0,0.0,0.0,0.0,1.0,2026-02-04 16:26:38.788621,12,3,180,,SPOT PRICE AND VOLUMES FOR DAY 4,The Regulatory Authority for Electricity board decided that on day 4 the following prices and volumes will be enforced:<br><br>364 contracts are available for market participants to buy at a price of $20.77<br><br>364 contracts are available for market participants to sell at a price of $20.76
ELEC-day5,0.0,20.76,20.77,364.0,364.0,0.0,0.0,0.0,0.0,0.0,0.0,1.0,2026-02-04 16:26:38.788621,11,3,149,,PRICE AND VOLUME BULLETIN,"Given the expected supply and demand in the market, the Regulatory Authority for Electricity board expects that the price for tomorrow will be between $18.11 and $23.11.<br><br>There will be 728 contracts available in the entire ELEC market, 364 contracts for buying and 364 contracts for selling. There are a total of 19 Producers, 19 Distributors and 38 Traders in the market.<br><br>Please note that the RAE will charge a bid-ask spread of 1 cent"
ELEC-day6,0.0,0.0,0.0,,,0.0,0.0,0.0,0.0,0.0,0.0,1.0,2026-02-04 16:26:38.788621,10,3,23,,FACTORY TENDER REPORT,There is increased speculation of medium sized factory tenders to SELL electricity into the local market.
ELEC-F,15.0,0.0,0.0,,,0.0,0.0,0.0,0.0,0.0,0.0,1.0,2026-02-04 16:26:38.788621,9,2,180,,SPOT PRICE AND VOLUMES FOR DAY 3,The Regulatory Authority for Electricity board decided that on day 3 the following prices and volumes will be enforced:<br><br>288 contracts are available for market participants to buy at a price of $19.58<br><br>288 contracts are available for market participants to sell at a price of $19.57
,,,,,,,,,,,,,,8,2,149,,PRICE AND VOLUME BULLETIN,"Given the expected supply and demand in the market, the Regulatory Authority for Electricity board expects that the price for tomorrow will be between $16.69 and $24.69.<br><br>There will be 576 contracts available in the entire ELEC market, 288 contracts for buying and 288 contracts for selling. There are a total of 19 Producers, 19 Distributors and 38 Traders in the market.<br><br>Please note that the RAE will charge a bid-ask spread of 1 cent"
,,,,,,,,,,,,,,7,2,13,,FACTORY TENDER REPORT,There is increased speculation of small sized factory tenders to SELL electricity into the local market.
,,,,,,,,,,,,,,6,1,180,,SPOT PRICE AND VOLUMES FOR DAY 2,The Regulatory Authority for Electricity board decided that on day 2 the following prices and volumes will be enforced:<br><br>250 contracts are available for market participants to buy at a price of $20.01<br><br>250 contracts are available for market participants to sell at a price of $20.00
,,,,,,,,,,,,,,5,1,149,,PRICE AND VOLUME BULLETIN,"Given the expected supply and demand in the market, the Regulatory Authority for Electricity board expects that the price for tomorrow will be between $17.00 and $22.00.<br><br>There will be 500 contracts available in the entire ELEC market, 250 contracts for buying and 250 contracts for selling. There are a total of 19 Producers, 19 Distributors and 38 Traders in the market.<br><br>Please note that the RAE will charge a bid-ask spread of 1 cent"
,,,,,,,,,,,,,,4,1,38,,FACTORY TENDER REPORT,There is increased speculation of large sized factory tenders to SELL electricity into the local market.
,,,,,,,,,,,,,,3,1,1,,You are logged in as a TRADER,
,,,,,,,,,,,,,,2,1,1,,FINES,"The fine for open positions of ELEC-dayX at the end of the day is $20,000/contract."
,,,,,,,,,,,,,,1,1,1,,Welcome to the RITC2026 GBE Energy Electricity Trading Case - practice server,
NG,2.0,1.98,2.02,800000.0,800000.0,0,0,0,0,0,0,2,2026-02-04 16:26:40.043641
ELEC-day2,20.0,0.0,0.0,,,0,0,0,0,0,0,2,2026-02-04 16:26:40.043641
ELEC-day3,19.57,0.0,0.0,,,0,0,0,0,0,0,2,2026-02-04 16:26:40.043641
ELEC-day4,20.76,0.0,0.0,,,0,0,0,0,0,0,2,2026-02-04 16:26:40.043641
ELEC-day5,0.0,20.76,20.77,364.0,364.0,0,0,0,0,0,0,2,2026-02-04 16:26:40.043641
ELEC-day6,0.0,0.0,0.0,,,0,0,0,0,0,0,2,2026-02-04 16:26:40.043641
ELEC-F,15.0,0.0,0.0,,,0,0,0,0,0,0,2,2026-02-04 16:26:40.043641
NG,2.0,1.98,2.02,800000.0,800000.0,0,0,0,0,0,0,3,2026-02-04 16:26:40.583172
ELEC-day2,20.0,0.0,0.0,,,0,0,0,0,0,0,3,2026-02-04 16:26:40.583172
ELEC-day3,19.57,0.0,0.0,,,0,0,0,0,0,0,3,2026-02-04 16:26:40.583172
ELEC-day4,20.76,0.0,0.0,,,0,0,0,0,0,0,3,2026-02-04 16:26:40.583172
ELEC-day5,0.0,20.76,20.77,364.0,364.0,0,0,0,0,0,0,3,2026-02-04 16:26:40.583172
ELEC-day6,0.0,0.0,0.0,,,0,0,0,0,0,0,3,2026-02-04 16:26:40.583172
ELEC-F,15.0,0.0,0.0,,,0,0,0,0,0,0,3,2026-02-04 16:26:40.583172
NG,2.0,1.98,2.02,800000.0,800000.0,0,0,0,0,0,0,4,2026-02-04 16:26:41.689054
ELEC-day2,20.0,0.0,0.0,,,0,0,0,0,0,0,4,2026-02-04 16:26:41.689054
ELEC-day3,19.57,0.0,0.0,,,0,0,0,0,0,0,4,2026-02-04 16:26:41.689054
ELEC-day4,20.76,0.0,0.0,,,0,0,0,0,0,0,4,2026-02-04 16:26:41.689054
ELEC-day5,0.0,20.76,20.77,364.0,364.0,0,0,0,0,0,0,4,2026-02-04 16:26:41.689054
ELEC-day6,0.0,0.0,0.0,,,0,0,0,0,0,0,4,2026-02-04 16:26:41.689054
ELEC-F,15.0,0.0,0.0,,,0,0,0,0,0,0,4,2026-02-04 16:26:41.689054
NG,1.99,1.97,2.01,800000.0,800000.0,0,0,0,0,0,0,5,2026-02-04 16:26:42.770068
ELEC-day2,20.0,0.0,0.0,,,0,0,0,0,0,0,5,2026-02-04 16:26:42.770068
ELEC-day3,19.57,0.0,0.0,,,0,0,0,0,0,0,5,2026-02-04 16:26:42.770068
ELEC-day4,20.76,0.0,0.0,,,0,0,0,0,0,0,5,2026-02-04 16:26:42.770068
ELEC-day5,0.0,20.76,20.77,364.0,364.0,0,0,0,0,0,0,5,2026-02-04 16:26:42.770068
ELEC-day6,0.0,0.0,0.0,,,0,0,0,0,0,0,5,2026-02-04 16:26:42.770068
ELEC-F,15.0,0.0,0.0,,,0,0,0,0,0,0,5,2026-02-04 16:26:42.770068
NG,1.99,1.97,2.01,800000.0,800000.0,0,0,0,0,0,0,6,2026-02-04 16:26:43.818715
ELEC-day2,20.0,0.0,0.0,,,0,0,0,0,0,0,6,2026-02-04 16:26:43.818715
ELEC-day3,19.57,0.0,0.0,,,0,0,0,0,0,0,6,2026-02-04 16:26:43.818715
ELEC-day4,20.76,0.0,0.0,,,0,0,0,0,0,0,6,2026-02-04 16:26:43.818715
ELEC-day5,0.0,20.76,20.77,364.0,364.0,0,0,0,0,0,0,6,2026-02-04 16:26:43.818715
ELEC-day6,0.0,0.0,0.0,,,0,0,0,0,0,0,6,2026-02-04 16:26:43.818715
ELEC-F,15.0,0.0,0.0,,,0,0,0,0,0,0,6,2026-02-04 16:26:43.818715
NG,1.99,1.97,2.01,800000.0,800000.0,0,0,0,0,0,0,7,2026-02-04 16:26:44.860703
ELEC-day2,20.0,0.0,0.0,,,0,0,0,0,0,0,7,2026-02-04 16:26:44.860703
ELEC-day3,19.57,0.0,0.0,,,0,0,0,0,0,0,7,2026-02-04 16:26:44.860703
ELEC-day4,20.76,0.0,0.0,,,0,0,0,0,0,0,7,2026-02-04 16:26:44.860703
ELEC-day5,0.0,20.76,20.77,364.0,364.0,0,0,0,0,0,0,7,2026-02-04 16:26:44.860703
ELEC-day6,0.0,0.0,0.0,,,0,0,0,0,0,0,7,2026-02-04 16:26:44.860703
ELEC-F,15.0,0.0,0.0,,,0,0,0,0,0,0,7,2026-02-04 16:26:44.860703
NG,2.0,1.98,2.02,800000.0,800000.0,0,0,0,0,0,0,8,2026-02-04 16:26:45.908120
ELEC-day2,20.0,0.0,0.0,,,0,0,0,0,0,0,8,2026-02-04 16:26:45.908120
ELEC-day3,19.57,0.0,0.0,,,0,0,0,0,0,0,8,2026-02-04 16:26:45.908120
ELEC-day4,20.76,0.0,0.0,,,0,0,0,0,0,0,8,2026-02-04 16:26:45.908120
ELEC-day5,0.0,20.76,20.77,364.0,364.0,0,0,0,0,0,0,8,2026-02-04 16:26:45.908120
ELEC-day6,0.0,0.0,0.0,,,0,0,0,0,0,0,8,2026-02-04 16:26:45.908120
ELEC-F,15.0,0.0,0.0,,,0,0,0,0,0,0,8,2026-02-04 16:26:45.908120
NG,2.0,1.98,2.02,800000.0,800000.0,0,0,0,0,0,0,9,2026-02-04 16:26:46.941693
ELEC-day2,20.0,0.0,0.0,,,0,0,0,0,0,0,9,2026-02-04 16:26:46.941693
ELEC-day3,19.57,0.0,0.0,,,0,0,0,0,0,0,9,2026-02-04 16:26:46.941693
ELEC-day4,20.76,0.0,0.0,,,0,0,0,0,0,0,9,2026-02-04 16:26:46.941693
ELEC-day5,0.0,20.76,20.77,364.0,364.0,0,0,0,0,0,0,9,2026-02-04 16:26:46.941693
ELEC-day6,0.0,0.0,0.0,,,0,0,0,0,0,0,9,2026-02-04 16:26:46.941693
ELEC-F,15.0,0.0,0.0,,,0,0,0,0,0,0,9,2026-02-04 16:26:46.941693
NG,2.0,1.98,2.02,800000.0,800000.0,0,0,0,0,0,0,10,2026-02-04 16:26:47.981387
ELEC-day2,20.0,0.0,0.0,,,0,0,0,0,0,0,10,2026-02-04 16:26:47.981387
ELEC-day3,19.57,0.0,0.0,,,0,0,0,0,0,0,10,2026-02-04 16:26:47.981387
ELEC-day4,20.76,0.0,0.0,,,0,0,0,0,0,0,10,2026-02-04 16:26:47.981387
ELEC-day5,0.0,20.76,20.77,364.0,364.0,0,0,0,0,0,0,10,2026-02-04 16:26:47.981387
ELEC-day6,0.0,0.0,0.0,,,0,0,0,0,0,0,10,2026-02-04 16:26:47.981387
ELEC-F,15.0,0.0,0.0,,,0,0,0,0,0,0,10,2026-02-04 16:26:47.981387
NG,2.01,1.99,2.03,800000.0,800000.0,0,0,0,0,0,0,11,2026-02-04 16:26:49.092360
ELEC-day2,20.0,0.0,0.0,,,0,0,0,0,0,0,11,2026-02-04 16:26:49.092360
ELEC-day3,19.57,0.0,0.0,,,0,0,0,0,0,0,11,2026-02-04 16:26:49.092360
ELEC-day4,20.76,0.0,0.0,,,0,0,0,0,0,0,11,2026-02-04 16:26:49.092360
ELEC-day5,0.0,20.76,20.77,364.0,364.0,0,0,0,0,0,0,11,2026-02-04 16:26:49.092360
ELEC-day6,0.0,0.0,0.0,,,0,0,0,0,0,0,11,2026-02-04 16:26:49.092360
ELEC-F,15.0,0.0,0.0,,,0,0,0,0,0,0,11,2026-02-04 16:26:49.092360
NG,2.01,1.99,2.03,800000.0,800000.0,0,0,0,0,0,0,12,2026-02-04 16:26:49.663746
ELEC-day2,20.0,0.0,0.0,,,0,0,0,0,0,0,12,2026-02-04 16:26:49.663746
ELEC-day3,19.57,0.0,0.0,,,0,0,0,0,0,0,12,2026-02-04 16:26:49.663746
ELEC-day4,20.76,0.0,0.0,,,0,0,0,0,0,0,12,2026-02-04 16:26:49.663746
ELEC-day5,0.0,20.76,20.77,364.0,364.0,0,0,0,0,0,0,12,2026-02-04 16:26:49.663746
ELEC-day6,0.0,0.0,0.0,,,0,0,0,0,0,0,12,2026-02-04 16:26:49.663746
ELEC-F,15.0,0.0,0.0,,,0,0,0,0,0,0,12,2026-02-04 16:26:49.663746
NG,2.02,2.0,2.04,800000.0,800000.0,0,0,0,0,0,0,13,2026-02-04 16:26:50.701936
ELEC-day2,20.0,0.0,0.0,,,0,0,0,0,0,0,13,2026-02-04 16:26:50.701936
ELEC-day3,19.57,0.0,0.0,,,0,0,0,0,0,0,13,2026-02-04 16:26:50.701936
ELEC-day4,20.76,0.0,0.0,,,0,0,0,0,0,0,13,2026-02-04 16:26:50.701936
ELEC-day5,0.0,20.76,20.77,364.0,364.0,0,0,0,0,0,0,13,2026-02-04 16:26:50.701936
ELEC-day6,0.0,0.0,0.0,,,0,0,0,0,0,0,13,2026-02-04 16:26:50.701936
ELEC-F,15.0,0.0,0.0,,,0,0,0,0,0,0,13,2026-02-04 16:26:50.701936
NG,2.02,2.0,2.04,800000.0,800000.0,0,0,0,0,0,0,14,2026-02-04 16:26:51.740078
ELEC-day2,20.0,0.0,0.0,,,0,0,0,0,0,0,14,2026-02-04 16:26:51.740078
ELEC-day3,19.57,0.0,0.0,,,0,0,0,0,0,0,14,2026-02-04 16:26:51.740078
ELEC-day4,20.76,0.0,0.0,,,0,0,0,0,0,0,14,2026-02-04 16:26:51.740078
ELEC-day5,0.0,20.76,20.77,364.0,364.0,0,0,0,0,0,0,14,2026-02-04 16:26:51.740078
ELEC-day6,0.0,0.0,0.0,,,0,0,0,0,0,0,14,2026-02-04 16:26:51.740078
ELEC-F,15.0,0.0,0.0,,,0,0,0,0,0,0,14,2026-02-04 16:26:51.740078
NG,2.0,1.98,2.02,800000.0,800000.0,0,0,0,0,0,0,15,2026-02-04 16:26:52.794377
ELEC-day2,20.0,0.0,0.0,,,0,0,0,0,0,0,15,2026-02-04 16:26:52.794377
ELEC-day3,19.57,0.0,0.0,,,0,0,0,0,0,0,15,2026-02-04 16:26:52.794377
ELEC-day4,20.76,0.0,0.0,,,0,0,0,0,0,0,15,2026-02-04 16:26:52.794377
ELEC-day5,0.0,20.76,20.77,364.0,364.0,0,0,0,0,0,0,15,2026-02-04 16:26:52.794377
ELEC-day6,0.0,0.0,0.0,,,0,0,0,0,0,0,15,2026-02-04 16:26:52.794377
ELEC-F,15.0,0.0,0.0,,,0,0,0,0,0,0,15,2026-02-04 16:26:52.794377
NG,2.01,1.99,2.03,800000.0,800000.0,0,0,0,0,0,0,16,2026-02-04 16:26:53.836252
ELEC-day2,20.0,0.0,0.0,,,0,0,0,0,0,0,16,2026-02-04 16:26:53.836252
ELEC-day3,19.57,0.0,0.0,,,0,0,0,0,0,0,16,2026-02-04 16:26:53.836252
ELEC-day4,20.76,0.0,0.0,,,0,0,0,0,0,0,16,2026-02-04 16:26:53.836252
ELEC-day5,0.0,20.76,20.77,364.0,364.0,0,0,0,0,0,0,16,2026-02-04 16:26:53.836252
ELEC-day6,0.0,0.0,0.0,,,0,0,0,0,0,0,16,2026-02-04 16:26:53.836252
ELEC-F,15.0,0.0,0.0,,,0,0,0,0,0,0,16,2026-02-04 16:26:53.836252
NG,2.01,1.99,2.03,800000.0,800000.0,0,0,0,0,0,0,17,2026-02-04 16:26:54.878589
ELEC-day2,20.0,0.0,0.0,,,0,0,0,0,0,0,17,2026-02-04 16:26:54.878589
ELEC-day3,19.57,0.0,0.0,,,0,0,0,0,0,0,17,2026-02-04 16:26:54.878589
ELEC-day4,20.76,0.0,0.0,,,0,0,0,0,0,0,17,2026-02-04 16:26:54.878589
ELEC-day5,0.0,20.76,20.77,364.0,364.0,0,0,0,0,0,0,17,2026-02-04 16:26:54.878589
ELEC-day6,0.0,0.0,0.0,,,0,0,0,0,0,0,17,2026-02-04 16:26:54.878589
ELEC-F,15.0,0.0,0.0,,,0,0,0,0,0,0,17,2026-02-04 16:26:54.878589
NG,2.01,1.99,2.03,800000.0,800000.0,0,0,0,0,0,0,18,2026-02-04 16:26:55.920811
ELEC-day2,20.0,0.0,0.0,,,0,0,0,0,0,0,18,2026-02-04 16:26:55.920811
ELEC-day3,19.57,0.0,0.0,,,0,0,0,0,0,0,18,2026-02-04 16:26:55.920811
ELEC-day4,20.76,0.0,0.0,,,0,0,0,0,0,0,18,2026-02-04 16:26:55.920811
ELEC-day5,0.0,20.76,20.77,364.0,364.0,0,0,0,0,0,0,18,2026-02-04 16:26:55.920811
ELEC-day6,0.0,0.0,0.0,,,0,0,0,0,0,0,18,2026-02-04 16:26:55.920811
ELEC-F,15.0,0.0,0.0,,,0,0,0,0,0,0,18,2026-02-04 16:26:55.920811
NG,2.01,1.99,2.03,800000.0,800000.0,0,0,0,0,0,0,19,2026-02-04 16:26:56.969896
ELEC-day2,20.0,0.0,0.0,,,0,0,0,0,0,0,19,2026-02-04 16:26:56.969896
ELEC-day3,19.57,0.0,0.0,,,0,0,0,0,0,0,19,2026-02-04 16:26:56.969896
ELEC-day4,20.76,0.0,0.0,,,0,0,0,0,0,0,19,2026-02-04 16:26:56.969896
ELEC-day5,0.0,20.76,20.77,364.0,364.0,0,0,0,0,0,0,19,2026-02-04 16:26:56.969896
ELEC-day6,0.0,0.0,0.0,,,0,0,0,0,0,0,19,2026-02-04 16:26:56.969896
ELEC-F,15.0,0.0,0.0,,,0,0,0,0,0,0,19,2026-02-04 16:26:56.969896
NG,2.02,2.0,2.04,800000.0,800000.0,0,0,0,0,0,0,20,2026-02-04 16:26:58.013795
ELEC-day2,20.0,0.0,0.0,,,0,0,0,0,0,0,20,2026-02-04 16:26:58.013795
ELEC-day3,19.57,0.0,0.0,,,0,0,0,0,0,0,20,2026-02-04 16:26:58.013795
ELEC-day4,20.76,0.0,0.0,,,0,0,0,0,0,0,20,2026-02-04 16:26:58.013795
ELEC-day5,0.0,20.76,20.77,364.0,364.0,0,0,0,0,0,0,20,2026-02-04 16:26:58.013795
ELEC-day6,0.0,0.0,0.0,,,0,0,0,0,0,0,20,2026-02-04 16:26:58.013795
ELEC-F,15.0,0.0,0.0,,,0,0,0,0,0,0,20,2026-02-04 16:26:58.013795
NG,2.03,2.01,2.05,800000.0,800000.0,0,0,0,0,0,0,21,2026-02-04 16:26:59.149006
ELEC-day2,20.0,0.0,0.0,,,0,0,0,0,0,0,21,2026-02-04 16:26:59.149006
ELEC-day3,19.57,0.0,0.0,,,0,0,0,0,0,0,21,2026-02-04 16:26:59.149006
ELEC-day4,20.76,0.0,0.0,,,0,0,0,0,0,0,21,2026-02-04 16:26:59.149006
ELEC-day5,0.0,20.76,20.77,364.0,364.0,0,0,0,0,0,0,21,2026-02-04 16:26:59.149006
ELEC-day6,0.0,0.0,0.0,,,0,0,0,0,0,0,21,2026-02-04 16:26:59.149006
ELEC-F,15.0,0.0,0.0,,,0,0,0,0,0,0,21,2026-02-04 16:26:59.149006
NG,2.02,2.0,2.04,800000.0,800000.0,0,0,0,0,0,0,22,2026-02-04 16:26:59.689116
ELEC-day2,20.0,0.0,0.0,,,0,0,0,0,0,0,22,2026-02-04 16:26:59.689116
ELEC-day3,19.57,0.0,0.0,,,0,0,0,0,0,0,22,2026-02-04 16:26:59.689116
ELEC-day4,20.76,0.0,0.0,,,0,0,0,0,0,0,22,2026-02-04 16:26:59.689116
ELEC-day5,20.77,20.76,20.77,364.0,364.0,0,0,0,0,0,0,22,2026-02-04 16:26:59.689116
ELEC-day6,0.0,0.0,0.0,,,0,0,0,0,0,0,22,2026-02-04 16:26:59.689116
ELEC-F,15.0,0.0,0.0,,,0,0,0,0,0,0,22,2026-02-04 16:26:59.689116
NG,2.01,1.99,2.03,800000.0,800000.0,0,0,0,0,0,0,23,2026-02-04 16:27:00.862352
ELEC-day2,20.0,0.0,0.0,,,0,0,0,0,0,0,23,2026-02-04 16:27:00.862352
ELEC-day3,19.57,0.0,0.0,,,0,0,0,0,0,0,23,2026-02-04 16:27:00.862352
ELEC-day4,20.76,0.0,0.0,,,0,0,0,0,0,0,23,2026-02-04 16:27:00.862352
ELEC-day5,20.77,20.76,20.77,364.0,364.0,0,0,0,0,0,0,23,2026-02-04 16:27:00.862352
ELEC-day6,0.0,0.0,0.0,,,0,0,0,0,0,0,23,2026-02-04 16:27:00.862352
ELEC-F,15.0,0.0,0.0,,,0,0,0,0,0,0,23,2026-02-04 16:27:00.862352
NG,2.01,1.99,2.03,800000.0,800000.0,0,0,0,0,0,0,24,2026-02-04 16:27:01.909029
ELEC-day2,20.0,0.0,0.0,,,0,0,0,0,0,0,24,2026-02-04 16:27:01.909029
ELEC-day3,19.57,0.0,0.0,,,0,0,0,0,0,0,24,2026-02-04 16:27:01.909029
ELEC-day4,20.76,0.0,0.0,,,0,0,0,0,0,0,24,2026-02-04 16:27:01.909029
ELEC-day5,20.77,20.76,20.77,364.0,364.0,0,0,0,0,0,0,24,2026-02-04 16:27:01.909029
ELEC-day6,0.0,0.0,0.0,,,0,0,0,0,0,0,24,2026-02-04 16:27:01.909029
ELEC-F,15.0,0.0,0.0,,,0,0,0,0,0,0,24,2026-02-04 16:27:01.909029
NG,2.01,1.99,2.03,800000.0,800000.0,0,0,0,0,0,0,25,2026-02-04 16:27:02.943640
ELEC-day2,20.0,0.0,0.0,,,0,0,0,0,0,0,25,2026-02-04 16:27:02.943640
ELEC-day3,19.57,0.0,0.0,,,0,0,0,0,0,0,25,2026-02-04 16:27:02.943640
ELEC-day4,20.76,0.0,0.0,,,0,0,0,0,0,0,25,2026-02-04 16:27:02.943640
ELEC-day5,20.77,20.76,20.77,364.0,364.0,0,0,0,0,0,0,25,2026-02-04 16:27:02.943640
ELEC-day6,0.0,0.0,0.0,,,0,0,0,0,0,0,25,2026-02-04 16:27:02.943640
ELEC-F,15.0,0.0,0.0,,,0,0,0,0,0,0,25,2026-02-04 16:27:02.943640
NG,2.01,1.99,2.03,800000.0,800000.0,0,0,0,0,0,0,26,2026-02-04 16:27:03.986629
ELEC-day2,20.0,0.0,0.0,,,0,0,0,0,0,0,26,2026-02-04 16:27:03.986629
ELEC-day3,19.57,0.0,0.0,,,0,0,0,0,0,0,26,2026-02-04 16:27:03.986629
ELEC-day4,20.76,0.0,0.0,,,0,0,0,0,0,0,26,2026-02-04 16:27:03.986629
ELEC-day5,20.77,20.76,20.77,364.0,364.0,0,0,0,0,0,0,26,2026-02-04 16:27:03.986629
ELEC-day6,0.0,0.0,0.0,,,0,0,0,0,0,0,26,2026-02-04 16:27:03.986629
ELEC-F,15.0,0.0,0.0,,,0,0,0,0,0,0,26,2026-02-04 16:27:03.986629
NG,2.02,2.0,2.04,800000.0,800000.0,0,0,0,0,0,0,27,2026-02-04 16:27:05.028178
ELEC-day2,20.0,0.0,0.0,,,0,0,0,0,0,0,27,2026-02-04 16:27:05.028178
ELEC-day3,19.57,0.0,0.0,,,0,0,0,0,0,0,27,2026-02-04 16:27:05.028178
ELEC-day4,20.76,0.0,0.0,,,0,0,0,0,0,0,27,2026-02-04 16:27:05.028178
ELEC-day5,20.77,20.76,20.77,364.0,364.0,0,0,0,0,0,0,27,2026-02-04 16:27:05.028178
ELEC-day6,0.0,0.0,0.0,,,0,0,0,0,0,0,27,2026-02-04 16:27:05.028178
ELEC-F,15.0,0.0,0.0,,,0,0,0,0,0,0,27,2026-02-04 16:27:05.028178
NG,2.03,2.01,2.05,800000.0,800000.0,0,0,0,0,0,0,28,2026-02-04 16:27:06.064266
ELEC-day2,20.0,0.0,0.0,,,0,0,0,0,0,0,28,2026-02-04 16:27:06.064266
ELEC-day3,19.57,0.0,0.0,,,0,0,0,0,0,0,28,2026-02-04 16:27:06.064266
ELEC-day4,20.76,0.0,0.0,,,0,0,0,0,0,0,28,2026-02-04 16:27:06.064266
ELEC-day5,20.77,20.76,20.77,364.0,364.0,0,0,0,0,0,0,28,2026-02-04 16:27:06.064266
ELEC-day6,0.0,0.0,0.0,,,0,0,0,0,0,0,28,2026-02-04 16:27:06.064266
ELEC-F,15.0,0.0,0.0,,,0,0,0,0,0,0,28,2026-02-04 16:27:06.064266
NG,2.02,2.0,2.04,800000.0,800000.0,0,0,0,0,0,0,29,2026-02-04 16:27:07.181903
ELEC-day2,20.0,0.0,0.0,,,0,0,0,0,0,0,29,2026-02-04 16:27:07.181903
ELEC-day3,19.57,0.0,0.0,,,0,0,0,0,0,0,29,2026-02-04 16:27:07.181903
ELEC-day4,20.76,0.0,0.0,,,0,0,0,0,0,0,29,2026-02-04 16:27:07.181903
ELEC-day5,20.77,20.76,20.77,364.0,364.0,0,0,0,0,0,0,29,2026-02-04 16:27:07.181903
ELEC-day6,0.0,0.0,0.0,,,0,0,0,0,0,0,29,2026-02-04 16:27:07.181903
ELEC-F,15.0,0.0,0.0,,,0,0,0,0,0,0,29,2026-02-04 16:27:07.181903
NG,2.02,2.0,2.04,800000.0,800000.0,0,0,0,0,0,0,30,2026-02-04 16:27:07.730402
ELEC-day2,20.0,0.0,0.0,,,0,0,0,0,0,0,30,2026-02-04 16:27:07.730402
ELEC-day3,19.57,0.0,0.0,,,0,0,0,0,0,0,30,2026-02-04 16:27:07.730402
ELEC-day4,20.76,0.0,0.0,,,0,0,0,0,0,0,30,2026-02-04 16:27:07.730402
ELEC-day5,20.77,20.76,20.77,364.0,364.0,0,0,0,0,0,0,30,2026-02-04 16:27:07.730402
ELEC-day6,0.0,0.0,0.0,,,0,0,0,0,0,0,30,2026-02-04 16:27:07.730402
ELEC-F,15.0,0.0,0.0,,,0,0,0,0,0,0,30,2026-02-04 16:27:07.730402
NG,2.03,2.01,2.05,800000.0,800000.0,0,0,0,0,0,0,31,2026-02-04 16:27:08.887384
ELEC-day2,20.0,0.0,0.0,,,0,0,0,0,0,0,31,2026-02-04 16:27:08.887384
ELEC-day3,19.57,0.0,0.0,,,0,0,0,0,0,0,31,2026-02-04 16:27:08.887384
ELEC-day4,20.76,0.0,0.0,,,0,0,0,0,0,0,31,2026-02-04 16:27:08.887384
ELEC-day5,20.77,20.76,20.77,364.0,364.0,0,0,0,0,0,0,31,2026-02-04 16:27:08.887384
ELEC-day6,0.0,0.0,0.0,,,0,0,0,0,0,0,31,2026-02-04 16:27:08.887384
ELEC-F,15.0,0.0,0.0,,,0,0,0,0,0,0,31,2026-02-04 16:27:08.887384
NG,2.02,2.0,2.04,800000.0,800000.0,0,0,0,0,0,0,32,2026-02-04 16:27:09.947728
ELEC-day2,20.0,0.0,0.0,,,0,0,0,0,0,0,32,2026-02-04 16:27:09.947728
ELEC-day3,19.57,0.0,0.0,,,0,0,0,0,0,0,32,2026-02-04 16:27:09.947728
ELEC-day4,20.76,0.0,0.0,,,0,0,0,0,0,0,32,2026-02-04 16:27:09.947728
ELEC-day5,20.77,20.76,20.77,364.0,364.0,0,0,0,0,0,0,32,2026-02-04 16:27:09.947728
ELEC-day6,0.0,0.0,0.0,,,0,0,0,0,0,0,32,2026-02-04 16:27:09.947728
ELEC-F,15.0,0.0,0.0,,,0,0,0,0,0,0,32,2026-02-04 16:27:09.947728
NG,2.03,2.01,2.05,800000.0,800000.0,0,0,0,0,0,0,33,2026-02-04 16:27:11.102895
ELEC-day2,20.0,0.0,0.0,,,0,0,0,0,0,0,33,2026-02-04 16:27:11.102895
ELEC-day3,19.57,0.0,0.0,,,0,0,0,0,0,0,33,2026-02-04 16:27:11.102895
ELEC-day4,20.76,0.0,0.0,,,0,0,0,0,0,0,33,2026-02-04 16:27:11.102895
ELEC-day5,20.77,20.76,20.77,364.0,364.0,0,0,0,0,0,0,33,2026-02-04 16:27:11.102895
ELEC-day6,0.0,0.0,0.0,,,0,0,0,0,0,0,33,2026-02-04 16:27:11.102895
ELEC-F,15.0,0.0,0.0,,,0,0,0,0,0,0,33,2026-02-04 16:27:11.102895
NG,2.04,2.02,2.06,800000.0,800000.0,0,0,0,0,0,0,34,2026-02-04 16:27:12.196174
ELEC-day2,20.0,0.0,0.0,,,0,0,0,0,0,0,34,2026-02-04 16:27:12.196174
ELEC-day3,19.57,0.0,0.0,,,0,0,0,0,0,0,34,2026-02-04 16:27:12.196174
ELEC-day4,20.76,0.0,0.0,,,0,0,0,0,0,0,34,2026-02-04 16:27:12.196174
ELEC-day5,20.77,20.76,20.77,364.0,364.0,0,0,0,0,0,0,34,2026-02-04 16:27:12.196174
ELEC-day6,0.0,0.0,0.0,,,0,0,0,0,0,0,34,2026-02-04 16:27:12.196174
ELEC-F,15.0,0.0,0.0,,,0,0,0,0,0,0,34,2026-02-04 16:27:12.196174
NG,2.05,2.03,2.07,800000.0,800000.0,0,0,0,0,0,0,35,2026-02-04 16:27:12.740650,16.0,5.0,34.0,,FACTORY TENDER REPORT,There is increased speculation of small sized factory tenders to BUY electricity from the local market.
ELEC-day2,20.0,0.0,0.0,,,0,0,0,0,0,0,35,2026-02-04 16:27:12.740650,,,,,,
ELEC-day3,19.57,0.0,0.0,,,0,0,0,0,0,0,35,2026-02-04 16:27:12.740650,,,,,,
ELEC-day4,20.76,0.0,0.0,,,0,0,0,0,0,0,35,2026-02-04 16:27:12.740650,,,,,,
ELEC-day5,20.77,20.76,20.77,364.0,364.0,0,0,0,0,0,0,35,2026-02-04 16:27:12.740650,,,,,,
ELEC-day6,0.0,0.0,0.0,,,0,0,0,0,0,0,35,2026-02-04 16:27:12.740650,,,,,,
ELEC-F,15.0,0.0,0.0,,,0,0,0,0,0,0,35,2026-02-04 16:27:12.740650,,,,,,
NG,2.05,2.03,2.07,800000.0,800000.0,0,0,0,0,0,0,36,2026-02-04 16:27:13.860933
ELEC-day2,20.0,0.0,0.0,,,0,0,0,0,0,0,36,2026-02-04 16:27:13.860933
ELEC-day3,19.57,0.0,0.0,,,0,0,0,0,0,0,36,2026-02-04 16:27:13.860933
ELEC-day4,20.76,0.0,0.0,,,0,0,0,0,0,0,36,2026-02-04 16:27:13.860933
ELEC-day5,20.77,20.76,20.77,364.0,364.0,0,0,0,0,0,0,36,2026-02-04 16:27:13.860933
ELEC-day6,0.0,0.0,0.0,,,0,0,0,0,0,0,36,2026-02-04 16:27:13.860933
ELEC-F,15.0,0.0,0.0,,,0,0,0,0,0,0,36,2026-02-04 16:27:13.860933
NG,2.05,2.03,2.07,800000.0,800000.0,0,0,0,0,0,0,37,2026-02-04 16:27:14.908084
ELEC-day2,20.0,0.0,0.0,,,0,0,0,0,0,0,37,2026-02-04 16:27:14.908084
ELEC-day3,19.57,0.0,0.0,,,0,0,0,0,0,0,37,2026-02-04 16:27:14.908084
ELEC-day4,20.76,0.0,0.0,,,0,0,0,0,0,0,37,2026-02-04 16:27:14.908084
ELEC-day5,20.77,20.76,20.77,364.0,364.0,0,0,0,0,0,0,37,2026-02-04 16:27:14.908084
ELEC-day6,0.0,0.0,0.0,,,0,0,0,0,0,0,37,2026-02-04 16:27:14.908084
ELEC-F,15.0,0.0,0.0,,,0,0,0,0,0,0,37,2026-02-04 16:27:14.908084
NG,2.05,2.03,2.07,800000.0,800000.0,0,0,0,0,0,0,38,2026-02-04 16:27:15.946975
ELEC-day2,20.0,0.0,0.0,,,0,0,0,0,0,0,38,2026-02-04 16:27:15.946975
ELEC-day3,19.57,0.0,0.0,,,0,0,0,0,0,0,38,2026-02-04 16:27:15.946975
ELEC-day4,20.76,0.0,0.0,,,0,0,0,0,0,0,38,2026-02-04 16:27:15.946975
ELEC-day5,20.77,20.76,20.77,364.0,364.0,0,0,0,0,0,0,38,2026-02-04 16:27:15.946975
ELEC-day6,0.0,0.0,0.0,,,0,0,0,0,0,0,38,2026-02-04 16:27:15.946975
ELEC-F,15.0,0.0,0.0,,,0,0,0,0,0,0,38,2026-02-04 16:27:15.946975
NG,2.05,2.03,2.07,800000.0,800000.0,0,0,0,0,0,0,39,2026-02-04 16:27:16.981614
ELEC-day2,20.0,0.0,0.0,,,0,0,0,0,0,0,39,2026-02-04 16:27:16.981614
ELEC-day3,19.57,0.0,0.0,,,0,0,0,0,0,0,39,2026-02-04 16:27:16.981614
ELEC-day4,20.76,0.0,0.0,,,0,0,0,0,0,0,39,2026-02-04 16:27:16.981614
ELEC-day5,20.77,20.76,20.77,364.0,364.0,0,0,0,0,0,0,39,2026-02-04 16:27:16.981614
ELEC-day6,0.0,0.0,0.0,,,0,0,0,0,0,0,39,2026-02-04 16:27:16.981614
ELEC-F,15.0,0.0,0.0,,,0,0,0,0,0,0,39,2026-02-04 16:27:16.981614
NG,2.05,2.03,2.07,800000.0,800000.0,0,0,0,0,0,0,40,2026-02-04 16:27:18.016601
ELEC-day2,20.0,0.0,0.0,,,0,0,0,0,0,0,40,2026-02-04 16:27:18.016601
ELEC-day3,19.57,0.0,0.0,,,0,0,0,0,0,0,40,2026-02-04 16:27:18.016601
ELEC-day4,20.76,0.0,0.0,,,0,0,0,0,0,0,40,2026-02-04 16:27:18.016601
ELEC-day5,20.77,20.76,20.77,364.0,364.0,0,0,0,0,0,0,40,2026-02-04 16:27:18.016601
ELEC-day6,0.0,0.0,0.0,,,0,0,0,0,0,0,40,2026-02-04 16:27:18.016601
ELEC-F,15.0,0.0,0.0,,,0,0,0,0,0,0,40,2026-02-04 16:27:18.016601
NG,2.05,2.03,2.07,800000.0,800000.0,0,0,0,0,0,0,41,2026-02-04 16:27:19.060778
ELEC-day2,20.0,0.0,0.0,,,0,0,0,0,0,0,41,2026-02-04 16:27:19.060778
ELEC-day3,19.57,0.0,0.0,,,0,0,0,0,0,0,41,2026-02-04 16:27:19.060778
ELEC-day4,20.76,0.0,0.0,,,0,0,0,0,0,0,41,2026-02-04 16:27:19.060778
ELEC-day5,20.77,20.76,20.77,364.0,364.0,0,0,0,0,0,0,41,2026-02-04 16:27:19.060778
ELEC-day6,0.0,0.0,0.0,,,0,0,0,0,0,0,41,2026-02-04 16:27:19.060778
ELEC-F,15.0,0.0,0.0,,,0,0,0,0,0,0,41,2026-02-04 16:27:19.060778
NG,2.06,2.04,2.08,800000.0,800000.0,0,0,0,0,0,0,42,2026-02-04 16:27:20.093667
ELEC-day2,20.0,0.0,0.0,,,0,0,0,0,0,0,42,2026-02-04 16:27:20.093667
ELEC-day3,19.57,0.0,0.0,,,0,0,0,0,0,0,42,2026-02-04 16:27:20.093667
ELEC-day4,20.76,0.0,0.0,,,0,0,0,0,0,0,42,2026-02-04 16:27:20.093667
ELEC-day5,20.77,20.76,20.77,364.0,364.0,0,0,0,0,0,0,42,2026-02-04 16:27:20.093667
ELEC-day6,0.0,0.0,0.0,,,0,0,0,0,0,0,42,2026-02-04 16:27:20.093667
ELEC-F,15.0,0.0,0.0,,,0,0,0,0,0,0,42,2026-02-04 16:27:20.093667
NG,2.06,2.04,2.08,800000.0,800000.0,0,0,0,0,0,0,43,2026-02-04 16:27:21.141733
ELEC-day2,20.0,0.0,0.0,,,0,0,0,0,0,0,43,2026-02-04 16:27:21.141733
ELEC-day3,19.57,0.0,0.0,,,0,0,0,0,0,0,43,2026-02-04 16:27:21.141733
ELEC-day4,20.76,0.0,0.0,,,0,0,0,0,0,0,43,2026-02-04 16:27:21.141733
ELEC-day5,20.77,20.76,20.77,364.0,364.0,0,0,0,0,0,0,43,2026-02-04 16:27:21.141733
ELEC-day6,0.0,0.0,0.0,,,0,0,0,0,0,0,43,2026-02-04 16:27:21.141733
ELEC-F,15.0,0.0,0.0,,,0,0,0,0,0,0,43,2026-02-04 16:27:21.141733
NG,2.05,2.03,2.07,800000.0,800000.0,0,0,0,0,0,0,44,2026-02-04 16:27:22.279171
ELEC-day2,20.0,0.0,0.0,,,0,0,0,0,0,0,44,2026-02-04 16:27:22.279171
ELEC-day3,19.57,0.0,0.0,,,0,0,0,0,0,0,44,2026-02-04 16:27:22.279171
ELEC-day4,20.76,0.0,0.0,,,0,0,0,0,0,0,44,2026-02-04 16:27:22.279171
ELEC-day5,20.77,20.76,20.77,364.0,364.0,0,0,0,0,0,0,44,2026-02-04 16:27:22.279171
ELEC-day6,0.0,0.0,0.0,,,0,0,0,0,0,0,44,2026-02-04 16:27:22.279171
ELEC-F,15.0,0.0,0.0,,,0,0,0,0,0,0,44,2026-02-04 16:27:22.279171
NG,2.05,2.03,2.07,800000.0,800000.0,0,0,0,0,0,0,45,2026-02-04 16:27:22.890709
ELEC-day2,20.0,0.0,0.0,,,0,0,0,0,0,0,45,2026-02-04 16:27:22.890709
ELEC-day3,19.57,0.0,0.0,,,0,0,0,0,0,0,45,2026-02-04 16:27:22.890709
ELEC-day4,20.76,0.0,0.0,,,0,0,0,0,0,0,45,2026-02-04 16:27:22.890709
ELEC-day5,20.77,20.76,20.77,364.0,364.0,0,0,0,0,0,0,45,2026-02-04 16:27:22.890709
ELEC-day6,0.0,0.0,0.0,,,0,0,0,0,0,0,45,2026-02-04 16:27:22.890709
ELEC-F,15.0,0.0,0.0,,,0,0,0,0,0,0,45,2026-02-04 16:27:22.890709
NG,2.06,2.04,2.08,800000.0,800000.0,0,0,0,0,0,0,46,2026-02-04 16:27:23.962416
ELEC-day2,20.0,0.0,0.0,,,0,0,0,0,0,0,46,2026-02-04 16:27:23.962416
ELEC-day3,19.57,0.0,0.0,,,0,0,0,0,0,0,46,2026-02-04 16:27:23.962416
ELEC-day4,20.76,0.0,0.0,,,0,0,0,0,0,0,46,2026-02-04 16:27:23.962416
ELEC-day5,20.77,20.76,20.77,364.0,364.0,0,0,0,0,0,0,46,2026-02-04 16:27:23.962416
ELEC-day6,0.0,0.0,0.0,,,0,0,0,0,0,0,46,2026-02-04 16:27:23.962416
ELEC-F,15.0,0.0,0.0,,,0,0,0,0,0,0,46,2026-02-04 16:27:23.962416
NG,2.05,2.03,2.07,800000.0,800000.0,0,0,0,0,0,0,47,2026-02-04 16:27:25.011960
ELEC-day2,20.0,0.0,0.0,,,0,0,0,0,0,0,47,2026-02-04 16:27:25.011960
ELEC-day3,19.57,0.0,0.0,,,0,0,0,0,0,0,47,2026-02-04 16:27:25.011960
ELEC-day4,20.76,0.0,0.0,,,0,0,0,0,0,0,47,2026-02-04 16:27:25.011960
ELEC-day5,20.77,20.76,20.77,364.0,364.0,0,0,0,0,0,0,47,2026-02-04 16:27:25.011960
ELEC-day6,0.0,0.0,0.0,,,0,0,0,0,0,0,47,2026-02-04 16:27:25.011960
ELEC-F,15.0,0.0,0.0,,,0,0,0,0,0,0,47,2026-02-04 16:27:25.011960
NG,2.05,2.03,2.07,800000.0,800000.0,0,0,0,0,0,0,48,2026-02-04 16:27:26.055515
ELEC-day2,20.0,0.0,0.0,,,0,0,0,0,0,0,48,2026-02-04 16:27:26.055515
ELEC-day3,19.57,0.0,0.0,,,0,0,0,0,0,0,48,2026-02-04 16:27:26.055515
ELEC-day4,20.76,0.0,0.0,,,0,0,0,0,0,0,48,2026-02-04 16:27:26.055515
ELEC-day5,20.77,20.76,20.77,364.0,364.0,0,0,0,0,0,0,48,2026-02-04 16:27:26.055515
ELEC-day6,0.0,0.0,0.0,,,0,0,0,0,0,0,48,2026-02-04 16:27:26.055515
ELEC-F,15.0,0.0,0.0,,,0,0,0,0,0,0,48,2026-02-04 16:27:26.055515
NG,2.06,2.04,2.08,800000.0,800000.0,0,0,0,0,0,0,49,2026-02-04 16:27:27.092718
ELEC-day2,20.0,0.0,0.0,,,0,0,0,0,0,0,49,2026-02-04 16:27:27.092718
ELEC-day3,19.57,0.0,0.0,,,0,0,0,0,0,0,49,2026-02-04 16:27:27.092718
ELEC-day4,20.76,0.0,0.0,,,0,0,0,0,0,0,49,2026-02-04 16:27:27.092718
ELEC-day5,20.77,20.76,20.77,364.0,364.0,0,0,0,0,0,0,49,2026-02-04 16:27:27.092718
ELEC-day6,0.0,0.0,0.0,,,0,0,0,0,0,0,49,2026-02-04 16:27:27.092718
ELEC-F,15.0,0.0,0.0,,,0,0,0,0,0,0,49,2026-02-04 16:27:27.092718
NG,2.05,2.03,2.07,800000.0,800000.0,0,0,0,0,0,0,50,2026-02-04 16:27:28.146654
ELEC-day2,20.0,0.0,0.0,,,0,0,0,0,0,0,50,2026-02-04 16:27:28.146654
ELEC-day3,19.57,0.0,0.0,,,0,0,0,0,0,0,50,2026-02-04 16:27:28.146654
ELEC-day4,20.76,0.0,0.0,,,0,0,0,0,0,0,50,2026-02-04 16:27:28.146654
ELEC-day5,20.77,20.76,20.77,364.0,364.0,0,0,0,0,0,0,50,2026-02-04 16:27:28.146654
ELEC-day6,0.0,0.0,0.0,,,0,0,0,0,0,0,50,2026-02-04 16:27:28.146654
ELEC-F,15.0,0.0,0.0,,,0,0,0,0,0,0,50,2026-02-04 16:27:28.146654
NG,2.05,2.03,2.07,800000.0,800000.0,0,0,0,0,0,0,51,2026-02-04 16:27:29.204271
ELEC-day2,20.0,0.0,0.0,,,0,0,0,0,0,0,51,2026-02-04 16:27:29.204271
ELEC-day3,19.57,0.0,0.0,,,0,0,0,0,0,0,51,2026-02-04 16:27:29.204271
ELEC-day4,20.76,0.0,0.0,,,0,0,0,0,0,0,51,2026-02-04 16:27:29.204271
ELEC-day5,20.77,20.76,20.77,364.0,364.0,0,0,0,0,0,0,51,2026-02-04 16:27:29.204271
ELEC-day6,0.0,0.0,0.0,,,0,0,0,0,0,0,51,2026-02-04 16:27:29.204271
ELEC-F,15.0,0.0,0.0,,,0,0,0,0,0,0,51,2026-02-04 16:27:29.204271
NG,2.04,2.02,2.06,800000.0,800000.0,0,0,0,0,0,0,52,2026-02-04 16:27:30.288322
ELEC-day2,20.0,0.0,0.0,,,0,0,0,0,0,0,52,2026-02-04 16:27:30.288322
ELEC-day3,19.57,0.0,0.0,,,0,0,0,0,0,0,52,2026-02-04 16:27:30.288322
ELEC-day4,20.76,0.0,0.0,,,0,0,0,0,0,0,52,2026-02-04 16:27:30.288322
ELEC-day5,20.77,20.76,20.77,364.0,364.0,0,0,0,0,0,0,52,2026-02-04 16:27:30.288322
ELEC-day6,0.0,0.0,0.0,,,0,0,0,0,0,0,52,2026-02-04 16:27:30.288322
ELEC-F,15.0,0.0,0.0,,,0,0,0,0,0,0,52,2026-02-04 16:27:30.288322
NG,2.04,2.02,2.06,800000.0,800000.0,0,0,0,0,0,0,53,2026-02-04 16:27:30.853797
ELEC-day2,20.0,0.0,0.0,,,0,0,0,0,0,0,53,2026-02-04 16:27:30.853797
ELEC-day3,19.57,0.0,0.0,,,0,0,0,0,0,0,53,2026-02-04 16:27:30.853797
ELEC-day4,20.76,0.0,0.0,,,0,0,0,0,0,0,53,2026-02-04 16:27:30.853797
ELEC-day5,20.77,20.76,20.77,364.0,364.0,0,0,0,0,0,0,53,2026-02-04 16:27:30.853797
ELEC-day6,0.0,0.0,0.0,,,0,0,0,0,0,0,53,2026-02-04 16:27:30.853797
ELEC-F,15.0,0.0,0.0,,,0,0,0,0,0,0,53,2026-02-04 16:27:30.853797
NG,2.03,2.01,2.05,800000.0,800000.0,0,0,0,0,0,0,54,2026-02-04 16:27:31.954526
ELEC-day2,20.0,0.0,0.0,,,0,0,0,0,0,0,54,2026-02-04 16:27:31.954526
ELEC-day3,19.57,0.0,0.0,,,0,0,0,0,0,0,54,2026-02-04 16:27:31.954526
ELEC-day4,20.76,0.0,0.0,,,0,0,0,0,0,0,54,2026-02-04 16:27:31.954526
ELEC-day5,20.77,20.76,20.77,364.0,364.0,0,0,0,0,0,0,54,2026-02-04 16:27:31.954526
ELEC-day6,0.0,0.0,0.0,,,0,0,0,0,0,0,54,2026-02-04 16:27:31.954526
ELEC-F,15.0,0.0,0.0,,,0,0,0,0,0,0,54,2026-02-04 16:27:31.954526
NG,2.04,2.02,2.06,800000.0,800000.0,0,0,0,0,0,0,55,2026-02-04 16:27:33.014796
ELEC-day2,20.0,0.0,0.0,,,0,0,0,0,0,0,55,2026-02-04 16:27:33.014796
ELEC-day3,19.57,0.0,0.0,,,0,0,0,0,0,0,55,2026-02-04 16:27:33.014796
ELEC-day4,20.76,0.0,0.0,,,0,0,0,0,0,0,55,2026-02-04 16:27:33.014796
ELEC-day5,20.77,20.76,20.77,364.0,364.0,0,0,0,0,0,0,55,2026-02-04 16:27:33.014796
ELEC-day6,0.0,0.0,0.0,,,0,0,0,0,0,0,55,2026-02-04 16:27:33.014796
ELEC-F,15.0,0.0,0.0,,,0,0,0,0,0,0,55,2026-02-04 16:27:33.014796
NG,2.02,2.0,2.04,800000.0,800000.0,0,0,0,0,0,0,56,2026-02-04 16:27:34.055709
ELEC-day2,20.0,0.0,0.0,,,0,0,0,0,0,0,56,2026-02-04 16:27:34.055709
ELEC-day3,19.57,0.0,0.0,,,0,0,0,0,0,0,56,2026-02-04 16:27:34.055709
ELEC-day4,20.76,0.0,0.0,,,0,0,0,0,0,0,56,2026-02-04 16:27:34.055709
ELEC-day5,20.77,20.76,20.77,364.0,364.0,0,0,0,0,0,0,56,2026-02-04 16:27:34.055709
ELEC-day6,0.0,0.0,0.0,,,0,0,0,0,0,0,56,2026-02-04 16:27:34.055709
ELEC-F,15.0,0.0,0.0,,,0,0,0,0,0,0,56,2026-02-04 16:27:34.055709
NG,2.01,1.99,2.03,800000.0,800000.0,0,0,0,0,0,0,57,2026-02-04 16:27:35.099265
ELEC-day2,20.0,0.0,0.0,,,0,0,0,0,0,0,57,2026-02-04 16:27:35.099265
ELEC-day3,19.57,0.0,0.0,,,0,0,0,0,0,0,57,2026-02-04 16:27:35.099265
ELEC-day4,20.76,0.0,0.0,,,0,0,0,0,0,0,57,2026-02-04 16:27:35.099265
ELEC-day5,20.77,20.76,20.77,364.0,364.0,0,0,0,0,0,0,57,2026-02-04 16:27:35.099265
ELEC-day6,0.0,0.0,0.0,,,0,0,0,0,0,0,57,2026-02-04 16:27:35.099265
ELEC-F,15.0,0.0,0.0,,,0,0,0,0,0,0,57,2026-02-04 16:27:35.099265
NG,2.02,2.0,2.04,800000.0,800000.0,0,0,0,0,0,0,58,2026-02-04 16:27:36.134801
ELEC-day2,20.0,0.0,0.0,,,0,0,0,0,0,0,58,2026-02-04 16:27:36.134801
ELEC-day3,19.57,0.0,0.0,,,0,0,0,0,0,0,58,2026-02-04 16:27:36.134801
ELEC-day4,20.76,0.0,0.0,,,0,0,0,0,0,0,58,2026-02-04 16:27:36.134801
ELEC-day5,20.77,20.76,20.77,364.0,364.0,0,0,0,0,0,0,58,2026-02-04 16:27:36.134801
ELEC-day6,0.0,0.0,0.0,,,0,0,0,0,0,0,58,2026-02-04 16:27:36.134801
ELEC-F,15.0,0.0,0.0,,,0,0,0,0,0,0,58,2026-02-04 16:27:36.134801
NG,2.01,1.99,2.03,800000.0,800000.0,0,0,0,0,0,0,59,2026-02-04 16:27:37.178110
ELEC-day2,20.0,0.0,0.0,,,0,0,0,0,0,0,59,2026-02-04 16:27:37.178110
ELEC-day3,19.57,0.0,0.0,,,0,0,0,0,0,0,59,2026-02-04 16:27:37.178110
ELEC-day4,20.76,0.0,0.0,,,0,0,0,0,0,0,59,2026-02-04 16:27:37.178110
ELEC-day5,20.77,20.76,20.77,364.0,364.0,0,0,0,0,0,0,59,2026-02-04 16:27:37.178110
ELEC-day6,0.0,0.0,0.0,,,0,0,0,0,0,0,59,2026-02-04 16:27:37.178110
ELEC-F,15.0,0.0,0.0,,,0,0,0,0,0,0,59,2026-02-04 16:27:37.178110
NG,2.02,2.0,2.04,800000.0,800000.0,0,0,0,0,0,0,60,2026-02-04 16:27:38.205418
ELEC-day2,20.0,0.0,0.0,,,0,0,0,0,0,0,60,2026-02-04 16:27:38.205418
ELEC-day3,19.57,0.0,0.0,,,0,0,0,0,0,0,60,2026-02-04 16:27:38.205418
ELEC-day4,20.76,0.0,0.0,,,0,0,0,0,0,0,60,2026-02-04 16:27:38.205418
ELEC-day5,20.77,20.76,20.77,364.0,364.0,0,0,0,0,0,0,60,2026-02-04 16:27:38.205418
ELEC-day6,0.0,0.0,0.0,,,0,0,0,0,0,0,60,2026-02-04 16:27:38.205418
ELEC-F,15.0,0.0,0.0,,,0,0,0,0,0,0,60,2026-02-04 16:27:38.205418
NG,2.02,2.0,2.04,800000.0,800000.0,0,0,0,0,0,0,61,2026-02-04 16:27:39.303390
ELEC-day2,20.0,0.0,0.0,,,0,0,0,0,0,0,61,2026-02-04 16:27:39.303390
ELEC-day3,19.57,0.0,0.0,,,0,0,0,0,0,0,61,2026-02-04 16:27:39.303390
ELEC-day4,20.76,0.0,0.0,,,0,0,0,0,0,0,61,2026-02-04 16:27:39.303390
ELEC-day5,20.77,20.76,20.77,364.0,364.0,0,0,0,0,0,0,61,2026-02-04 16:27:39.303390
ELEC-day6,0.0,0.0,0.0,,,0,0,0,0,0,0,61,2026-02-04 16:27:39.303390
ELEC-F,15.0,0.0,0.0,,,0,0,0,0,0,0,61,2026-02-04 16:27:39.303390
NG,2.01,1.99,2.03,800000.0,800000.0,0,0,0,0,0,0,62,2026-02-04 16:27:39.909614
ELEC-day2,20.0,0.0,0.0,,,0,0,0,0,0,0,62,2026-02-04 16:27:39.909614
ELEC-day3,19.57,0.0,0.0,,,0,0,0,0,0,0,62,2026-02-04 16:27:39.909614
ELEC-day4,20.76,0.0,0.0,,,0,0,0,0,0,0,62,2026-02-04 16:27:39.909614
ELEC-day5,20.77,20.76,20.77,364.0,364.0,0,0,0,0,0,0,62,2026-02-04 16:27:39.909614
ELEC-day6,0.0,0.0,0.0,,,0,0,0,0,0,0,62,2026-02-04 16:27:39.909614
ELEC-F,15.0,0.0,0.0,,,0,0,0,0,0,0,62,2026-02-04 16:27:39.909614
NG,2.02,2.0,2.04,800000.0,800000.0,0,0,0,0,0,0,63,2026-02-04 16:27:40.953890
ELEC-day2,20.0,0.0,0.0,,,0,0,0,0,0,0,63,2026-02-04 16:27:40.953890
ELEC-day3,19.57,0.0,0.0,,,0,0,0,0,0,0,63,2026-02-04 16:27:40.953890
ELEC-day4,20.76,0.0,0.0,,,0,0,0,0,0,0,63,2026-02-04 16:27:40.953890
ELEC-day5,20.77,20.76,20.77,364.0,364.0,0,0,0,0,0,0,63,2026-02-04 16:27:40.953890
ELEC-day6,0.0,0.0,0.0,,,0,0,0,0,0,0,63,2026-02-04 16:27:40.953890
ELEC-F,15.0,0.0,0.0,,,0,0,0,0,0,0,63,2026-02-04 16:27:40.953890
NG,2.02,2.0,2.04,800000.0,800000.0,0,0,0,0,0,0,64,2026-02-04 16:27:42.009804
ELEC-day2,20.0,0.0,0.0,,,0,0,0,0,0,0,64,2026-02-04 16:27:42.009804
ELEC-day3,19.57,0.0,0.0,,,0,0,0,0,0,0,64,2026-02-04 16:27:42.009804
ELEC-day4,20.76,0.0,0.0,,,0,0,0,0,0,0,64,2026-02-04 16:27:42.009804
ELEC-day5,20.77,20.76,20.77,364.0,364.0,0,0,0,0,0,0,64,2026-02-04 16:27:42.009804
ELEC-day6,0.0,0.0,0.0,,,0,0,0,0,0,0,64,2026-02-04 16:27:42.009804
ELEC-F,15.0,0.0,0.0,,,0,0,0,0,0,0,64,2026-02-04 16:27:42.009804
NG,2.02,2.0,2.04,800000.0,800000.0,0,0,0,0,0,0,65,2026-02-04 16:27:43.054064
ELEC-day2,20.0,0.0,0.0,,,0,0,0,0,0,0,65,2026-02-04 16:27:43.054064
ELEC-day3,19.57,0.0,0.0,,,0,0,0,0,0,0,65,2026-02-04 16:27:43.054064
ELEC-day4,20.76,0.0,0.0,,,0,0,0,0,0,0,65,2026-02-04 16:27:43.054064
ELEC-day5,20.77,20.76,20.77,364.0,364.0,0,0,0,0,0,0,65,2026-02-04 16:27:43.054064
ELEC-day6,0.0,0.0,0.0,,,0,0,0,0,0,0,65,2026-02-04 16:27:43.054064
ELEC-F,15.0,0.0,0.0,,,0,0,0,0,0,0,65,2026-02-04 16:27:43.054064
NG,2.01,1.99,2.03,800000.0,800000.0,0,0,0,0,0,0,66,2026-02-04 16:27:44.117166
ELEC-day2,20.0,0.0,0.0,,,0,0,0,0,0,0,66,2026-02-04 16:27:44.117166
ELEC-day3,19.57,0.0,0.0,,,0,0,0,0,0,0,66,2026-02-04 16:27:44.117166
ELEC-day4,20.76,0.0,0.0,,,0,0,0,0,0,0,66,2026-02-04 16:27:44.117166
ELEC-day5,20.77,20.76,20.77,364.0,364.0,0,0,0,0,0,0,66,2026-02-04 16:27:44.117166
ELEC-day6,0.0,0.0,0.0,,,0,0,0,0,0,0,66,2026-02-04 16:27:44.117166
ELEC-F,15.0,0.0,0.0,,,0,0,0,0,0,0,66,2026-02-04 16:27:44.117166
NG,2.01,1.99,2.03,800000.0,800000.0,0,0,0,0,0,0,67,2026-02-04 16:27:45.149777
ELEC-day2,20.0,0.0,0.0,,,0,0,0,0,0,0,67,2026-02-04 16:27:45.149777
ELEC-day3,19.57,0.0,0.0,,,0,0,0,0,0,0,67,2026-02-04 16:27:45.149777
ELEC-day4,20.76,0.0,0.0,,,0,0,0,0,0,0,67,2026-02-04 16:27:45.149777
ELEC-day5,20.77,20.76,20.77,364.0,364.0,0,0,0,0,0,0,67,2026-02-04 16:27:45.149777
ELEC-day6,0.0,0.0,0.0,,,0,0,0,0,0,0,67,2026-02-04 16:27:45.149777
ELEC-F,15.0,0.0,0.0,,,0,0,0,0,0,0,67,2026-02-04 16:27:45.149777
NG,2.02,2.0,2.04,800000.0,800000.0,0,0,0,0,0,0,68,2026-02-04 16:27:46.193673
ELEC-day2,20.0,0.0,0.0,,,0,0,0,0,0,0,68,2026-02-04 16:27:46.193673
ELEC-day3,19.57,0.0,0.0,,,0,0,0,0,0,0,68,2026-02-04 16:27:46.193673
ELEC-day4,20.76,0.0,0.0,,,0,0,0,0,0,0,68,2026-02-04 16:27:46.193673
ELEC-day5,20.77,20.76,20.77,364.0,364.0,0,0,0,0,0,0,68,2026-02-04 16:27:46.193673
ELEC-day6,0.0,0.0,0.0,,,0,0,0,0,0,0,68,2026-02-04 16:27:46.193673
ELEC-F,15.0,0.0,0.0,,,0,0,0,0,0,0,68,2026-02-04 16:27:46.193673
NG,2.02,2.0,2.04,800000.0,800000.0,0,0,0,0,0,0,69,2026-02-04 16:27:47.237656
ELEC-day2,20.0,0.0,0.0,,,0,0,0,0,0,0,69,2026-02-04 16:27:47.237656
ELEC-day3,19.57,0.0,0.0,,,0,0,0,0,0,0,69,2026-02-04 16:27:47.237656
ELEC-day4,20.76,0.0,0.0,,,0,0,0,0,0,0,69,2026-02-04 16:27:47.237656
ELEC-day5,20.77,20.76,20.77,364.0,364.0,0,0,0,0,0,0,69,2026-02-04 16:27:47.237656
ELEC-day6,0.0,0.0,0.0,,,0,0,0,0,0,0,69,2026-02-04 16:27:47.237656
ELEC-F,15.0,0.0,0.0,,,0,0,0,0,0,0,69,2026-02-04 16:27:47.237656
NG,2.02,2.0,2.04,800000.0,800000.0,0,0,0,0,0,0,70,2026-02-04 16:27:48.282854
ELEC-day2,20.0,0.0,0.0,,,0,0,0,0,0,0,70,2026-02-04 16:27:48.282854
ELEC-day3,19.57,0.0,0.0,,,0,0,0,0,0,0,70,2026-02-04 16:27:48.282854
ELEC-day4,20.76,0.0,0.0,,,0,0,0,0,0,0,70,2026-02-04 16:27:48.282854
ELEC-day5,20.77,20.76,20.77,364.0,364.0,0,0,0,0,0,0,70,2026-02-04 16:27:48.282854
ELEC-day6,0.0,0.0,0.0,,,0,0,0,0,0,0,70,2026-02-04 16:27:48.282854
ELEC-F,15.0,0.0,0.0,,,0,0,0,0,0,0,70,2026-02-04 16:27:48.282854
NG,2.02,2.0,2.04,800000.0,800000.0,0,0,0,0,0,0,71,2026-02-04 16:27:48.870383
ELEC-day2,20.0,0.0,0.0,,,0,0,0,0,0,0,71,2026-02-04 16:27:48.870383
ELEC-day3,19.57,0.0,0.0,,,0,0,0,0,0,0,71,2026-02-04 16:27:48.870383
ELEC-day4,20.76,0.0,0.0,,,0,0,0,0,0,0,71,2026-02-04 16:27:48.870383
ELEC-day5,20.77,20.76,20.77,364.0,364.0,0,0,0,0,0,0,71,2026-02-04 16:27:48.870383
ELEC-day6,0.0,0.0,0.0,,,0,0,0,0,0,0,71,2026-02-04 16:27:48.870383
ELEC-F,15.0,0.0,0.0,,,0,0,0,0,0,0,71,2026-02-04 16:27:48.870383
NG,2.02,2.0,2.04,800000.0,800000.0,0,0,0,0,0,0,72,2026-02-04 16:27:50.019412
ELEC-day2,20.0,0.0,0.0,,,0,0,0,0,0,0,72,2026-02-04 16:27:50.019412
ELEC-day3,19.57,0.0,0.0,,,0,0,0,0,0,0,72,2026-02-04 16:27:50.019412
ELEC-day4,20.76,0.0,0.0,,,0,0,0,0,0,0,72,2026-02-04 16:27:50.019412
ELEC-day5,20.77,20.76,20.77,364.0,364.0,0,0,0,0,0,0,72,2026-02-04 16:27:50.019412
ELEC-day6,0.0,0.0,0.0,,,0,0,0,0,0,0,72,2026-02-04 16:27:50.019412
ELEC-F,15.0,0.0,0.0,,,0,0,0,0,0,0,72,2026-02-04 16:27:50.019412
NG,2.02,2.0,2.04,800000.0,800000.0,0,0,0,0,0,0,73,2026-02-04 16:27:51.063034
ELEC-day2,20.0,0.0,0.0,,,0,0,0,0,0,0,73,2026-02-04 16:27:51.063034
ELEC-day3,19.57,0.0,0.0,,,0,0,0,0,0,0,73,2026-02-04 16:27:51.063034
ELEC-day4,20.76,0.0,0.0,,,0,0,0,0,0,0,73,2026-02-04 16:27:51.063034
ELEC-day5,20.77,20.76,20.77,364.0,364.0,0,0,0,0,0,0,73,2026-02-04 16:27:51.063034
ELEC-day6,0.0,0.0,0.0,,,0,0,0,0,0,0,73,2026-02-04 16:27:51.063034
ELEC-F,15.0,0.0,0.0,,,0,0,0,0,0,0,73,2026-02-04 16:27:51.063034
NG,2.01,1.99,2.03,800000.0,800000.0,0,0,0,0,0,0,74,2026-02-04 16:27:52.137909
ELEC-day2,20.0,0.0,0.0,,,0,0,0,0,0,0,74,2026-02-04 16:27:52.137909
ELEC-day3,19.57,0.0,0.0,,,0,0,0,0,0,0,74,2026-02-04 16:27:52.137909
ELEC-day4,20.76,0.0,0.0,,,0,0,0,0,0,0,74,2026-02-04 16:27:52.137909
ELEC-day5,20.77,20.76,20.77,364.0,364.0,0,0,0,0,0,0,74,2026-02-04 16:27:52.137909
ELEC-day6,0.0,0.0,0.0,,,0,0,0,0,0,0,74,2026-02-04 16:27:52.137909
ELEC-F,15.0,0.0,0.0,,,0,0,0,0,0,0,74,2026-02-04 16:27:52.137909
NG,2.01,1.99,2.03,800000.0,800000.0,0,0,0,0,0,0,75,2026-02-04 16:27:53.225261
ELEC-day2,20.0,0.0,0.0,,,0,0,0,0,0,0,75,2026-02-04 16:27:53.225261
ELEC-day3,19.57,0.0,0.0,,,0,0,0,0,0,0,75,2026-02-04 16:27:53.225261
ELEC-day4,20.76,0.0,0.0,,,0,0,0,0,0,0,75,2026-02-04 16:27:53.225261
ELEC-day5,20.77,20.76,20.77,364.0,364.0,0,0,0,0,0,0,75,2026-02-04 16:27:53.225261
ELEC-day6,0.0,0.0,0.0,,,0,0,0,0,0,0,75,2026-02-04 16:27:53.225261
ELEC-F,15.0,0.0,0.0,,,0,0,0,0,0,0,75,2026-02-04 16:27:53.225261
NG,2.01,1.99,2.03,800000.0,800000.0,0,0,0,0,0,0,76,2026-02-04 16:27:54.271450
ELEC-day2,20.0,0.0,0.0,,,0,0,0,0,0,0,76,2026-02-04 16:27:54.271450
ELEC-day3,19.57,0.0,0.0,,,0,0,0,0,0,0,76,2026-02-04 16:27:54.271450
ELEC-day4,20.76,0.0,0.0,,,0,0,0,0,0,0,76,2026-02-04 16:27:54.271450
ELEC-day5,20.77,20.76,20.77,364.0,364.0,0,0,0,0,0,0,76,2026-02-04 16:27:54.271450
ELEC-day6,0.0,0.0,0.0,,,0,0,0,0,0,0,76,2026-02-04 16:27:54.271450
ELEC-F,15.0,0.0,0.0,,,0,0,0,0,0,0,76,2026-02-04 16:27:54.271450
NG,2.02,2.0,2.04,800000.0,800000.0,0,0,0,0,0,0,77,2026-02-04 16:27:55.375034
ELEC-day2,20.0,0.0,0.0,,,0,0,0,0,0,0,77,2026-02-04 16:27:55.375034
ELEC-day3,19.57,0.0,0.0,,,0,0,0,0,0,0,77,2026-02-04 16:27:55.375034
ELEC-day4,20.76,0.0,0.0,,,0,0,0,0,0,0,77,2026-02-04 16:27:55.375034
ELEC-day5,20.77,20.76,20.77,364.0,364.0,0,0,0,0,0,0,77,2026-02-04 16:27:55.375034
ELEC-day6,0.0,0.0,0.0,,,0,0,0,0,0,0,77,2026-02-04 16:27:55.375034
ELEC-F,15.0,0.0,0.0,,,0,0,0,0,0,0,77,2026-02-04 16:27:55.375034
NG,2.01,1.99,2.03,800000.0,800000.0,0,0,0,0,0,0,78,2026-02-04 16:27:55.913880
ELEC-day2,20.0,0.0,0.0,,,0,0,0,0,0,0,78,2026-02-04 16:27:55.913880
ELEC-day3,19.57,0.0,0.0,,,0,0,0,0,0,0,78,2026-02-04 16:27:55.913880
ELEC-day4,20.76,0.0,0.0,,,0,0,0,0,0,0,78,2026-02-04 16:27:55.913880
ELEC-day5,20.77,20.76,20.77,364.0,364.0,0,0,0,0,0,0,78,2026-02-04 16:27:55.913880
ELEC-day6,0.0,0.0,0.0,,,0,0,0,0,0,0,78,2026-02-04 16:27:55.913880
ELEC-F,15.0,0.0,0.0,,,0,0,0,0,0,0,78,2026-02-04 16:27:55.913880
NG,2.02,2.0,2.04,800000.0,800000.0,0,0,0,0,0,0,79,2026-02-04 16:27:57.054668
ELEC-day2,20.0,0.0,0.0,,,0,0,0,0,0,0,79,2026-02-04 16:27:57.054668
ELEC-day3,19.57,0.0,0.0,,,0,0,0,0,0,0,79,2026-02-04 16:27:57.054668
ELEC-day4,20.76,0.0,0.0,,,0,0,0,0,0,0,79,2026-02-04 16:27:57.054668
ELEC-day5,20.77,20.76,20.77,364.0,364.0,0,0,0,0,0,0,79,2026-02-04 16:27:57.054668
ELEC-day6,0.0,0.0,0.0,,,0,0,0,0,0,0,79,2026-02-04 16:27:57.054668
ELEC-F,15.0,0.0,0.0,,,0,0,0,0,0,0,79,2026-02-04 16:27:57.054668
NG,2.02,2.0,2.04,800000.0,800000.0,0,0,0,0,0,0,80,2026-02-04 16:27:58.093119
ELEC-day2,20.0,0.0,0.0,,,0,0,0,0,0,0,80,2026-02-04 16:27:58.093119
ELEC-day3,19.57,0.0,0.0,,,0,0,0,0,0,0,80,2026-02-04 16:27:58.093119
ELEC-day4,20.76,0.0,0.0,,,0,0,0,0,0,0,80,2026-02-04 16:27:58.093119
ELEC-day5,20.77,20.76,20.77,364.0,364.0,0,0,0,0,0,0,80,2026-02-04 16:27:58.093119
ELEC-day6,0.0,0.0,0.0,,,0,0,0,0,0,0,80,2026-02-04 16:27:58.093119
ELEC-F,15.0,0.0,0.0,,,0,0,0,0,0,0,80,2026-02-04 16:27:58.093119
NG,2.02,2.0,2.04,800000.0,800000.0,0,0,0,0,0,0,81,2026-02-04 16:27:59.127073
ELEC-day2,20.0,0.0,0.0,,,0,0,0,0,0,0,81,2026-02-04 16:27:59.127073
ELEC-day3,19.57,0.0,0.0,,,0,0,0,0,0,0,81,2026-02-04 16:27:59.127073
ELEC-day4,20.76,0.0,0.0,,,0,0,0,0,0,0,81,2026-02-04 16:27:59.127073
ELEC-day5,20.77,20.76,20.77,364.0,364.0,0,0,0,0,0,0,81,2026-02-04 16:27:59.127073
ELEC-day6,0.0,0.0,0.0,,,0,0,0,0,0,0,81,2026-02-04 16:27:59.127073
ELEC-F,15.0,0.0,0.0,,,0,0,0,0,0,0,81,2026-02-04 16:27:59.127073
NG,2.02,2.0,2.04,800000.0,800000.0,0,0,0,0,0,0,82,2026-02-04 16:28:00.172096
ELEC-day2,20.0,0.0,0.0,,,0,0,0,0,0,0,82,2026-02-04 16:28:00.172096
ELEC-day3,19.57,0.0,0.0,,,0,0,0,0,0,0,82,2026-02-04 16:28:00.172096
ELEC-day4,20.76,0.0,0.0,,,0,0,0,0,0,0,82,2026-02-04 16:28:00.172096
ELEC-day5,20.77,20.76,20.77,364.0,364.0,0,0,0,0,0,0,82,2026-02-04 16:28:00.172096
ELEC-day6,0.0,0.0,0.0,,,0,0,0,0,0,0,82,2026-02-04 16:28:00.172096
ELEC-F,15.0,0.0,0.0,,,0,0,0,0,0,0,82,2026-02-04 16:28:00.172096
NG,2.02,2.0,2.04,800000.0,800000.0,0,0,0,0,0,0,83,2026-02-04 16:28:01.213120
ELEC-day2,20.0,0.0,0.0,,,0,0,0,0,0,0,83,2026-02-04 16:28:01.213120
ELEC-day3,19.57,0.0,0.0,,,0,0,0,0,0,0,83,2026-02-04 16:28:01.213120
ELEC-day4,20.76,0.0,0.0,,,0,0,0,0,0,0,83,2026-02-04 16:28:01.213120
ELEC-day5,20.77,20.76,20.77,364.0,364.0,0,0,0,0,0,0,83,2026-02-04 16:28:01.213120
ELEC-day6,0.0,0.0,0.0,,,0,0,0,0,0,0,83,2026-02-04 16:28:01.213120
ELEC-F,15.0,0.0,0.0,,,0,0,0,0,0,0,83,2026-02-04 16:28:01.213120
NG,2.02,2.0,2.04,800000.0,800000.0,0,0,0,0,0,0,84,2026-02-04 16:28:02.253984
ELEC-day2,20.0,0.0,0.0,,,0,0,0,0,0,0,84,2026-02-04 16:28:02.253984
ELEC-day3,19.57,0.0,0.0,,,0,0,0,0,0,0,84,2026-02-04 16:28:02.253984
ELEC-day4,20.76,0.0,0.0,,,0,0,0,0,0,0,84,2026-02-04 16:28:02.253984
ELEC-day5,20.77,20.76,20.77,364.0,364.0,0,0,0,0,0,0,84,2026-02-04 16:28:02.253984
ELEC-day6,0.0,0.0,0.0,,,0,0,0,0,0,0,84,2026-02-04 16:28:02.253984
ELEC-F,15.0,0.0,0.0,,,0,0,0,0,0,0,84,2026-02-04 16:28:02.253984
NG,2.02,2.0,2.04,800000.0,800000.0,0,0,0,0,0,0,85,2026-02-04 16:28:03.294390
ELEC-day2,20.0,0.0,0.0,,,0,0,0,0,0,0,85,2026-02-04 16:28:03.294390
ELEC-day3,19.57,0.0,0.0,,,0,0,0,0,0,0,85,2026-02-04 16:28:03.294390
ELEC-day4,20.76,0.0,0.0,,,0,0,0,0,0,0,85,2026-02-04 16:28:03.294390
ELEC-day5,20.77,20.76,20.77,364.0,364.0,0,0,0,0,0,0,85,2026-02-04 16:28:03.294390
ELEC-day6,0.0,0.0,0.0,,,0,0,0,0,0,0,85,2026-02-04 16:28:03.294390
ELEC-F,15.0,0.0,0.0,,,0,0,0,0,0,0,85,2026-02-04 16:28:03.294390
NG,2.01,1.99,2.03,800000.0,800000.0,0,0,0,0,0,0,86,2026-02-04 16:28:04.347465
ELEC-day2,20.0,0.0,0.0,,,0,0,0,0,0,0,86,2026-02-04 16:28:04.347465
ELEC-day3,19.57,0.0,0.0,,,0,0,0,0,0,0,86,2026-02-04 16:28:04.347465
ELEC-day4,20.76,0.0,0.0,,,0,0,0,0,0,0,86,2026-02-04 16:28:04.347465
ELEC-day5,20.77,20.76,20.77,364.0,364.0,0,0,0,0,0,0,86,2026-02-04 16:28:04.347465
ELEC-day6,0.0,0.0,0.0,,,0,0,0,0,0,0,86,2026-02-04 16:28:04.347465
ELEC-F,15.0,0.0,0.0,,,0,0,0,0,0,0,86,2026-02-04 16:28:04.347465
NG,2.01,1.99,2.03,800000.0,800000.0,0,0,0,0,0,0,87,2026-02-04 16:28:05.416099
ELEC-day2,20.0,0.0,0.0,,,0,0,0,0,0,0,87,2026-02-04 16:28:05.416099
ELEC-day3,19.57,0.0,0.0,,,0,0,0,0,0,0,87,2026-02-04 16:28:05.416099
ELEC-day4,20.76,0.0,0.0,,,0,0,0,0,0,0,87,2026-02-04 16:28:05.416099
ELEC-day5,20.77,20.76,20.77,364.0,364.0,0,0,0,0,0,0,87,2026-02-04 16:28:05.416099
ELEC-day6,0.0,0.0,0.0,,,0,0,0,0,0,0,87,2026-02-04 16:28:05.416099
ELEC-F,15.0,0.0,0.0,,,0,0,0,0,0,0,87,2026-02-04 16:28:05.416099
NG,2.0,1.98,2.02,800000.0,800000.0,0,0,0,0,0,0,88,2026-02-04 16:28:05.948585
ELEC-day2,20.0,0.0,0.0,,,0,0,0,0,0,0,88,2026-02-04 16:28:05.948585
ELEC-day3,19.57,0.0,0.0,,,0,0,0,0,0,0,88,2026-02-04 16:28:05.948585
ELEC-day4,20.76,0.0,0.0,,,0,0,0,0,0,0,88,2026-02-04 16:28:05.948585
ELEC-day5,20.77,20.76,20.77,364.0,364.0,0,0,0,0,0,0,88,2026-02-04 16:28:05.948585
ELEC-day6,0.0,0.0,0.0,,,0,0,0,0,0,0,88,2026-02-04 16:28:05.948585
ELEC-F,15.0,0.0,0.0,,,0,0,0,0,0,0,88,2026-02-04 16:28:05.948585
NG,2.0,1.98,2.02,800000.0,800000.0,0,0,0,0,0,0,89,2026-02-04 16:28:07.056374
ELEC-day2,20.0,0.0,0.0,,,0,0,0,0,0,0,89,2026-02-04 16:28:07.056374
ELEC-day3,19.57,0.0,0.0,,,0,0,0,0,0,0,89,2026-02-04 16:28:07.056374
ELEC-day4,20.76,0.0,0.0,,,0,0,0,0,0,0,89,2026-02-04 16:28:07.056374
ELEC-day5,20.77,20.76,20.77,364.0,364.0,0,0,0,0,0,0,89,2026-02-04 16:28:07.056374
ELEC-day6,0.0,0.0,0.0,,,0,0,0,0,0,0,89,2026-02-04 16:28:07.056374
ELEC-F,15.0,0.0,0.0,,,0,0,0,0,0,0,89,2026-02-04 16:28:07.056374
NG,2.01,1.99,2.03,800000.0,800000.0,0,0,0,0,0,0,90,2026-02-04 16:28:08.104984
ELEC-day2,20.0,0.0,0.0,,,0,0,0,0,0,0,90,2026-02-04 16:28:08.104984
ELEC-day3,19.57,0.0,0.0,,,0,0,0,0,0,0,90,2026-02-04 16:28:08.104984
ELEC-day4,20.76,0.0,0.0,,,0,0,0,0,0,0,90,2026-02-04 16:28:08.104984
ELEC-day5,20.77,20.76,20.77,364.0,364.0,0,0,0,0,0,0,90,2026-02-04 16:28:08.104984
ELEC-day6,0.0,0.0,0.0,,,0,0,0,0,0,0,90,2026-02-04 16:28:08.104984
ELEC-F,15.0,0.0,0.0,,,0,0,0,0,0,0,90,2026-02-04 16:28:08.104984
NG,2.0,1.98,2.02,800000.0,800000.0,0,0,0,0,0,0,91,2026-02-04 16:28:09.143566
ELEC-day2,20.0,0.0,0.0,,,0,0,0,0,0,0,91,2026-02-04 16:28:09.143566
ELEC-day3,19.57,0.0,0.0,,,0,0,0,0,0,0,91,2026-02-04 16:28:09.143566
ELEC-day4,20.76,0.0,0.0,,,0,0,0,0,0,0,91,2026-02-04 16:28:09.143566
ELEC-day5,20.77,20.76,20.77,364.0,364.0,0,0,0,0,0,0,91,2026-02-04 16:28:09.143566
ELEC-day6,0.0,0.0,0.0,,,0,0,0,0,0,0,91,2026-02-04 16:28:09.143566
ELEC-F,15.0,0.0,0.0,,,0,0,0,0,0,0,91,2026-02-04 16:28:09.143566
NG,2.01,1.99,2.03,800000.0,800000.0,0,0,0,0,0,0,92,2026-02-04 16:28:10.174826
ELEC-day2,20.0,0.0,0.0,,,0,0,0,0,0,0,92,2026-02-04 16:28:10.174826
ELEC-day3,19.57,0.0,0.0,,,0,0,0,0,0,0,92,2026-02-04 16:28:10.174826
ELEC-day4,20.76,0.0,0.0,,,0,0,0,0,0,0,92,2026-02-04 16:28:10.174826
ELEC-day5,20.77,20.76,20.77,364.0,364.0,0,0,0,0,0,0,92,2026-02-04 16:28:10.174826
ELEC-day6,0.0,0.0,0.0,,,0,0,0,0,0,0,92,2026-02-04 16:28:10.174826
ELEC-F,15.0,0.0,0.0,,,0,0,0,0,0,0,92,2026-02-04 16:28:10.174826
NG,2.01,1.99,2.03,800000.0,800000.0,0,0,0,0,0,0,93,2026-02-04 16:28:11.210499
ELEC-day2,20.0,0.0,0.0,,,0,0,0,0,0,0,93,2026-02-04 16:28:11.210499
ELEC-day3,19.57,0.0,0.0,,,0,0,0,0,0,0,93,2026-02-04 16:28:11.210499
ELEC-day4,20.76,0.0,0.0,,,0,0,0,0,0,0,93,2026-02-04 16:28:11.210499
ELEC-day5,20.77,20.76,20.77,364.0,364.0,0,0,0,0,0,0,93,2026-02-04 16:28:11.210499
ELEC-day6,0.0,0.0,0.0,,,0,0,0,0,0,0,93,2026-02-04 16:28:11.210499
ELEC-F,15.0,0.0,0.0,,,0,0,0,0,0,0,93,2026-02-04 16:28:11.210499
NG,2.02,2.0,2.04,800000.0,800000.0,0,0,0,0,0,0,94,2026-02-04 16:28:12.261004
ELEC-day2,20.0,0.0,0.0,,,0,0,0,0,0,0,94,2026-02-04 16:28:12.261004
ELEC-day3,19.57,0.0,0.0,,,0,0,0,0,0,0,94,2026-02-04 16:28:12.261004
ELEC-day4,20.76,0.0,0.0,,,0,0,0,0,0,0,94,2026-02-04 16:28:12.261004
ELEC-day5,20.77,20.76,20.77,364.0,364.0,0,0,0,0,0,0,94,2026-02-04 16:28:12.261004
ELEC-day6,0.0,0.0,0.0,,,0,0,0,0,0,0,94,2026-02-04 16:28:12.261004
ELEC-F,15.0,0.0,0.0,,,0,0,0,0,0,0,94,2026-02-04 16:28:12.261004
NG,2.02,2.0,2.04,800000.0,800000.0,0,0,0,0,0,0,95,2026-02-04 16:28:13.309771
ELEC-day2,20.0,0.0,0.0,,,0,0,0,0,0,0,95,2026-02-04 16:28:13.309771
ELEC-day3,19.57,0.0,0.0,,,0,0,0,0,0,0,95,2026-02-04 16:28:13.309771
ELEC-day4,20.76,0.0,0.0,,,0,0,0,0,0,0,95,2026-02-04 16:28:13.309771
ELEC-day5,20.77,20.76,20.77,364.0,364.0,0,0,0,0,0,0,95,2026-02-04 16:28:13.309771
ELEC-day6,0.0,0.0,0.0,,,0,0,0,0,0,0,95,2026-02-04 16:28:13.309771
ELEC-F,15.0,0.0,0.0,,,0,0,0,0,0,0,95,2026-02-04 16:28:13.309771
NG,2.01,1.99,2.03,800000.0,800000.0,0,0,0,0,0,0,96,2026-02-04 16:28:14.346957
ELEC-day2,20.0,0.0,0.0,,,0,0,0,0,0,0,96,2026-02-04 16:28:14.346957
ELEC-day3,19.57,0.0,0.0,,,0,0,0,0,0,0,96,2026-02-04 16:28:14.346957
ELEC-day4,20.76,0.0,0.0,,,0,0,0,0,0,0,96,2026-02-04 16:28:14.346957
ELEC-day5,20.77,20.76,20.77,364.0,364.0,0,0,0,0,0,0,96,2026-02-04 16:28:14.346957
ELEC-day6,0.0,0.0,0.0,,,0,0,0,0,0,0,96,2026-02-04 16:28:14.346957
ELEC-F,15.0,0.0,0.0,,,0,0,0,0,0,0,96,2026-02-04 16:28:14.346957
NG,2.01,1.99,2.03,800000.0,800000.0,0,0,0,0,0,0,97,2026-02-04 16:28:15.471594
ELEC-day2,20.0,0.0,0.0,,,0,0,0,0,0,0,97,2026-02-04 16:28:15.471594
ELEC-day3,19.57,0.0,0.0,,,0,0,0,0,0,0,97,2026-02-04 16:28:15.471594
ELEC-day4,20.76,0.0,0.0,,,0,0,0,0,0,0,97,2026-02-04 16:28:15.471594
ELEC-day5,20.77,20.76,20.77,364.0,364.0,0,0,0,0,0,0,97,2026-02-04 16:28:15.471594
ELEC-day6,0.0,0.0,0.0,,,0,0,0,0,0,0,97,2026-02-04 16:28:15.471594
ELEC-F,15.0,0.0,0.0,,,0,0,0,0,0,0,97,2026-02-04 16:28:15.471594
NG,2.01,1.99,2.03,800000.0,800000.0,0,0,0,0,0,0,98,2026-02-04 16:28:16.047033
ELEC-day2,20.0,0.0,0.0,,,0,0,0,0,0,0,98,2026-02-04 16:28:16.047033
ELEC-day3,19.57,0.0,0.0,,,0,0,0,0,0,0,98,2026-02-04 16:28:16.047033
ELEC-day4,20.76,0.0,0.0,,,0,0,0,0,0,0,98,2026-02-04 16:28:16.047033
ELEC-day5,20.77,20.76,20.77,364.0,364.0,0,0,0,0,0,0,98,2026-02-04 16:28:16.047033
ELEC-day6,0.0,0.0,0.0,,,0,0,0,0,0,0,98,2026-02-04 16:28:16.047033
ELEC-F,15.0,0.0,0.0,,,0,0,0,0,0,0,98,2026-02-04 16:28:16.047033
NG,2.01,1.99,2.03,800000.0,800000.0,0,0,0,0,0,0,99,2026-02-04 16:28:17.081452
ELEC-day2,20.0,0.0,0.0,,,0,0,0,0,0,0,99,2026-02-04 16:28:17.081452
ELEC-day3,19.57,0.0,0.0,,,0,0,0,0,0,0,99,2026-02-04 16:28:17.081452
ELEC-day4,20.76,0.0,0.0,,,0,0,0,0,0,0,99,2026-02-04 16:28:17.081452
ELEC-day5,20.77,20.76,20.77,364.0,364.0,0,0,0,0,0,0,99,2026-02-04 16:28:17.081452
ELEC-day6,0.0,0.0,0.0,,,0,0,0,0,0,0,99,2026-02-04 16:28:17.081452
ELEC-F,15.0,0.0,0.0,,,0,0,0,0,0,0,99,2026-02-04 16:28:17.081452
NG,2.02,2.0,2.04,800000.0,800000.0,0,0,0,0,0,0,100,2026-02-04 16:28:18.117384
ELEC-day2,20.0,0.0,0.0,,,0,0,0,0,0,0,100,2026-02-04 16:28:18.117384
ELEC-day3,19.57,0.0,0.0,,,0,0,0,0,0,0,100,2026-02-04 16:28:18.117384
ELEC-day4,20.76,0.0,0.0,,,0,0,0,0,0,0,100,2026-02-04 16:28:18.117384
ELEC-day5,20.77,20.76,20.77,364.0,364.0,0,0,0,0,0,0,100,2026-02-04 16:28:18.117384
ELEC-day6,0.0,0.0,0.0,,,0,0,0,0,0,0,100,2026-02-04 16:28:18.117384
ELEC-F,15.0,0.0,0.0,,,0,0,0,0,0,0,100,2026-02-04 16:28:18.117384
NG,2.03,2.01,2.05,800000.0,800000.0,0,0,0,0,0,0,101,2026-02-04 16:28:19.158601
ELEC-day2,20.0,0.0,0.0,,,0,0,0,0,0,0,101,2026-02-04 16:28:19.158601
ELEC-day3,19.57,0.0,0.0,,,0,0,0,0,0,0,101,2026-02-04 16:28:19.158601
ELEC-day4,20.76,0.0,0.0,,,0,0,0,0,0,0,101,2026-02-04 16:28:19.158601
ELEC-day5,20.76,20.76,20.77,364.0,364.0,0,0,0,0,0,0,101,2026-02-04 16:28:19.158601
ELEC-day6,0.0,0.0,0.0,,,0,0,0,0,0,0,101,2026-02-04 16:28:19.158601
ELEC-F,15.0,0.0,0.0,,,0,0,0,0,0,0,101,2026-02-04 16:28:19.158601
NG,2.03,2.01,2.05,800000.0,800000.0,0,0,0,0,0,0,102,2026-02-04 16:28:20.200742
ELEC-day2,20.0,0.0,0.0,,,0,0,0,0,0,0,102,2026-02-04 16:28:20.200742
ELEC-day3,19.57,0.0,0.0,,,0,0,0,0,0,0,102,2026-02-04 16:28:20.200742
ELEC-day4,20.76,0.0,0.0,,,0,0,0,0,0,0,102,2026-02-04 16:28:20.200742
ELEC-day5,20.76,20.76,20.77,364.0,364.0,0,0,0,0,0,0,102,2026-02-04 16:28:20.200742
ELEC-day6,0.0,0.0,0.0,,,0,0,0,0,0,0,102,2026-02-04 16:28:20.200742
ELEC-F,15.0,0.0,0.0,,,0,0,0,0,0,0,102,2026-02-04 16:28:20.200742
NG,2.03,2.01,2.05,800000.0,800000.0,0,0,0,0,0,0,103,2026-02-04 16:28:21.230803
ELEC-day2,20.0,0.0,0.0,,,0,0,0,0,0,0,103,2026-02-04 16:28:21.230803
ELEC-day3,19.57,0.0,0.0,,,0,0,0,0,0,0,103,2026-02-04 16:28:21.230803
ELEC-day4,20.76,0.0,0.0,,,0,0,0,0,0,0,103,2026-02-04 16:28:21.230803
ELEC-day5,20.76,20.76,20.77,364.0,364.0,0,0,0,0,0,0,103,2026-02-04 16:28:21.230803
ELEC-day6,0.0,0.0,0.0,,,0,0,0,0,0,0,103,2026-02-04 16:28:21.230803
ELEC-F,15.0,0.0,0.0,,,0,0,0,0,0,0,103,2026-02-04 16:28:21.230803
NG,2.03,2.01,2.05,800000.0,800000.0,0,0,0,0,0,0,104,2026-02-04 16:28:22.281585
ELEC-day2,20.0,0.0,0.0,,,0,0,0,0,0,0,104,2026-02-04 16:28:22.281585
ELEC-day3,19.57,0.0,0.0,,,0,0,0,0,0,0,104,2026-02-04 16:28:22.281585
ELEC-day4,20.76,0.0,0.0,,,0,0,0,0,0,0,104,2026-02-04 16:28:22.281585
ELEC-day5,20.76,20.76,20.77,364.0,364.0,0,0,0,0,0,0,104,2026-02-04 16:28:22.281585
ELEC-day6,0.0,0.0,0.0,,,0,0,0,0,0,0,104,2026-02-04 16:28:22.281585
ELEC-F,15.0,0.0,0.0,,,0,0,0,0,0,0,104,2026-02-04 16:28:22.281585
NG,2.02,2.0,2.04,800000.0,800000.0,0,0,0,0,0,0,105,2026-02-04 16:28:23.329896
ELEC-day2,20.0,0.0,0.0,,,0,0,0,0,0,0,105,2026-02-04 16:28:23.329896
ELEC-day3,19.57,0.0,0.0,,,0,0,0,0,0,0,105,2026-02-04 16:28:23.329896
ELEC-day4,20.76,0.0,0.0,,,0,0,0,0,0,0,105,2026-02-04 16:28:23.329896
ELEC-day5,20.76,20.76,20.77,364.0,364.0,0,0,0,0,0,0,105,2026-02-04 16:28:23.329896
ELEC-day6,0.0,0.0,0.0,,,0,0,0,0,0,0,105,2026-02-04 16:28:23.329896
ELEC-F,15.0,0.0,0.0,,,0,0,0,0,0,0,105,2026-02-04 16:28:23.329896
NG,2.02,2.0,2.04,800000.0,800000.0,0,0,0,0,0,0,106,2026-02-04 16:28:24.378131
ELEC-day2,20.0,0.0,0.0,,,0,0,0,0,0,0,106,2026-02-04 16:28:24.378131
ELEC-day3,19.57,0.0,0.0,,,0,0,0,0,0,0,106,2026-02-04 16:28:24.378131
ELEC-day4,20.76,0.0,0.0,,,0,0,0,0,0,0,106,2026-02-04 16:28:24.378131
ELEC-day5,20.76,20.76,20.77,364.0,364.0,0,0,0,0,0,0,106,2026-02-04 16:28:24.378131
ELEC-day6,0.0,0.0,0.0,,,0,0,0,0,0,0,106,2026-02-04 16:28:24.378131
ELEC-F,15.0,0.0,0.0,,,0,0,0,0,0,0,106,2026-02-04 16:28:24.378131
NG,2.01,1.99,2.03,800000.0,800000.0,0,0,0,0,0,0,107,2026-02-04 16:28:25.548021
ELEC-day2,20.0,0.0,0.0,,,0,0,0,0,0,0,107,2026-02-04 16:28:25.548021
ELEC-day3,19.57,0.0,0.0,,,0,0,0,0,0,0,107,2026-02-04 16:28:25.548021
ELEC-day4,20.76,0.0,0.0,,,0,0,0,0,0,0,107,2026-02-04 16:28:25.548021
ELEC-day5,20.76,20.76,20.77,364.0,364.0,0,0,0,0,0,0,107,2026-02-04 16:28:25.548021
ELEC-day6,0.0,0.0,0.0,,,0,0,0,0,0,0,107,2026-02-04 16:28:25.548021
ELEC-F,15.0,0.0,0.0,,,0,0,0,0,0,0,107,2026-02-04 16:28:25.548021
NG,2.03,2.01,2.05,800000.0,800000.0,0,0,0,0,0,0,108,2026-02-04 16:28:26.130196
ELEC-day2,20.0,0.0,0.0,,,0,0,0,0,0,0,108,2026-02-04 16:28:26.130196
ELEC-day3,19.57,0.0,0.0,,,0,0,0,0,0,0,108,2026-02-04 16:28:26.130196
ELEC-day4,20.76,0.0,0.0,,,0,0,0,0,0,0,108,2026-02-04 16:28:26.130196
ELEC-day5,20.77,20.76,20.77,364.0,364.0,0,0,0,0,0,0,108,2026-02-04 16:28:26.130196
ELEC-day6,0.0,0.0,0.0,,,0,0,0,0,0,0,108,2026-02-04 16:28:26.130196
ELEC-F,15.0,0.0,0.0,,,0,0,0,0,0,0,108,2026-02-04 16:28:26.130196
NG,2.02,2.0,2.04,800000.0,800000.0,0,0,0,0,0,0,109,2026-02-04 16:28:27.188589
ELEC-day2,20.0,0.0,0.0,,,0,0,0,0,0,0,109,2026-02-04 16:28:27.188589
ELEC-day3,19.57,0.0,0.0,,,0,0,0,0,0,0,109,2026-02-04 16:28:27.188589
ELEC-day4,20.76,0.0,0.0,,,0,0,0,0,0,0,109,2026-02-04 16:28:27.188589
ELEC-day5,20.77,20.76,20.77,364.0,364.0,0,0,0,0,0,0,109,2026-02-04 16:28:27.188589
ELEC-day6,0.0,0.0,0.0,,,0,0,0,0,0,0,109,2026-02-04 16:28:27.188589
ELEC-F,15.0,0.0,0.0,,,0,0,0,0,0,0,109,2026-02-04 16:28:27.188589
NG,2.03,2.01,2.05,800000.0,800000.0,0,0,0,0,0,0,110,2026-02-04 16:28:28.242338
ELEC-day2,20.0,0.0,0.0,,,0,0,0,0,0,0,110,2026-02-04 16:28:28.242338
ELEC-day3,19.57,0.0,0.0,,,0,0,0,0,0,0,110,2026-02-04 16:28:28.242338
ELEC-day4,20.76,0.0,0.0,,,0,0,0,0,0,0,110,2026-02-04 16:28:28.242338
ELEC-day5,20.77,20.76,20.77,364.0,364.0,0,0,0,0,0,0,110,2026-02-04 16:28:28.242338
ELEC-day6,0.0,0.0,0.0,,,0,0,0,0,0,0,110,2026-02-04 16:28:28.242338
ELEC-F,15.0,0.0,0.0,,,0,0,0,0,0,0,110,2026-02-04 16:28:28.242338
NG,2.03,2.01,2.05,800000.0,800000.0,0,0,0,0,0,0,111,2026-02-04 16:28:29.284455
ELEC-day2,20.0,0.0,0.0,,,0,0,0,0,0,0,111,2026-02-04 16:28:29.284455
ELEC-day3,19.57,0.0,0.0,,,0,0,0,0,0,0,111,2026-02-04 16:28:29.284455
ELEC-day4,20.76,0.0,0.0,,,0,0,0,0,0,0,111,2026-02-04 16:28:29.284455
ELEC-day5,20.77,20.76,20.77,364.0,364.0,0,0,0,0,0,0,111,2026-02-04 16:28:29.284455
ELEC-day6,0.0,0.0,0.0,,,0,0,0,0,0,0,111,2026-02-04 16:28:29.284455
ELEC-F,15.0,0.0,0.0,,,0,0,0,0,0,0,111,2026-02-04 16:28:29.284455
NG,2.03,2.01,2.05,800000.0,800000.0,0,0,0,0,0,0,112,2026-02-04 16:28:30.328737
ELEC-day2,20.0,0.0,0.0,,,0,0,0,0,0,0,112,2026-02-04 16:28:30.328737
ELEC-day3,19.57,0.0,0.0,,,0,0,0,0,0,0,112,2026-02-04 16:28:30.328737
ELEC-day4,20.76,0.0,0.0,,,0,0,0,0,0,0,112,2026-02-04 16:28:30.328737
ELEC-day5,20.77,20.76,20.77,364.0,364.0,0,0,0,0,0,0,112,2026-02-04 16:28:30.328737
ELEC-day6,0.0,0.0,0.0,,,0,0,0,0,0,0,112,2026-02-04 16:28:30.328737
ELEC-F,15.0,0.0,0.0,,,0,0,0,0,0,0,112,2026-02-04 16:28:30.328737
NG,2.02,2.0,2.04,800000.0,800000.0,0,0,0,0,0,0,113,2026-02-04 16:28:31.370819
ELEC-day2,20.0,0.0,0.0,,,0,0,0,0,0,0,113,2026-02-04 16:28:31.370819
ELEC-day3,19.57,0.0,0.0,,,0,0,0,0,0,0,113,2026-02-04 16:28:31.370819
ELEC-day4,20.76,0.0,0.0,,,0,0,0,0,0,0,113,2026-02-04 16:28:31.370819
ELEC-day5,20.77,20.76,20.77,364.0,364.0,0,0,0,0,0,0,113,2026-02-04 16:28:31.370819
ELEC-day6,0.0,0.0,0.0,,,0,0,0,0,0,0,113,2026-02-04 16:28:31.370819
ELEC-F,67.0,0.0,0.0,,,0,0,0,0,0,0,113,2026-02-04 16:28:31.370819
NG,2.01,1.99,2.03,800000.0,800000.0,0,0,0,0,0,0,114,2026-02-04 16:28:32.417056
ELEC-day2,20.0,0.0,0.0,,,0,0,0,0,0,0,114,2026-02-04 16:28:32.417056
ELEC-day3,19.57,0.0,0.0,,,0,0,0,0,0,0,114,2026-02-04 16:28:32.417056
ELEC-day4,20.76,0.0,0.0,,,0,0,0,0,0,0,114,2026-02-04 16:28:32.417056
ELEC-day5,20.77,20.76,20.77,364.0,364.0,0,0,0,0,0,0,114,2026-02-04 16:28:32.417056
ELEC-day6,0.0,0.0,0.0,,,0,0,0,0,0,0,114,2026-02-04 16:28:32.417056
ELEC-F,67.0,0.0,0.0,,,0,0,0,0,0,0,114,2026-02-04 16:28:32.417056
NG,2.01,1.99,2.03,800000.0,800000.0,0,0,0,0,0,0,115,2026-02-04 16:28:33.462650
ELEC-day2,20.0,0.0,0.0,,,0,0,0,0,0,0,115,2026-02-04 16:28:33.462650
ELEC-day3,19.57,0.0,0.0,,,0,0,0,0,0,0,115,2026-02-04 16:28:33.462650
ELEC-day4,20.76,0.0,0.0,,,0,0,0,0,0,0,115,2026-02-04 16:28:33.462650
ELEC-day5,20.77,20.76,20.77,364.0,364.0,0,0,0,0,0,0,115,2026-02-04 16:28:33.462650
ELEC-day6,0.0,0.0,0.0,,,0,0,0,0,0,0,115,2026-02-04 16:28:33.462650
ELEC-F,67.0,0.0,0.0,,,0,0,0,0,0,0,115,2026-02-04 16:28:33.462650
NG,2.01,1.99,2.03,800000.0,800000.0,0,0,0,0,0,0,116,2026-02-04 16:28:34.581320
ELEC-day2,20.0,0.0,0.0,,,0,0,0,0,0,0,116,2026-02-04 16:28:34.581320
ELEC-day3,19.57,0.0,0.0,,,0,0,0,0,0,0,116,2026-02-04 16:28:34.581320
ELEC-day4,20.76,0.0,0.0,,,0,0,0,0,0,0,116,2026-02-04 16:28:34.581320
ELEC-day5,20.77,20.76,20.77,364.0,364.0,0,0,0,0,0,0,116,2026-02-04 16:28:34.581320
ELEC-day6,0.0,0.0,0.0,,,0,0,0,0,0,0,116,2026-02-04 16:28:34.581320
ELEC-F,67.0,0.0,0.0,,,0,0,0,0,0,0,116,2026-02-04 16:28:34.581320
NG,2.01,1.99,2.03,800000.0,800000.0,0,0,0,0,0,0,117,2026-02-04 16:28:35.174276
ELEC-day2,20.0,0.0,0.0,,,0,0,0,0,0,0,117,2026-02-04 16:28:35.174276
ELEC-day3,19.57,0.0,0.0,,,0,0,0,0,0,0,117,2026-02-04 16:28:35.174276
ELEC-day4,20.76,0.0,0.0,,,0,0,0,0,0,0,117,2026-02-04 16:28:35.174276
ELEC-day5,20.77,20.76,20.77,364.0,364.0,0,0,0,0,0,0,117,2026-02-04 16:28:35.174276
ELEC-day6,0.0,0.0,0.0,,,0,0,0,0,0,0,117,2026-02-04 16:28:35.174276
ELEC-F,67.0,0.0,0.0,,,0,0,0,0,0,0,117,2026-02-04 16:28:35.174276
NG,2.0,1.98,2.02,800000.0,800000.0,0,0,0,0,0,0,118,2026-02-04 16:28:36.308483
ELEC-day2,20.0,0.0,0.0,,,0,0,0,0,0,0,118,2026-02-04 16:28:36.308483
ELEC-day3,19.57,0.0,0.0,,,0,0,0,0,0,0,118,2026-02-04 16:28:36.308483
ELEC-day4,20.76,0.0,0.0,,,0,0,0,0,0,0,118,2026-02-04 16:28:36.308483
ELEC-day5,20.77,20.76,20.77,364.0,364.0,0,0,0,0,0,0,118,2026-02-04 16:28:36.308483
ELEC-day6,0.0,0.0,0.0,,,0,0,0,0,0,0,118,2026-02-04 16:28:36.308483
ELEC-F,67.0,0.0,0.0,,,0,0,0,0,0,0,118,2026-02-04 16:28:36.308483
NG,2.0,1.98,2.02,800000.0,800000.0,0,0,0,0,0,0,119,2026-02-04 16:28:37.359414
ELEC-day2,20.0,0.0,0.0,,,0,0,0,0,0,0,119,2026-02-04 16:28:37.359414
ELEC-day3,19.57,0.0,0.0,,,0,0,0,0,0,0,119,2026-02-04 16:28:37.359414
ELEC-day4,20.76,0.0,0.0,,,0,0,0,0,0,0,119,2026-02-04 16:28:37.359414
ELEC-day5,20.77,20.76,0.0,364.0,,0,0,0,0,0,0,119,2026-02-04 16:28:37.359414
ELEC-day6,0.0,0.0,0.0,,,0,0,0,0,0,0,119,2026-02-04 16:28:37.359414
ELEC-F,67.0,0.0,0.0,,,0,0,0,0,0,0,119,2026-02-04 16:28:37.359414
NG,2.01,1.99,2.03,800000.0,800000.0,0,0,0,0,0,0,120,2026-02-04 16:28:38.413745
ELEC-day2,20.0,0.0,0.0,,,0,0,0,0,0,0,120,2026-02-04 16:28:38.413745
ELEC-day3,19.57,0.0,0.0,,,0,0,0,0,0,0,120,2026-02-04 16:28:38.413745
ELEC-day4,20.76,0.0,0.0,,,0,0,0,0,0,0,120,2026-02-04 16:28:38.413745
ELEC-day5,20.77,20.76,0.0,364.0,,0,0,0,0,0,0,120,2026-02-04 16:28:38.413745
ELEC-day6,0.0,0.0,0.0,,,0,0,0,0,0,0,120,2026-02-04 16:28:38.413745
ELEC-F,67.0,0.0,0.0,,,0,0,0,0,0,0,120,2026-02-04 16:28:38.413745
NG,2.01,1.99,2.03,800000.0,800000.0,0,0,0,0,0,0,121,2026-02-04 16:28:39.460431
ELEC-day2,20.0,0.0,0.0,,,0,0,0,0,0,0,121,2026-02-04 16:28:39.460431
ELEC-day3,19.57,0.0,0.0,,,0,0,0,0,0,0,121,2026-02-04 16:28:39.460431
ELEC-day4,20.76,0.0,0.0,,,0,0,0,0,0,0,121,2026-02-04 16:28:39.460431
ELEC-day5,20.77,20.76,0.0,364.0,,0,0,0,0,0,0,121,2026-02-04 16:28:39.460431
ELEC-day6,0.0,0.0,0.0,,,0,0,0,0,0,0,121,2026-02-04 16:28:39.460431
ELEC-F,67.0,0.0,0.0,,,0,0,0,0,0,0,121,2026-02-04 16:28:39.460431
NG,2.01,1.99,2.03,800000.0,800000.0,0,0,0,0,0,0,122,2026-02-04 16:28:40.647297
ELEC-day2,20.0,0.0,0.0,,,0,0,0,0,0,0,122,2026-02-04 16:28:40.647297
ELEC-day3,19.57,0.0,0.0,,,0,0,0,0,0,0,122,2026-02-04 16:28:40.647297
ELEC-day4,20.76,0.0,0.0,,,0,0,0,0,0,0,122,2026-02-04 16:28:40.647297
ELEC-day5,20.77,20.76,0.0,364.0,,0,0,0,0,0,0,122,2026-02-04 16:28:40.647297
ELEC-day6,0.0,0.0,0.0,,,0,0,0,0,0,0,122,2026-02-04 16:28:40.647297
ELEC-F,67.0,0.0,0.0,,,0,0,0,0,0,0,122,2026-02-04 16:28:40.647297
NG,2.01,1.99,2.03,800000.0,800000.0,0,0,0,0,0,0,123,2026-02-04 16:28:41.212357
ELEC-day2,20.0,0.0,0.0,,,0,0,0,0,0,0,123,2026-02-04 16:28:41.212357
ELEC-day3,19.57,0.0,0.0,,,0,0,0,0,0,0,123,2026-02-04 16:28:41.212357
ELEC-day4,20.76,0.0,0.0,,,0,0,0,0,0,0,123,2026-02-04 16:28:41.212357
ELEC-day5,20.77,20.76,0.0,364.0,,0,0,0,0,0,0,123,2026-02-04 16:28:41.212357
ELEC-day6,0.0,0.0,0.0,,,0,0,0,0,0,0,123,2026-02-04 16:28:41.212357
ELEC-F,67.0,0.0,0.0,,,0,0,0,0,0,0,123,2026-02-04 16:28:41.212357
NG,2.01,1.99,2.03,800000.0,800000.0,0,0,0,0,0,0,124,2026-02-04 16:28:42.264625
ELEC-day2,20.0,0.0,0.0,,,0,0,0,0,0,0,124,2026-02-04 16:28:42.264625
ELEC-day3,19.57,0.0,0.0,,,0,0,0,0,0,0,124,2026-02-04 16:28:42.264625
ELEC-day4,20.76,0.0,0.0,,,0,0,0,0,0,0,124,2026-02-04 16:28:42.264625
ELEC-day5,20.77,20.76,0.0,364.0,,0,0,0,0,0,0,124,2026-02-04 16:28:42.264625
ELEC-day6,0.0,0.0,0.0,,,0,0,0,0,0,0,124,2026-02-04 16:28:42.264625
ELEC-F,67.0,0.0,0.0,,,0,0,0,0,0,0,124,2026-02-04 16:28:42.264625
NG,2.02,2.0,2.04,800000.0,800000.0,0,0,0,0,0,0,125,2026-02-04 16:28:43.333898
ELEC-day2,20.0,0.0,0.0,,,0,0,0,0,0,0,125,2026-02-04 16:28:43.333898
ELEC-day3,19.57,0.0,0.0,,,0,0,0,0,0,0,125,2026-02-04 16:28:43.333898
ELEC-day4,20.76,0.0,0.0,,,0,0,0,0,0,0,125,2026-02-04 16:28:43.333898
ELEC-day5,20.76,20.76,0.0,364.0,,0,0,0,0,0,0,125,2026-02-04 16:28:43.333898
ELEC-day6,0.0,0.0,0.0,,,0,0,0,0,0,0,125,2026-02-04 16:28:43.333898
ELEC-F,67.0,0.0,0.0,,,0,0,0,0,0,0,125,2026-02-04 16:28:43.333898
NG,2.02,2.0,2.04,800000.0,800000.0,0,0,0,0,0,0,126,2026-02-04 16:28:44.377297
ELEC-day2,20.0,0.0,0.0,,,0,0,0,0,0,0,126,2026-02-04 16:28:44.377297
ELEC-day3,19.57,0.0,0.0,,,0,0,0,0,0,0,126,2026-02-04 16:28:44.377297
ELEC-day4,20.76,0.0,0.0,,,0,0,0,0,0,0,126,2026-02-04 16:28:44.377297
ELEC-day5,20.76,20.76,0.0,364.0,,0,0,0,0,0,0,126,2026-02-04 16:28:44.377297
ELEC-day6,0.0,0.0,0.0,,,0,0,0,0,0,0,126,2026-02-04 16:28:44.377297
ELEC-F,67.0,0.0,0.0,,,0,0,0,0,0,0,126,2026-02-04 16:28:44.377297
NG,2.02,2.0,2.04,800000.0,800000.0,0,0,0,0,0,0,127,2026-02-04 16:28:45.411906
ELEC-day2,20.0,0.0,0.0,,,0,0,0,0,0,0,127,2026-02-04 16:28:45.411906
ELEC-day3,19.57,0.0,0.0,,,0,0,0,0,0,0,127,2026-02-04 16:28:45.411906
ELEC-day4,20.76,0.0,0.0,,,0,0,0,0,0,0,127,2026-02-04 16:28:45.411906
ELEC-day5,20.76,20.76,0.0,364.0,,0,0,0,0,0,0,127,2026-02-04 16:28:45.411906
ELEC-day6,0.0,0.0,0.0,,,0,0,0,0,0,0,127,2026-02-04 16:28:45.411906
ELEC-F,67.0,0.0,0.0,,,0,0,0,0,0,0,127,2026-02-04 16:28:45.411906
NG,2.02,2.0,2.04,800000.0,800000.0,0,0,0,0,0,0,128,2026-02-04 16:28:46.445078
ELEC-day2,20.0,0.0,0.0,,,0,0,0,0,0,0,128,2026-02-04 16:28:46.445078
ELEC-day3,19.57,0.0,0.0,,,0,0,0,0,0,0,128,2026-02-04 16:28:46.445078
ELEC-day4,20.76,0.0,0.0,,,0,0,0,0,0,0,128,2026-02-04 16:28:46.445078
ELEC-day5,20.76,20.76,0.0,364.0,,0,0,0,0,0,0,128,2026-02-04 16:28:46.445078
ELEC-day6,0.0,0.0,0.0,,,0,0,0,0,0,0,128,2026-02-04 16:28:46.445078
ELEC-F,67.0,0.0,0.0,,,0,0,0,0,0,0,128,2026-02-04 16:28:46.445078
NG,2.0,1.98,2.02,800000.0,800000.0,0,0,0,0,0,0,129,2026-02-04 16:28:47.481089
ELEC-day2,20.0,0.0,0.0,,,0,0,0,0,0,0,129,2026-02-04 16:28:47.481089
ELEC-day3,19.57,0.0,0.0,,,0,0,0,0,0,0,129,2026-02-04 16:28:47.481089
ELEC-day4,20.76,0.0,0.0,,,0,0,0,0,0,0,129,2026-02-04 16:28:47.481089
ELEC-day5,20.76,20.76,0.0,364.0,,0,0,0,0,0,0,129,2026-02-04 16:28:47.481089
ELEC-day6,0.0,0.0,0.0,,,0,0,0,0,0,0,129,2026-02-04 16:28:47.481089
ELEC-F,67.0,0.0,0.0,,,0,0,0,0,0,0,129,2026-02-04 16:28:47.481089
NG,2.0,1.98,2.02,800000.0,800000.0,0,0,0,0,0,0,130,2026-02-04 16:28:48.514013
ELEC-day2,20.0,0.0,0.0,,,0,0,0,0,0,0,130,2026-02-04 16:28:48.514013
ELEC-day3,19.57,0.0,0.0,,,0,0,0,0,0,0,130,2026-02-04 16:28:48.514013
ELEC-day4,20.76,0.0,0.0,,,0,0,0,0,0,0,130,2026-02-04 16:28:48.514013
ELEC-day5,20.76,0.0,0.0,,,0,0,0,0,0,0,130,2026-02-04 16:28:48.514013
ELEC-day6,0.0,0.0,0.0,,,0,0,0,0,0,0,130,2026-02-04 16:28:48.514013
ELEC-F,67.0,0.0,0.0,,,0,0,0,0,0,0,130,2026-02-04 16:28:48.514013
NG,2.01,1.99,2.03,800000.0,800000.0,0,0,0,0,0,0,131,2026-02-04 16:28:49.629252
ELEC-day2,20.0,0.0,0.0,,,0,0,0,0,0,0,131,2026-02-04 16:28:49.629252
ELEC-day3,19.57,0.0,0.0,,,0,0,0,0,0,0,131,2026-02-04 16:28:49.629252
ELEC-day4,20.76,0.0,0.0,,,0,0,0,0,0,0,131,2026-02-04 16:28:49.629252
ELEC-day5,20.76,0.0,0.0,,,0,0,0,0,0,0,131,2026-02-04 16:28:49.629252
ELEC-day6,0.0,0.0,0.0,,,0,0,0,0,0,0,131,2026-02-04 16:28:49.629252
ELEC-F,67.0,0.0,0.0,,,0,0,0,0,0,0,131,2026-02-04 16:28:49.629252
NG,2.01,1.99,2.03,800000.0,800000.0,0,0,0,0,0,0,132,2026-02-04 16:28:50.162742
ELEC-day2,20.0,0.0,0.0,,,0,0,0,0,0,0,132,2026-02-04 16:28:50.162742
ELEC-day3,19.57,0.0,0.0,,,0,0,0,0,0,0,132,2026-02-04 16:28:50.162742
ELEC-day4,20.76,0.0,0.0,,,0,0,0,0,0,0,132,2026-02-04 16:28:50.162742
ELEC-day5,20.76,0.0,0.0,,,0,0,0,0,0,0,132,2026-02-04 16:28:50.162742
ELEC-day6,0.0,0.0,0.0,,,0,0,0,0,0,0,132,2026-02-04 16:28:50.162742
ELEC-F,67.0,0.0,0.0,,,0,0,0,0,0,0,132,2026-02-04 16:28:50.162742
NG,2.01,1.99,2.03,800000.0,800000.0,0,0,0,0,0,0,133,2026-02-04 16:28:51.270353
ELEC-day2,20.0,0.0,0.0,,,0,0,0,0,0,0,133,2026-02-04 16:28:51.270353
ELEC-day3,19.57,0.0,0.0,,,0,0,0,0,0,0,133,2026-02-04 16:28:51.270353
ELEC-day4,20.76,0.0,0.0,,,0,0,0,0,0,0,133,2026-02-04 16:28:51.270353
ELEC-day5,20.76,0.0,0.0,,,0,0,0,0,0,0,133,2026-02-04 16:28:51.270353
ELEC-day6,0.0,0.0,0.0,,,0,0,0,0,0,0,133,2026-02-04 16:28:51.270353
ELEC-F,67.0,0.0,0.0,,,0,0,0,0,0,0,133,2026-02-04 16:28:51.270353
NG,2.01,1.99,2.03,800000.0,800000.0,0,0,0,0,0,0,134,2026-02-04 16:28:52.317624
ELEC-day2,20.0,0.0,0.0,,,0,0,0,0,0,0,134,2026-02-04 16:28:52.317624
ELEC-day3,19.57,0.0,0.0,,,0,0,0,0,0,0,134,2026-02-04 16:28:52.317624
ELEC-day4,20.76,0.0,0.0,,,0,0,0,0,0,0,134,2026-02-04 16:28:52.317624
ELEC-day5,20.76,0.0,0.0,,,0,0,0,0,0,0,134,2026-02-04 16:28:52.317624
ELEC-day6,0.0,0.0,0.0,,,0,0,0,0,0,0,134,2026-02-04 16:28:52.317624
ELEC-F,67.0,0.0,0.0,,,0,0,0,0,0,0,134,2026-02-04 16:28:52.317624
NG,2.01,1.99,2.03,800000.0,800000.0,0,0,0,0,0,0,135,2026-02-04 16:28:53.410867
ELEC-day2,20.0,0.0,0.0,,,0,0,0,0,0,0,135,2026-02-04 16:28:53.410867
ELEC-day3,19.57,0.0,0.0,,,0,0,0,0,0,0,135,2026-02-04 16:28:53.410867
ELEC-day4,20.76,0.0,0.0,,,0,0,0,0,0,0,135,2026-02-04 16:28:53.410867
ELEC-day5,20.76,0.0,0.0,,,0,0,0,0,0,0,135,2026-02-04 16:28:53.410867
ELEC-day6,0.0,0.0,0.0,,,0,0,0,0,0,0,135,2026-02-04 16:28:53.410867
ELEC-F,67.0,0.0,0.0,,,0,0,0,0,0,0,135,2026-02-04 16:28:53.410867
NG,2.02,2.0,2.04,800000.0,800000.0,0,0,0,0,0,0,136,2026-02-04 16:28:54.480480
ELEC-day2,20.0,0.0,0.0,,,0,0,0,0,0,0,136,2026-02-04 16:28:54.480480
ELEC-day3,19.57,0.0,0.0,,,0,0,0,0,0,0,136,2026-02-04 16:28:54.480480
ELEC-day4,20.76,0.0,0.0,,,0,0,0,0,0,0,136,2026-02-04 16:28:54.480480
ELEC-day5,20.76,0.0,0.0,,,0,0,0,0,0,0,136,2026-02-04 16:28:54.480480
ELEC-day6,0.0,0.0,0.0,,,0,0,0,0,0,0,136,2026-02-04 16:28:54.480480
ELEC-F,67.0,0.0,0.0,,,0,0,0,0,0,0,136,2026-02-04 16:28:54.480480
NG,2.02,2.0,2.04,800000.0,800000.0,0,0,0,0,0,0,137,2026-02-04 16:28:55.526861
ELEC-day2,20.0,0.0,0.0,,,0,0,0,0,0,0,137,2026-02-04 16:28:55.526861
ELEC-day3,19.57,0.0,0.0,,,0,0,0,0,0,0,137,2026-02-04 16:28:55.526861
ELEC-day4,20.76,0.0,0.0,,,0,0,0,0,0,0,137,2026-02-04 16:28:55.526861
ELEC-day5,20.76,0.0,0.0,,,0,0,0,0,0,0,137,2026-02-04 16:28:55.526861
ELEC-day6,0.0,0.0,0.0,,,0,0,0,0,0,0,137,2026-02-04 16:28:55.526861
ELEC-F,67.0,0.0,0.0,,,0,0,0,0,0,0,137,2026-02-04 16:28:55.526861
NG,2.02,2.0,2.04,800000.0,800000.0,0,0,0,0,0,0,138,2026-02-04 16:28:56.565241
ELEC-day2,20.0,0.0,0.0,,,0,0,0,0,0,0,138,2026-02-04 16:28:56.565241
ELEC-day3,19.57,0.0,0.0,,,0,0,0,0,0,0,138,2026-02-04 16:28:56.565241
ELEC-day4,20.76,0.0,0.0,,,0,0,0,0,0,0,138,2026-02-04 16:28:56.565241
ELEC-day5,20.76,0.0,0.0,,,0,0,0,0,0,0,138,2026-02-04 16:28:56.565241
ELEC-day6,0.0,0.0,0.0,,,0,0,0,0,0,0,138,2026-02-04 16:28:56.565241
ELEC-F,67.0,0.0,0.0,,,0,0,0,0,0,0,138,2026-02-04 16:28:56.565241
NG,2.03,2.01,2.05,800000.0,800000.0,0,0,0,0,0,0,139,2026-02-04 16:28:57.679399
ELEC-day2,20.0,0.0,0.0,,,0,0,0,0,0,0,139,2026-02-04 16:28:57.679399
ELEC-day3,19.57,0.0,0.0,,,0,0,0,0,0,0,139,2026-02-04 16:28:57.679399
ELEC-day4,20.76,0.0,0.0,,,0,0,0,0,0,0,139,2026-02-04 16:28:57.679399
ELEC-day5,20.76,0.0,0.0,,,0,0,0,0,0,0,139,2026-02-04 16:28:57.679399
ELEC-day6,0.0,0.0,0.0,,,0,0,0,0,0,0,139,2026-02-04 16:28:57.679399
ELEC-F,67.0,0.0,0.0,,,0,0,0,0,0,0,139,2026-02-04 16:28:57.679399
NG,2.03,2.01,2.05,800000.0,800000.0,0,0,0,0,0,0,140,2026-02-04 16:28:58.279836
ELEC-day2,20.0,0.0,0.0,,,0,0,0,0,0,0,140,2026-02-04 16:28:58.279836
ELEC-day3,19.57,0.0,0.0,,,0,0,0,0,0,0,140,2026-02-04 16:28:58.279836
ELEC-day4,20.76,0.0,0.0,,,0,0,0,0,0,0,140,2026-02-04 16:28:58.279836
ELEC-day5,20.76,0.0,0.0,,,0,0,0,0,0,0,140,2026-02-04 16:28:58.279836
ELEC-day6,0.0,0.0,0.0,,,0,0,0,0,0,0,140,2026-02-04 16:28:58.279836
ELEC-F,67.0,0.0,0.0,,,0,0,0,0,0,0,140,2026-02-04 16:28:58.279836
NG,2.02,2.0,2.04,800000.0,800000.0,0,0,0,0,0,0,141,2026-02-04 16:28:59.327918
ELEC-day2,20.0,0.0,0.0,,,0,0,0,0,0,0,141,2026-02-04 16:28:59.327918
ELEC-day3,19.57,0.0,0.0,,,0,0,0,0,0,0,141,2026-02-04 16:28:59.327918
ELEC-day4,20.76,0.0,0.0,,,0,0,0,0,0,0,141,2026-02-04 16:28:59.327918
ELEC-day5,20.76,0.0,0.0,,,0,0,0,0,0,0,141,2026-02-04 16:28:59.327918
ELEC-day6,0.0,0.0,0.0,,,0,0,0,0,0,0,141,2026-02-04 16:28:59.327918
ELEC-F,67.0,0.0,0.0,,,0,0,0,0,0,0,141,2026-02-04 16:28:59.327918
NG,2.03,2.01,2.05,800000.0,800000.0,0,0,0,0,0,0,142,2026-02-04 16:29:00.370511
ELEC-day2,20.0,0.0,0.0,,,0,0,0,0,0,0,142,2026-02-04 16:29:00.370511
ELEC-day3,19.57,0.0,0.0,,,0,0,0,0,0,0,142,2026-02-04 16:29:00.370511
ELEC-day4,20.76,0.0,0.0,,,0,0,0,0,0,0,142,2026-02-04 16:29:00.370511
ELEC-day5,20.76,0.0,0.0,,,0,0,0,0,0,0,142,2026-02-04 16:29:00.370511
ELEC-day6,0.0,0.0,0.0,,,0,0,0,0,0,0,142,2026-02-04 16:29:00.370511
ELEC-F,67.0,0.0,0.0,,,0,0,0,0,0,0,142,2026-02-04 16:29:00.370511
NG,2.04,2.02,2.06,800000.0,800000.0,0,0,0,0,0,0,143,2026-02-04 16:29:01.414509
ELEC-day2,20.0,0.0,0.0,,,0,0,0,0,0,0,143,2026-02-04 16:29:01.414509
ELEC-day3,19.57,0.0,0.0,,,0,0,0,0,0,0,143,2026-02-04 16:29:01.414509
ELEC-day4,20.76,0.0,0.0,,,0,0,0,0,0,0,143,2026-02-04 16:29:01.414509
ELEC-day5,20.76,0.0,0.0,,,0,0,0,0,0,0,143,2026-02-04 16:29:01.414509
ELEC-day6,0.0,0.0,0.0,,,0,0,0,0,0,0,143,2026-02-04 16:29:01.414509
ELEC-F,67.0,0.0,0.0,,,0,0,0,0,0,0,143,2026-02-04 16:29:01.414509
NG,2.03,2.01,2.05,800000.0,800000.0,0,0,0,0,0,0,144,2026-02-04 16:29:02.460911
ELEC-day2,20.0,0.0,0.0,,,0,0,0,0,0,0,144,2026-02-04 16:29:02.460911
ELEC-day3,19.57,0.0,0.0,,,0,0,0,0,0,0,144,2026-02-04 16:29:02.460911
ELEC-day4,20.76,0.0,0.0,,,0,0,0,0,0,0,144,2026-02-04 16:29:02.460911
ELEC-day5,20.76,0.0,0.0,,,0,0,0,0,0,0,144,2026-02-04 16:29:02.460911
ELEC-day6,0.0,0.0,0.0,,,0,0,0,0,0,0,144,2026-02-04 16:29:02.460911
ELEC-F,67.0,0.0,0.0,,,0,0,0,0,0,0,144,2026-02-04 16:29:02.460911
NG,2.04,2.02,2.06,800000.0,800000.0,0,0,0,0,0,0,145,2026-02-04 16:29:03.503180
ELEC-day2,20.0,0.0,0.0,,,0,0,0,0,0,0,145,2026-02-04 16:29:03.503180
ELEC-day3,19.57,0.0,0.0,,,0,0,0,0,0,0,145,2026-02-04 16:29:03.503180
ELEC-day4,20.76,0.0,0.0,,,0,0,0,0,0,0,145,2026-02-04 16:29:03.503180
ELEC-day5,20.76,0.0,0.0,,,0,0,0,0,0,0,145,2026-02-04 16:29:03.503180
ELEC-day6,0.0,0.0,0.0,,,0,0,0,0,0,0,145,2026-02-04 16:29:03.503180
ELEC-F,67.0,0.0,0.0,,,0,0,0,0,0,0,145,2026-02-04 16:29:03.503180
NG,2.04,2.02,2.06,800000.0,800000.0,0,0,0,0,0,0,146,2026-02-04 16:29:04.547265
ELEC-day2,20.0,0.0,0.0,,,0,0,0,0,0,0,146,2026-02-04 16:29:04.547265
ELEC-day3,19.57,0.0,0.0,,,0,0,0,0,0,0,146,2026-02-04 16:29:04.547265
ELEC-day4,20.76,0.0,0.0,,,0,0,0,0,0,0,146,2026-02-04 16:29:04.547265
ELEC-day5,20.76,0.0,0.0,,,0,0,0,0,0,0,146,2026-02-04 16:29:04.547265
ELEC-day6,0.0,0.0,0.0,,,0,0,0,0,0,0,146,2026-02-04 16:29:04.547265
ELEC-F,67.0,0.0,0.0,,,0,0,0,0,0,0,146,2026-02-04 16:29:04.547265
NG,2.03,2.01,2.05,800000.0,800000.0,0,0,0,0,0,0,147,2026-02-04 16:29:05.608847
ELEC-day2,20.0,0.0,0.0,,,0,0,0,0,0,0,147,2026-02-04 16:29:05.608847
ELEC-day3,19.57,0.0,0.0,,,0,0,0,0,0,0,147,2026-02-04 16:29:05.608847
ELEC-day4,20.76,0.0,0.0,,,0,0,0,0,0,0,147,2026-02-04 16:29:05.608847
ELEC-day5,20.76,0.0,0.0,,,0,0,0,0,0,0,147,2026-02-04 16:29:05.608847
ELEC-day6,0.0,0.0,0.0,,,0,0,0,0,0,0,147,2026-02-04 16:29:05.608847
ELEC-F,67.0,0.0,0.0,,,0,0,0,0,0,0,147,2026-02-04 16:29:05.608847
NG,2.03,2.01,2.05,800000.0,800000.0,0,0,0,0,0,0,148,2026-02-04 16:29:06.240537
ELEC-day2,20.0,0.0,0.0,,,0,0,0,0,0,0,148,2026-02-04 16:29:06.240537
ELEC-day3,19.57,0.0,0.0,,,0,0,0,0,0,0,148,2026-02-04 16:29:06.240537
ELEC-day4,20.76,0.0,0.0,,,0,0,0,0,0,0,148,2026-02-04 16:29:06.240537
ELEC-day5,20.76,0.0,0.0,,,0,0,0,0,0,0,148,2026-02-04 16:29:06.240537
ELEC-day6,0.0,0.0,0.0,,,0,0,0,0,0,0,148,2026-02-04 16:29:06.240537
ELEC-F,67.0,0.0,0.0,,,0,0,0,0,0,0,148,2026-02-04 16:29:06.240537
NG,2.02,2.0,2.04,800000.0,800000.0,,0,0,0,0,0,149,2026-02-04 16:29:07.431003
ELEC-day2,20.0,0.0,0.0,,,,0,0,0,0,0,149,2026-02-04 16:29:07.431003
ELEC-day3,19.57,0.0,0.0,,,,0,0,0,0,0,149,2026-02-04 16:29:07.431003
ELEC-day4,20.76,0.0,0.0,,,,0,0,0,0,0,149,2026-02-04 16:29:07.431003
ELEC-day5,20.76,0.0,0.0,,,,0,0,0,0,0,149,2026-02-04 16:29:07.431003
ELEC-day6,0.0,0.0,0.0,,,,0,0,0,0,0,149,2026-02-04 16:29:07.431003
ELEC-F,67.0,0.0,80.0,,,10.0,0,0,0,0,0,149,2026-02-04 16:29:07.431003
NG,2.03,2.01,2.05,800000.0,800000.0,,0,0,0,0,0,150,2026-02-04 16:29:08.487140,17.0,5.0,149.0,,PRICE AND VOLUME BULLETIN,"Given the expected supply and demand in the market, the Regulatory Authority for Electricity board expects that the price for tomorrow will be between $13.62 and $22.62.<br><br>There will be 804 contracts available in the entire ELEC market, 402 contracts for buying and 402 contracts for selling. There are a total of 19 Producers, 19 Distributors and 38 Traders in the market.<br><br>Please note that the RAE will charge a bid-ask spread of 1 cent"
ELEC-day2,20.0,0.0,0.0,,,,0,0,0,0,0,150,2026-02-04 16:29:08.487140,,,,,,
ELEC-day3,19.57,0.0,0.0,,,,0,0,0,0,0,150,2026-02-04 16:29:08.487140,,,,,,
ELEC-day4,20.76,0.0,0.0,,,,0,0,0,0,0,150,2026-02-04 16:29:08.487140,,,,,,
ELEC-day5,20.76,0.0,0.0,,,,0,0,0,0,0,150,2026-02-04 16:29:08.487140,,,,,,
ELEC-day6,0.0,0.0,0.0,,,,0,0,0,0,0,150,2026-02-04 16:29:08.487140,,,,,,
ELEC-F,67.0,0.0,80.0,,,30.0,0,0,0,0,0,150,2026-02-04 16:29:08.487140,,,,,,
NG,2.04,2.02,2.06,800000.0,800000.0,,0,0,0,0,0,151,2026-02-04 16:29:09.525729
ELEC-day2,20.0,0.0,0.0,,,,0,0,0,0,0,151,2026-02-04 16:29:09.525729
ELEC-day3,19.57,0.0,0.0,,,,0,0,0,0,0,151,2026-02-04 16:29:09.525729
ELEC-day4,20.76,0.0,0.0,,,,0,0,0,0,0,151,2026-02-04 16:29:09.525729
ELEC-day5,20.76,0.0,0.0,,,,0,0,0,0,0,151,2026-02-04 16:29:09.525729
ELEC-day6,0.0,0.0,0.0,,,,0,0,0,0,0,151,2026-02-04 16:29:09.525729
ELEC-F,67.0,0.0,80.0,,,30.0,0,0,0,0,0,151,2026-02-04 16:29:09.525729
NG,2.03,2.01,2.05,800000.0,800000.0,,0,0,0,0,0,152,2026-02-04 16:29:10.564857
ELEC-day2,20.0,0.0,0.0,,,,0,0,0,0,0,152,2026-02-04 16:29:10.564857
ELEC-day3,19.57,0.0,0.0,,,,0,0,0,0,0,152,2026-02-04 16:29:10.564857
ELEC-day4,20.76,0.0,0.0,,,,0,0,0,0,0,152,2026-02-04 16:29:10.564857
ELEC-day5,20.76,0.0,0.0,,,,0,0,0,0,0,152,2026-02-04 16:29:10.564857
ELEC-day6,0.0,0.0,0.0,,,,0,0,0,0,0,152,2026-02-04 16:29:10.564857
ELEC-F,67.0,0.0,80.0,,,30.0,0,0,0,0,0,152,2026-02-04 16:29:10.564857
NG,2.04,2.02,2.06,800000.0,800000.0,,0,0,0,0,0,153,2026-02-04 16:29:11.608834
ELEC-day2,20.0,0.0,0.0,,,,0,0,0,0,0,153,2026-02-04 16:29:11.608834
ELEC-day3,19.57,0.0,0.0,,,,0,0,0,0,0,153,2026-02-04 16:29:11.608834
ELEC-day4,20.76,0.0,0.0,,,,0,0,0,0,0,153,2026-02-04 16:29:11.608834
ELEC-day5,20.76,0.0,0.0,,,,0,0,0,0,0,153,2026-02-04 16:29:11.608834
ELEC-day6,0.0,0.0,0.0,,,,0,0,0,0,0,153,2026-02-04 16:29:11.608834
ELEC-F,67.0,0.0,80.0,,,30.0,0,0,0,0,0,153,2026-02-04 16:29:11.608834
NG,2.04,2.02,2.06,800000.0,800000.0,,0,0,0,0,0,154,2026-02-04 16:29:12.648648
ELEC-day2,20.0,0.0,0.0,,,,0,0,0,0,0,154,2026-02-04 16:29:12.648648
ELEC-day3,19.57,0.0,0.0,,,,0,0,0,0,0,154,2026-02-04 16:29:12.648648
ELEC-day4,20.76,0.0,0.0,,,,0,0,0,0,0,154,2026-02-04 16:29:12.648648
ELEC-day5,20.76,0.0,0.0,,,,0,0,0,0,0,154,2026-02-04 16:29:12.648648
ELEC-day6,0.0,0.0,0.0,,,,0,0,0,0,0,154,2026-02-04 16:29:12.648648
ELEC-F,67.0,0.0,80.0,,,30.0,0,0,0,0,0,154,2026-02-04 16:29:12.648648
NG,2.04,2.02,2.06,800000.0,800000.0,,0,0,0,0,0,155,2026-02-04 16:29:13.743988
ELEC-day2,20.0,0.0,0.0,,,,0,0,0,0,0,155,2026-02-04 16:29:13.743988
ELEC-day3,19.57,0.0,0.0,,,,0,0,0,0,0,155,2026-02-04 16:29:13.743988
ELEC-day4,20.76,0.0,0.0,,,,0,0,0,0,0,155,2026-02-04 16:29:13.743988
ELEC-day5,20.76,0.0,0.0,,,,0,0,0,0,0,155,2026-02-04 16:29:13.743988
ELEC-day6,0.0,0.0,0.0,,,,0,0,0,0,0,155,2026-02-04 16:29:13.743988
ELEC-F,80.0,0.0,80.0,,,20.0,0,0,0,0,0,155,2026-02-04 16:29:13.743988
NG,2.04,2.02,2.06,800000.0,800000.0,,0,0,0,0,0,156,2026-02-04 16:29:14.347820
ELEC-day2,20.0,0.0,0.0,,,,0,0,0,0,0,156,2026-02-04 16:29:14.347820
ELEC-day3,19.57,0.0,0.0,,,,0,0,0,0,0,156,2026-02-04 16:29:14.347820
ELEC-day4,20.76,0.0,0.0,,,,0,0,0,0,0,156,2026-02-04 16:29:14.347820
ELEC-day5,20.76,0.0,0.0,,,,0,0,0,0,0,156,2026-02-04 16:29:14.347820
ELEC-day6,0.0,0.0,0.0,,,,0,0,0,0,0,156,2026-02-04 16:29:14.347820
ELEC-F,80.0,0.0,80.0,,,20.0,0,0,0,0,0,156,2026-02-04 16:29:14.347820
NG,2.05,2.03,2.07,800000.0,800000.0,0,0,0,0,0,0,157,2026-02-04 16:29:15.404463
ELEC-day2,20.0,0.0,0.0,,,0,0,0,0,0,0,157,2026-02-04 16:29:15.404463
ELEC-day3,19.57,0.0,0.0,,,0,0,0,0,0,0,157,2026-02-04 16:29:15.404463
ELEC-day4,20.76,0.0,0.0,,,0,0,0,0,0,0,157,2026-02-04 16:29:15.404463
ELEC-day5,20.76,0.0,0.0,,,0,0,0,0,0,0,157,2026-02-04 16:29:15.404463
ELEC-day6,0.0,0.0,0.0,,,0,0,0,0,0,0,157,2026-02-04 16:29:15.404463
ELEC-F,80.0,0.0,0.0,,,0,0,0,0,0,0,157,2026-02-04 16:29:15.404463
NG,2.04,2.02,2.06,800000.0,800000.0,0,0,0,0,0,0,158,2026-02-04 16:29:16.434518
ELEC-day2,20.0,0.0,0.0,,,0,0,0,0,0,0,158,2026-02-04 16:29:16.434518
ELEC-day3,19.57,0.0,0.0,,,0,0,0,0,0,0,158,2026-02-04 16:29:16.434518
ELEC-day4,20.76,0.0,0.0,,,0,0,0,0,0,0,158,2026-02-04 16:29:16.434518
ELEC-day5,20.76,0.0,0.0,,,0,0,0,0,0,0,158,2026-02-04 16:29:16.434518
ELEC-day6,0.0,0.0,0.0,,,0,0,0,0,0,0,158,2026-02-04 16:29:16.434518
ELEC-F,80.0,0.0,0.0,,,0,0,0,0,0,0,158,2026-02-04 16:29:16.434518
NG,2.03,2.01,2.05,800000.0,800000.0,0,0,0,0,0,0,159,2026-02-04 16:29:17.490261
ELEC-day2,20.0,0.0,0.0,,,0,0,0,0,0,0,159,2026-02-04 16:29:17.490261
ELEC-day3,19.57,0.0,0.0,,,0,0,0,0,0,0,159,2026-02-04 16:29:17.490261
ELEC-day4,20.76,0.0,0.0,,,0,0,0,0,0,0,159,2026-02-04 16:29:17.490261
ELEC-day5,20.76,0.0,0.0,,,0,0,0,0,0,0,159,2026-02-04 16:29:17.490261
ELEC-day6,0.0,0.0,0.0,,,0,0,0,0,0,0,159,2026-02-04 16:29:17.490261
ELEC-F,80.0,0.0,0.0,,,0,0,0,0,0,0,159,2026-02-04 16:29:17.490261
NG,2.03,2.01,2.05,800000.0,800000.0,0,0,0,0,0,0,160,2026-02-04 16:29:18.525828
ELEC-day2,20.0,0.0,0.0,,,0,0,0,0,0,0,160,2026-02-04 16:29:18.525828
ELEC-day3,19.57,0.0,0.0,,,0,0,0,0,0,0,160,2026-02-04 16:29:18.525828
ELEC-day4,20.76,0.0,0.0,,,0,0,0,0,0,0,160,2026-02-04 16:29:18.525828
ELEC-day5,20.76,0.0,0.0,,,0,0,0,0,0,0,160,2026-02-04 16:29:18.525828
ELEC-day6,0.0,0.0,0.0,,,0,0,0,0,0,0,160,2026-02-04 16:29:18.525828
ELEC-F,80.0,0.0,0.0,,,0,0,0,0,0,0,160,2026-02-04 16:29:18.525828
NG,2.03,2.01,2.05,800000.0,800000.0,0,0,0,0,0,0,161,2026-02-04 16:29:19.555038
ELEC-day2,20.0,0.0,0.0,,,0,0,0,0,0,0,161,2026-02-04 16:29:19.555038
ELEC-day3,19.57,0.0,0.0,,,0,0,0,0,0,0,161,2026-02-04 16:29:19.555038
ELEC-day4,20.76,0.0,0.0,,,0,0,0,0,0,0,161,2026-02-04 16:29:19.555038
ELEC-day5,20.76,0.0,0.0,,,0,0,0,0,0,0,161,2026-02-04 16:29:19.555038
ELEC-day6,0.0,0.0,0.0,,,0,0,0,0,0,0,161,2026-02-04 16:29:19.555038
ELEC-F,80.0,0.0,0.0,,,0,0,0,0,0,0,161,2026-02-04 16:29:19.555038
NG,2.03,2.01,2.05,800000.0,800000.0,0,0,0,0,0,0,162,2026-02-04 16:29:20.602479
ELEC-day2,20.0,0.0,0.0,,,0,0,0,0,0,0,162,2026-02-04 16:29:20.602479
ELEC-day3,19.57,0.0,0.0,,,0,0,0,0,0,0,162,2026-02-04 16:29:20.602479
ELEC-day4,20.76,0.0,0.0,,,0,0,0,0,0,0,162,2026-02-04 16:29:20.602479
ELEC-day5,20.76,0.0,0.0,,,0,0,0,0,0,0,162,2026-02-04 16:29:20.602479
ELEC-day6,0.0,0.0,0.0,,,0,0,0,0,0,0,162,2026-02-04 16:29:20.602479
ELEC-F,80.0,0.0,0.0,,,0,0,0,0,0,0,162,2026-02-04 16:29:20.602479
NG,2.03,2.01,2.05,800000.0,800000.0,0,0,0,0,0,0,163,2026-02-04 16:29:21.783032
ELEC-day2,20.0,0.0,0.0,,,0,0,0,0,0,0,163,2026-02-04 16:29:21.783032
ELEC-day3,19.57,0.0,0.0,,,0,0,0,0,0,0,163,2026-02-04 16:29:21.783032
ELEC-day4,20.76,0.0,0.0,,,0,0,0,0,0,0,163,2026-02-04 16:29:21.783032
ELEC-day5,20.76,0.0,0.0,,,0,0,0,0,0,0,163,2026-02-04 16:29:21.783032
ELEC-day6,0.0,0.0,0.0,,,0,0,0,0,0,0,163,2026-02-04 16:29:21.783032
ELEC-F,80.0,0.0,0.0,,,0,0,0,0,0,0,163,2026-02-04 16:29:21.783032
NG,2.03,2.01,2.05,800000.0,800000.0,0,0,0,0,0,0,164,2026-02-04 16:29:22.441607
ELEC-day2,20.0,0.0,0.0,,,0,0,0,0,0,0,164,2026-02-04 16:29:22.441607
ELEC-day3,19.57,0.0,0.0,,,0,0,0,0,0,0,164,2026-02-04 16:29:22.441607
ELEC-day4,20.76,0.0,0.0,,,0,0,0,0,0,0,164,2026-02-04 16:29:22.441607
ELEC-day5,20.76,0.0,0.0,,,0,0,0,0,0,0,164,2026-02-04 16:29:22.441607
ELEC-day6,0.0,0.0,0.0,,,0,0,0,0,0,0,164,2026-02-04 16:29:22.441607
ELEC-F,80.0,0.0,0.0,,,0,0,0,0,0,0,164,2026-02-04 16:29:22.441607
NG,2.02,2.0,2.04,800000.0,800000.0,0,0,0,0,0,0,165,2026-02-04 16:29:23.518195
ELEC-day2,20.0,0.0,0.0,,,0,0,0,0,0,0,165,2026-02-04 16:29:23.518195
ELEC-day3,19.57,0.0,0.0,,,0,0,0,0,0,0,165,2026-02-04 16:29:23.518195
ELEC-day4,20.76,0.0,0.0,,,0,0,0,0,0,0,165,2026-02-04 16:29:23.518195
ELEC-day5,20.76,0.0,0.0,,,0,0,0,0,0,0,165,2026-02-04 16:29:23.518195
ELEC-day6,0.0,0.0,0.0,,,0,0,0,0,0,0,165,2026-02-04 16:29:23.518195
ELEC-F,80.0,0.0,0.0,,,0,0,0,0,0,0,165,2026-02-04 16:29:23.518195
NG,2.02,2.0,2.04,800000.0,800000.0,0,0,0,0,0,0,166,2026-02-04 16:29:24.580289
ELEC-day2,20.0,0.0,0.0,,,0,0,0,0,0,0,166,2026-02-04 16:29:24.580289
ELEC-day3,19.57,0.0,0.0,,,0,0,0,0,0,0,166,2026-02-04 16:29:24.580289
ELEC-day4,20.76,0.0,0.0,,,0,0,0,0,0,0,166,2026-02-04 16:29:24.580289
ELEC-day5,20.76,0.0,0.0,,,0,0,0,0,0,0,166,2026-02-04 16:29:24.580289
ELEC-day6,0.0,0.0,0.0,,,0,0,0,0,0,0,166,2026-02-04 16:29:24.580289
ELEC-F,80.0,0.0,0.0,,,0,0,0,0,0,0,166,2026-02-04 16:29:24.580289
NG,2.02,2.0,2.04,800000.0,800000.0,0,0,0,0,0,0,167,2026-02-04 16:29:25.622472
ELEC-day2,20.0,0.0,0.0,,,0,0,0,0,0,0,167,2026-02-04 16:29:25.622472
ELEC-day3,19.57,0.0,0.0,,,0,0,0,0,0,0,167,2026-02-04 16:29:25.622472
ELEC-day4,20.76,0.0,0.0,,,0,0,0,0,0,0,167,2026-02-04 16:29:25.622472
ELEC-day5,20.76,0.0,0.0,,,0,0,0,0,0,0,167,2026-02-04 16:29:25.622472
ELEC-day6,0.0,0.0,0.0,,,0,0,0,0,0,0,167,2026-02-04 16:29:25.622472
ELEC-F,80.0,0.0,0.0,,,0,0,0,0,0,0,167,2026-02-04 16:29:25.622472
NG,2.03,2.01,2.05,800000.0,800000.0,0,0,0,0,0,0,168,2026-02-04 16:29:26.671260
ELEC-day2,20.0,0.0,0.0,,,0,0,0,0,0,0,168,2026-02-04 16:29:26.671260
ELEC-day3,19.57,0.0,0.0,,,0,0,0,0,0,0,168,2026-02-04 16:29:26.671260
ELEC-day4,20.76,0.0,0.0,,,0,0,0,0,0,0,168,2026-02-04 16:29:26.671260
ELEC-day5,20.76,0.0,0.0,,,0,0,0,0,0,0,168,2026-02-04 16:29:26.671260
ELEC-day6,0.0,0.0,0.0,,,0,0,0,0,0,0,168,2026-02-04 16:29:26.671260
ELEC-F,80.0,0.0,0.0,,,0,0,0,0,0,0,168,2026-02-04 16:29:26.671260
NG,2.03,2.01,2.05,800000.0,800000.0,0,0,0,0,0,0,169,2026-02-04 16:29:27.301584
ELEC-day2,20.0,0.0,0.0,,,0,0,0,0,0,0,169,2026-02-04 16:29:27.301584
ELEC-day3,19.57,0.0,0.0,,,0,0,0,0,0,0,169,2026-02-04 16:29:27.301584
ELEC-day4,20.76,0.0,0.0,,,0,0,0,0,0,0,169,2026-02-04 16:29:27.301584
ELEC-day5,20.76,0.0,0.0,,,0,0,0,0,0,0,169,2026-02-04 16:29:27.301584
ELEC-day6,0.0,0.0,0.0,,,0,0,0,0,0,0,169,2026-02-04 16:29:27.301584
ELEC-F,80.0,0.0,0.0,,,0,0,0,0,0,0,169,2026-02-04 16:29:27.301584
NG,2.03,2.01,2.05,800000.0,800000.0,0,0,0,0,0,0,170,2026-02-04 16:29:28.468955
ELEC-day2,20.0,0.0,0.0,,,0,0,0,0,0,0,170,2026-02-04 16:29:28.468955
ELEC-day3,19.57,0.0,0.0,,,0,0,0,0,0,0,170,2026-02-04 16:29:28.468955
ELEC-day4,20.76,0.0,0.0,,,0,0,0,0,0,0,170,2026-02-04 16:29:28.468955
ELEC-day5,20.76,0.0,0.0,,,0,0,0,0,0,0,170,2026-02-04 16:29:28.468955
ELEC-day6,0.0,0.0,0.0,,,0,0,0,0,0,0,170,2026-02-04 16:29:28.468955
ELEC-F,80.0,0.0,0.0,,,0,0,0,0,0,0,170,2026-02-04 16:29:28.468955
NG,2.03,2.01,2.05,800000.0,800000.0,0,0,0,0,0,0,171,2026-02-04 16:29:29.511017
ELEC-day2,20.0,0.0,0.0,,,0,0,0,0,0,0,171,2026-02-04 16:29:29.511017
ELEC-day3,19.57,0.0,0.0,,,0,0,0,0,0,0,171,2026-02-04 16:29:29.511017
ELEC-day4,20.76,0.0,0.0,,,0,0,0,0,0,0,171,2026-02-04 16:29:29.511017
ELEC-day5,20.76,0.0,0.0,,,0,0,0,0,0,0,171,2026-02-04 16:29:29.511017
ELEC-day6,0.0,0.0,0.0,,,0,0,0,0,0,0,171,2026-02-04 16:29:29.511017
ELEC-F,80.0,0.0,0.0,,,0,0,0,0,0,0,171,2026-02-04 16:29:29.511017
NG,2.02,2.0,2.04,800000.0,800000.0,0,0,0,0,0,0,172,2026-02-04 16:29:30.549708
ELEC-day2,20.0,0.0,0.0,,,0,0,0,0,0,0,172,2026-02-04 16:29:30.549708
ELEC-day3,19.57,0.0,0.0,,,0,0,0,0,0,0,172,2026-02-04 16:29:30.549708
ELEC-day4,20.76,0.0,0.0,,,0,0,0,0,0,0,172,2026-02-04 16:29:30.549708
ELEC-day5,20.76,0.0,0.0,,,0,0,0,0,0,0,172,2026-02-04 16:29:30.549708
ELEC-day6,0.0,0.0,0.0,,,0,0,0,0,0,0,172,2026-02-04 16:29:30.549708
ELEC-F,80.0,0.0,0.0,,,0,0,0,0,0,0,172,2026-02-04 16:29:30.549708
NG,2.02,2.0,2.04,800000.0,800000.0,0,0,0,0,0,0,173,2026-02-04 16:29:31.597532
ELEC-day2,20.0,0.0,0.0,,,0,0,0,0,0,0,173,2026-02-04 16:29:31.597532
ELEC-day3,19.57,0.0,0.0,,,0,0,0,0,0,0,173,2026-02-04 16:29:31.597532
ELEC-day4,20.76,0.0,0.0,,,0,0,0,0,0,0,173,2026-02-04 16:29:31.597532
ELEC-day5,20.76,0.0,0.0,,,0,0,0,0,0,0,173,2026-02-04 16:29:31.597532
ELEC-day6,0.0,0.0,0.0,,,0,0,0,0,0,0,173,2026-02-04 16:29:31.597532
ELEC-F,80.0,0.0,0.0,,,0,0,0,0,0,0,173,2026-02-04 16:29:31.597532
NG,2.03,2.01,2.05,800000.0,800000.0,0,0,0,0,0,0,174,2026-02-04 16:29:32.632794
ELEC-day2,20.0,0.0,0.0,,,0,0,0,0,0,0,174,2026-02-04 16:29:32.632794
ELEC-day3,19.57,0.0,0.0,,,0,0,0,0,0,0,174,2026-02-04 16:29:32.632794
ELEC-day4,20.76,0.0,0.0,,,0,0,0,0,0,0,174,2026-02-04 16:29:32.632794
ELEC-day5,20.76,0.0,0.0,,,0,0,0,0,0,0,174,2026-02-04 16:29:32.632794
ELEC-day6,0.0,0.0,0.0,,,0,0,0,0,0,0,174,2026-02-04 16:29:32.632794
ELEC-F,80.0,0.0,0.0,,,0,0,0,0,0,0,174,2026-02-04 16:29:32.632794
NG,2.03,2.01,2.05,800000.0,800000.0,0,0,0,0,0,0,175,2026-02-04 16:29:33.682754
ELEC-day2,20.0,0.0,0.0,,,0,0,0,0,0,0,175,2026-02-04 16:29:33.682754
ELEC-day3,19.57,0.0,0.0,,,0,0,0,0,0,0,175,2026-02-04 16:29:33.682754
ELEC-day4,20.76,0.0,0.0,,,0,0,0,0,0,0,175,2026-02-04 16:29:33.682754
ELEC-day5,20.76,0.0,0.0,,,0,0,0,0,0,0,175,2026-02-04 16:29:33.682754
ELEC-day6,0.0,0.0,0.0,,,0,0,0,0,0,0,175,2026-02-04 16:29:33.682754
ELEC-F,80.0,0.0,0.0,,,0,0,0,0,0,0,175,2026-02-04 16:29:33.682754
NG,2.03,2.01,2.05,800000.0,800000.0,0,0,0,0,0,0,176,2026-02-04 16:29:34.722807
ELEC-day2,20.0,0.0,0.0,,,0,0,0,0,0,0,176,2026-02-04 16:29:34.722807
ELEC-day3,19.57,0.0,0.0,,,0,0,0,0,0,0,176,2026-02-04 16:29:34.722807
ELEC-day4,20.76,0.0,0.0,,,0,0,0,0,0,0,176,2026-02-04 16:29:34.722807
ELEC-day5,20.76,0.0,0.0,,,0,0,0,0,0,0,176,2026-02-04 16:29:34.722807
ELEC-day6,0.0,0.0,0.0,,,0,0,0,0,0,0,176,2026-02-04 16:29:34.722807
ELEC-F,80.0,0.0,0.0,,,0,0,0,0,0,0,176,2026-02-04 16:29:34.722807
NG,2.03,2.01,2.05,800000.0,800000.0,0,0,0,0,0,0,177,2026-02-04 16:29:35.839954
ELEC-day2,20.0,0.0,0.0,,,0,0,0,0,0,0,177,2026-02-04 16:29:35.839954
ELEC-day3,19.57,0.0,0.0,,,0,0,0,0,0,0,177,2026-02-04 16:29:35.839954
ELEC-day4,20.76,0.0,0.0,,,0,0,0,0,0,0,177,2026-02-04 16:29:35.839954
ELEC-day5,20.76,0.0,0.0,,,0,0,0,0,0,0,177,2026-02-04 16:29:35.839954
ELEC-day6,0.0,0.0,0.0,,,0,0,0,0,0,0,177,2026-02-04 16:29:35.839954
ELEC-F,80.0,0.0,0.0,,,0,0,0,0,0,0,177,2026-02-04 16:29:35.839954
NG,2.03,2.01,2.05,800000.0,800000.0,0,0,0,0,0,0,178,2026-02-04 16:29:36.430500
ELEC-day2,20.0,0.0,0.0,,,0,0,0,0,0,0,178,2026-02-04 16:29:36.430500
ELEC-day3,19.57,0.0,0.0,,,0,0,0,0,0,0,178,2026-02-04 16:29:36.430500
ELEC-day4,20.76,0.0,0.0,,,0,0,0,0,0,0,178,2026-02-04 16:29:36.430500
ELEC-day5,20.76,0.0,0.0,,,0,0,0,0,0,0,178,2026-02-04 16:29:36.430500
ELEC-day6,0.0,0.0,0.0,,,0,0,0,0,0,0,178,2026-02-04 16:29:36.430500
ELEC-F,80.0,0.0,0.0,,,0,0,0,0,0,0,178,2026-02-04 16:29:36.430500
NG,2.04,2.02,2.06,800000.0,800000.0,0,0,0,0,0,0,179,2026-02-04 16:29:37.498562
ELEC-day2,20.0,0.0,0.0,,,0,0,0,0,0,0,179,2026-02-04 16:29:37.498562
ELEC-day3,19.57,0.0,0.0,,,0,0,0,0,0,0,179,2026-02-04 16:29:37.498562
ELEC-day4,20.76,0.0,0.0,,,0,0,0,0,0,0,179,2026-02-04 16:29:37.498562
ELEC-day5,20.76,0.0,0.0,,,0,0,0,0,0,0,179,2026-02-04 16:29:37.498562
ELEC-day6,0.0,0.0,0.0,,,0,0,0,0,0,0,179,2026-02-04 16:29:37.498562
ELEC-F,80.0,0.0,0.0,,,0,0,0,0,0,0,179,2026-02-04 16:29:37.498562
NG,2.05,2.03,2.07,800000.0,800000.0,0,0,0,0,0,0,180,2026-02-04 16:29:38.628466
ELEC-day2,20.0,0.0,0.0,,,0,0,0,0,0,0,180,2026-02-04 16:29:38.628466
ELEC-day3,19.57,0.0,0.0,,,0,0,0,0,0,0,180,2026-02-04 16:29:38.628466
ELEC-day4,20.76,0.0,0.0,,,0,0,0,0,0,0,180,2026-02-04 16:29:38.628466
ELEC-day5,20.76,0.0,0.0,,,0,0,0,0,0,0,180,2026-02-04 16:29:38.628466
ELEC-day6,0.0,0.0,0.0,,,0,0,0,0,0,0,180,2026-02-04 16:29:38.628466
ELEC-F,80.0,0.0,0.0,,,0,0,0,0,0,0,180,2026-02-04 16:29:38.628466
